FECHA,HORA,ACO,AJM,ATI,BJU,CAM,CCA,CHO,CUA,CUT,FAC,FAR,HGM,INN,IZT,LLA,LPR,MER,MGH,MON,MPA,NEZ,PED,SAG,SAC,SFE,SJA,TAH,TLA,TLI,UAX,UIZ,VIF,XAL
01/01/2026,1,-99,0.74,0.7,1.07,-99,1.12,-99,1.05,0.8,0.72,-99,0.93,0.46,-99,-99,-99,1.05,0.75,-99,-99,1.8,1.06,0.8,2.35,-99,-99,-99,1.15,0.89,0.75,0.94,2.17,1.66
01/01/2026,2,-99,0.55,0.78,1.03,-99,0.97,-99,0.95,0.96,0.71,-99,0.96,0.26,-99,-99,-99,1.31,0.67,-99,-99,1.43,0.6,1.47,2.72,-99,-99,-99,0.96,1.46,1.06,1.19,2.39,1.24
01/01/2026,3,-99,0.34,0.64,1.34,-99,0.75,-99,0.99,0.78,0.82,-99,1.18,0.16,-99,-99,-99,1.63,0.81,-99,-99,1.37,0.44,1.63,2.62,-99,-99,-99,0.72,1.39,1.26,1.48,2.78,1.46
01/01/2026,4,-99,0.23,0.62,1.26,-99,0.69,-99,1.04,0.78,0.74,-99,1.98,0.14,-99,-99,-99,1.43,1.25,-99,-99,1.43,0.36,1.43,2.77,-99,-99,-99,0.7,1.49,1.34,1.2,3.69,2.14
01/01/2026,5,-99,0.16,0.66,0.99,-99,0.69,-99,0.77,0.62,0.82,-99,1.5,0.1,-99,-99,-99,1.22,1.16,-99,-99,2.52,0.27,1.29,2.33,-99,-99,-99,0.53,2.04,1.45,1.58,2.67,1.89
01/01/2026,6,-99,0.16,0.61,1.55,-99,0.81,-99,0.81,0.55,0.8,-99,1.1,0.1,-99,-99,-99,1.37,1.46,-99,-99,2.43,0.34,1.15,2.18,-99,-99,-99,0.53,2.06,1.18,1.49,2.45,1.9
01/01/2026,7,-99,0.14,0.46,1.58,1.32,1.08,-99,0.54,0.52,0.69,-99,1.32,0.07,-99,-99,-99,1.5,1.39,-99,-99,1.74,0.66,1.16,3.26,-99,-99,-99,0.44,1.98,1.32,1.79,2.43,1.89
01/01/2026,8,-99,0.11,0.56,1.38,1.27,0.82,-99,0.52,0.55,0.79,-99,1.53,0.07,-99,-99,-99,1.83,1.83,-99,-99,1.61,0.61,1.12,2.82,-99,-99,-99,0.45,1.72,1.29,1.64,2.01,1.87
01/01/2026,9,-99,-99,0.58,1.36,1.05,0.82,-99,0.35,0.37,0.86,-99,1.62,0.09,-99,-99,-99,1.82,1.38,-99,-99,1.59,0.9,1.22,3.11,-99,-99,-99,0.54,1.76,1.06,1.72,1.96,1.73
01/01/2026,10,-99,0.78,0.88,1.45,1.04,1.12,-99,0.16,0.52,0.76,-99,1.82,0.13,-99,-99,-99,1.42,1.31,-99,-99,1.67,0.75,1.39,2.15,-99,-99,-99,0.72,1.7,0.96,1.26,1.7,1.74
01/01/2026,11,-99,0.52,0.92,1.31,1.12,0.91,-99,0.24,0.64,0.73,-99,1.25,0.14,-99,-99,-99,1.13,1.05,-99,-99,1.07,0.61,1.26,1.21,-99,-99,-99,0.82,1.1,0.66,0.96,1.15,1.37
01/01/2026,12,-99,0.44,0.46,0.6,0.58,0.66,-99,0.27,0.43,0.43,-99,0.59,0.19,-99,-99,-99,0.64,0.71,-99,-99,0.54,0.49,0.77,0.56,-99,-99,-99,0.51,0.3,0.43,0.38,0.53,1.05
01/01/2026,13,-99,0.39,0.39,0.29,0.27,0.35,-99,0.3,0.22,0.27,-99,0.3,0.22,-99,-99,-99,0.54,0.29,-99,-99,0.37,0.3,0.29,0.29,-99,-99,-99,0.26,0.22,0.16,0.22,0.31,0.62
01/01/2026,14,-99,0.35,0.4,0.22,0.23,0.29,-99,0.26,0.08,0.26,-99,0.2,0.27,-99,-99,-99,0.55,0.22,-99,-99,0.35,0.17,0.28,0.32,-99,-99,-99,0.22,0.17,0.21,0.3,0.26,0.34
01/01/2026,15,-99,0.27,0.27,0.23,0.26,0.25,-99,0.26,0.14,0.26,-99,0.23,0.32,-99,-99,-99,0.35,0.22,-99,-99,0.27,0.13,0.3,0.3,-99,-99,-99,0.19,0.1,0.23,0.27,0.29,0.21
01/01/2026,16,-99,0.25,0.33,0.22,0.2,0.25,-99,0.26,0.18,0.24,-99,0.23,0.32,-99,-99,-99,0.32,0.22,-99,-99,0.23,0.11,0.29,0.28,-99,-99,-99,0.15,0.14,0.22,0.18,0.26,0.25
01/01/2026,17,-99,0.25,0.38,0.19,0.21,0.24,-99,0.26,0.21,0.28,-99,0.19,0.36,-99,-99,-99,0.32,0.19,-99,-99,0.24,0.08,0.34,0.27,-99,-99,-99,0.24,0.09,0.18,0.13,0.28,0.36
01/01/2026,18,-99,0.26,0.48,0.21,0.28,0.22,-99,0.32,0.3,0.37,-99,0.24,0.4,-99,-99,-99,0.38,0.31,-99,-99,0.37,0.1,0.39,0.35,-99,-99,-99,0.3,0.15,0.19,0.18,0.39,0.43
01/01/2026,19,-99,0.37,0.53,0.51,0.43,0.28,-99,0.54,0.5,0.39,-99,0.48,0.49,-99,-99,-99,0.58,0.39,-99,-99,0.74,0.31,0.65,0.73,-99,-99,-99,0.38,0.25,0.38,0.38,0.59,0.4
01/01/2026,20,-99,0.33,0.63,0.54,0.65,0.53,-99,0.55,0.54,0.48,-99,0.56,0.3,-99,-99,-99,1,0.41,-99,-99,1.3,0.52,0.67,0.76,-99,-99,-99,0.53,0.4,0.87,0.87,0.79,0.28
01/01/2026,21,-99,0.23,0.49,0.61,0.76,0.54,-99,0.63,0.8,0.42,-99,0.66,0.26,-99,-99,-99,0.79,0.5,-99,-99,1,0.52,0.74,0.93,-99,-99,-99,0.68,0.57,1.01,1.15,0.87,0.47
01/01/2026,22,-99,0.31,0.53,0.7,0.78,0.6,-99,0.52,0.47,0.51,-99,0.78,0.23,-99,-99,-99,0.72,0.51,-99,-99,0.79,0.51,0.61,0.84,-99,-99,-99,0.66,0.45,1.14,0.61,1.01,0.88
01/01/2026,23,-99,0.23,0.48,0.65,0.69,0.56,-99,0.53,0.54,0.53,-99,0.74,0.2,-99,-99,-99,0.9,0.5,-99,-99,1.01,0.39,1,1.47,-99,-99,-99,0.59,0.61,1.55,0.82,1.37,0.77
01/01/2026,24,-99,0.16,0.29,0.63,0.77,0.37,-99,0.63,0.36,0.42,-99,0.69,0.13,-99,-99,-99,1.08,0.31,-99,-99,1.33,0.22,0.92,1.73,-99,-99,-99,0.6,0.68,1.51,0.8,1.24,0.73
02/01/2026,1,-99,0.15,0.25,0.62,0.53,0.26,-99,0.46,0.27,0.29,-99,0.57,0.13,-99,-99,-99,0.92,0.22,-99,-99,1.34,0.12,0.91,1.33,-99,-99,-99,0.28,0.48,1.11,1.07,1,1.02
02/01/2026,2,-99,0.1,0.25,0.65,0.51,0.28,-99,0.44,0.18,0.26,-99,0.65,0.1,-99,-99,-99,0.86,0.35,-99,-99,1.35,0.09,1.04,0.93,-99,-99,-99,0.23,0.4,0.78,1.51,0.74,1.12
02/01/2026,3,-99,0.08,0.22,0.5,0.31,0.33,-99,0.37,0.11,0.33,-99,0.52,0.09,-99,-99,-99,0.78,0.44,-99,-99,1.31,0.06,0.57,0.68,-99,-99,-99,0.19,0.29,0.81,1.33,0.68,1.12
02/01/2026,4,-99,0.08,0.18,0.79,0.33,0.38,-99,0.31,0.07,0.29,-99,0.67,0.08,-99,-99,-99,1.06,0.34,-99,-99,1,0.22,0.48,0.64,-99,-99,-99,0.17,0.33,0.56,0.86,0.77,1.08
02/01/2026,5,-99,0.05,0.22,0.65,0.48,0.37,-99,0.25,0.08,0.19,-99,0.74,0.04,-99,-99,-99,1.14,0.25,-99,-99,0.9,0.06,0.55,0.7,-99,-99,-99,0.21,0.48,0.73,0.71,0.83,1.36
02/01/2026,6,-99,0.04,0.38,0.75,0.63,0.25,-99,0.3,0.14,0.3,-99,0.76,0.04,-99,-99,-99,1.59,0.61,-99,-99,1.06,0.11,0.63,0.97,-99,-99,-99,0.36,0.68,0.47,0.45,1.22,1.24
02/01/2026,7,-99,0.03,0.75,0.97,0.89,0.37,-99,0.51,0.22,0.66,-99,1.01,0.02,-99,-99,-99,2.14,1.06,-99,-99,1.84,0.29,0.73,1.6,-99,-99,-99,0.66,0.96,0.6,1.07,1.29,1.32
02/01/2026,8,-99,0.05,1.4,1.02,2.07,0.59,-99,1,0.59,1.01,-99,1.05,0.02,-99,-99,-99,2.37,1.64,-99,-99,1.54,0.9,1.4,1.87,-99,-99,-99,0.93,1.01,0.7,1.27,1.53,2.07
02/01/2026,9,-99,0.29,1.27,0.97,-99,1.1,-99,0.77,0.82,0.87,-99,-99,0.06,-99,-99,-99,-99,1.23,-99,-99,-99,1.11,-99,-99,-99,-99,-99,1.7,1.37,0.84,1.77,1.16,-99
02/01/2026,10,-99,0.7,1.17,1.05,1.32,0.97,-99,0.42,1.16,1.41,-99,2.05,0.12,-99,-99,-99,-99,1.34,-99,-99,0.9,0.65,0.97,2.28,-99,-99,-99,0.94,1.3,0.53,1.35,1.5,1.41
02/01/2026,11,-99,0.51,0.88,1.29,1.27,0.83,-99,0.35,1.03,1.27,-99,1.67,0.09,-99,-99,-99,-99,1.01,-99,-99,1.06,0.64,0.73,1.49,-99,-99,-99,0.85,0.91,0.29,1.35,0.96,1.31
02/01/2026,12,-99,0.38,0.71,1.15,0.76,0.49,-99,0.31,0.49,0.73,-99,0.95,0.12,-99,-99,-99,1.21,0.71,-99,-99,0.82,0.37,0.48,0.7,-99,-99,-99,0.62,0.5,0.19,0.67,0.56,0.83
02/01/2026,13,-99,0.21,0.39,0.39,0.57,0.35,-99,0.34,0.24,0.37,-99,0.49,0.17,-99,-99,-99,0.81,0.4,-99,-99,0.38,0.17,0.27,0.29,-99,-99,-99,0.33,0.14,0.2,0.21,0.35,0.56
02/01/2026,14,-99,0.27,0.35,0.33,0.35,0.36,-99,0.42,0.18,0.39,-99,0.41,0.21,-99,-99,-99,0.88,0.36,-99,-99,0.24,0.29,0.14,0.11,-99,-99,-99,0.28,0.13,0.17,0.14,0.23,0.41
02/01/2026,15,-99,0.34,0.38,0.34,0.24,0.37,-99,0.45,0.22,0.28,-99,0.39,0.22,-99,-99,-99,0.73,0.31,-99,-99,0.4,0.27,0.19,0.16,-99,-99,-99,0.37,0.11,0.21,0.28,0.21,0.49
02/01/2026,16,-99,0.39,0.4,0.31,0.26,0.4,-99,0.47,0.2,0.31,-99,0.39,0.16,-99,-99,-99,0.77,0.27,-99,-99,0.38,0.28,0.25,0.26,-99,-99,-99,0.28,0.1,0.28,0.31,0.2,0.47
02/01/2026,17,-99,0.4,0.43,0.34,0.29,0.37,-99,0.53,0.23,0.47,-99,0.41,0.15,-99,-99,-99,0.78,0.29,-99,-99,0.44,0.29,0.26,0.24,-99,-99,-99,0.46,0.08,0.31,0.37,0.2,0.52
02/01/2026,18,-99,0.44,0.54,0.39,0.38,0.41,-99,0.57,0.44,0.65,-99,0.49,0.21,-99,-99,-99,0.8,0.37,-99,-99,0.6,0.37,0.39,0.36,-99,-99,-99,0.46,0.22,0.33,0.44,0.27,0.66
02/01/2026,19,-99,0.37,1.04,1.2,1.56,0.72,-99,1.25,1.09,1.33,-99,1.39,0.22,-99,-99,-99,1.26,1.01,-99,-99,0.71,0.79,0.98,0.46,-99,-99,-99,1.05,0.89,0.5,0.55,1.07,1.05
02/01/2026,20,-99,0.39,0.7,1.13,1.7,0.86,-99,0.74,1.04,1.31,-99,1.22,0.27,-99,-99,-99,1.46,0.93,-99,-99,0.81,0.66,0.87,0.53,-99,-99,-99,1.53,1.34,0.44,0.66,1.29,1.13
02/01/2026,21,-99,0.5,0.8,1.37,1.82,0.8,-99,0.57,1.2,1.77,-99,1.42,0.28,-99,-99,-99,1.45,0.56,-99,-99,0.94,0.76,0.75,0.48,-99,-99,-99,1.29,1.41,0.59,1.13,1.43,1.11
02/01/2026,22,-99,0.55,0.81,1.29,1.76,1,-99,0.52,1.04,1.15,-99,1.4,0.23,-99,-99,-99,1.48,0.45,-99,-99,0.97,0.72,0.64,0.47,-99,-99,-99,1.11,1.15,0.85,1.06,1.96,1.14
02/01/2026,23,-99,0.54,0.62,1.53,1.45,1.01,-99,0.48,0.92,0.88,-99,1.83,0.19,-99,-99,-99,2.34,0.54,-99,-99,1.17,0.74,1.14,0.69,-99,-99,-99,1.08,0.95,0.95,1.4,1.14,1.91
02/01/2026,24,-99,0.23,0.42,1.83,1.5,0.83,-99,0.51,0.43,0.6,-99,1.53,0.19,-99,-99,-99,1.83,0.44,-99,-99,1.89,0.45,1.05,2.26,-99,-99,-99,1.16,1.06,1.34,0.83,1.47,2.62
03/01/2026,1,-99,0.17,0.35,1.88,1.52,0.55,-99,0.37,0.25,0.49,-99,1.6,0.2,-99,-99,-99,1.81,0.38,-99,-99,1.56,0.31,1.16,1.7,-99,-99,-99,0.81,1.21,1.68,1.29,1.44,2.65
03/01/2026,2,-99,0.22,0.35,1.72,1.04,0.62,-99,0.28,0.22,0.51,-99,1.17,0.17,-99,-99,-99,1.37,0.77,-99,-99,1.32,0.26,1.24,1.72,-99,-99,-99,0.58,0.55,1.35,1.16,1.55,1.23
03/01/2026,3,-99,0.18,0.37,1.28,0.64,0.61,-99,0.32,0.18,0.45,-99,1.72,0.18,-99,-99,-99,1.36,1.06,-99,-99,1.02,0.15,0.64,1.78,-99,-99,-99,0.39,0.42,1.17,0.91,1.77,1.54
03/01/2026,4,-99,0.15,0.3,0.99,0.76,0.48,-99,0.3,0.16,0.41,-99,1.45,0.14,-99,-99,-99,1.46,0.86,-99,-99,1.09,0.13,0.39,1.47,-99,-99,-99,0.34,0.58,0.92,0.98,1.51,1.29
03/01/2026,5,-99,0.11,0.29,1.06,0.69,0.4,-99,0.38,0.16,0.4,-99,1.37,0.1,-99,-99,-99,1.57,0.94,-99,-99,1.52,0.17,0.51,1.88,-99,-99,-99,0.36,0.42,0.82,1.18,1.29,1.29
03/01/2026,6,-99,0.09,0.41,0.87,0.82,0.55,-99,0.3,0.17,0.42,-99,1.24,0.08,-99,-99,-99,2.08,0.92,-99,-99,1.99,0.3,0.59,1.39,-99,-99,-99,0.48,0.82,1.08,0.86,1.35,2.05
03/01/2026,7,-99,0.08,0.83,0.92,1.07,0.5,-99,0.39,0.25,0.55,-99,1.01,0.07,-99,-99,-99,2.02,1.09,-99,-99,1.76,0.47,0.99,2.27,-99,-99,-99,0.76,1,0.98,0.85,1.46,2.27
03/01/2026,8,-99,0.27,1.43,1.28,1.11,0.53,-99,1.01,0.68,0.95,-99,1.45,0.06,-99,-99,-99,2.51,1.33,-99,-99,1.16,0.86,1.39,2.66,-99,-99,-99,0.9,1.32,1.2,1.59,1.42,2.35
03/01/2026,9,-99,0.55,0.88,1.52,1.49,1.03,-99,0.94,1.01,1.11,-99,2.43,-99,-99,-99,-99,1.8,1.58,-99,-99,1.63,0.76,1.39,3.08,-99,-99,-99,0.91,1.29,0.97,1.92,1.64,2.4
03/01/2026,10,-99,0.68,1.09,1.3,1.35,1.2,-99,0.71,1.27,1.36,-99,2.27,0.16,-99,-99,-99,1.87,1.58,-99,-99,1.47,0.78,1.01,2.03,-99,-99,-99,1.11,1.53,0.6,1.93,1.28,2.18
03/01/2026,11,-99,0.47,1.03,1.13,0.98,1.01,-99,0.37,1.23,1.08,-99,1.71,0.12,-99,-99,-99,1.82,1.18,-99,-99,1.26,0.79,0.93,1.24,-99,-99,-99,1.09,1.37,0.65,1.47,0.86,1.78
03/01/2026,12,-99,0.42,0.63,1.04,0.53,0.63,-99,0.4,0.6,0.59,-99,1.12,0.11,-99,-99,-99,1.26,0.63,-99,-99,0.79,0.58,0.68,0.76,-99,-99,-99,0.64,0.42,0.42,0.63,0.65,1.22
03/01/2026,13,-99,0.25,0.47,0.68,0.49,0.49,-99,0.34,0.33,0.47,-99,0.76,0.14,-99,-99,-99,1.08,0.36,-99,-99,0.54,0.41,0.25,0.4,-99,-99,-99,0.5,0.27,0.39,0.32,0.33,0.75
03/01/2026,14,-99,0.23,0.37,0.48,0.41,0.32,-99,0.38,0.22,0.27,-99,0.61,0.15,-99,-99,-99,1,0.28,-99,-99,0.38,0.23,0.26,0.21,-99,-99,-99,0.33,0.21,0.3,0.16,0.29,0.35
03/01/2026,15,-99,0.2,0.36,0.37,0.51,0.27,-99,0.38,0.21,0.29,-99,0.56,0.19,-99,-99,-99,0.91,0.33,-99,-99,0.32,0.25,0.23,0.19,-99,-99,-99,0.29,0.14,0.33,0.1,0.25,0.28
03/01/2026,16,-99,0.25,0.4,0.42,0.37,0.34,-99,0.39,0.23,0.37,-99,0.43,0.22,-99,-99,-99,0.79,0.37,-99,-99,0.29,0.23,0.3,0.23,-99,-99,-99,0.37,0.13,0.36,0.15,0.28,0.27
03/01/2026,17,-99,0.3,0.41,0.32,0.31,0.32,-99,0.44,0.25,0.35,-99,0.36,0.21,-99,-99,-99,0.87,0.27,-99,-99,0.36,0.27,0.27,0.28,-99,-99,-99,0.39,0.1,0.31,0.17,0.28,0.32
03/01/2026,18,-99,0.34,0.44,0.31,0.4,0.25,-99,0.55,0.42,0.32,-99,0.39,0.26,-99,-99,-99,0.99,0.33,-99,-99,0.49,0.25,0.33,0.37,-99,-99,-99,0.61,0.16,0.26,0.28,0.3,0.33
03/01/2026,19,-99,0.32,0.56,0.55,0.58,0.46,-99,0.88,0.46,0.47,-99,0.55,0.29,-99,-99,-99,0.89,0.47,-99,-99,0.47,0.6,0.39,0.4,-99,-99,-99,0.43,0.24,0.46,0.31,0.36,0.49
03/01/2026,20,-99,0.37,0.54,0.39,0.37,0.34,-99,0.71,0.45,0.42,-99,0.49,0.25,-99,-99,-99,0.68,0.39,-99,-99,0.54,0.43,0.45,0.66,-99,-99,-99,0.37,0.27,0.3,0.23,0.41,0.53
03/01/2026,21,-99,0.46,0.58,0.38,0.46,0.32,-99,0.71,0.59,0.35,-99,0.43,0.2,-99,-99,-99,0.77,0.38,-99,-99,0.54,0.36,0.41,0.53,-99,-99,-99,0.47,0.44,0.28,0.25,0.5,0.5
03/01/2026,22,-99,0.44,0.59,0.51,0.67,0.44,-99,0.58,0.59,0.38,-99,0.53,0.21,-99,-99,-99,0.94,0.39,-99,-99,0.61,0.56,0.5,0.53,-99,-99,-99,0.49,0.48,0.42,0.41,0.66,0.57
03/01/2026,23,-99,0.24,0.71,0.61,0.52,0.61,-99,0.64,-99,0.36,-99,0.67,0.2,-99,-99,-99,0.95,0.4,-99,-99,0.82,0.53,0.48,0.92,-99,-99,-99,0.44,0.48,0.71,0.58,0.45,0.42
03/01/2026,24,-99,0.18,0.58,0.45,0.47,0.54,-99,0.62,0.88,0.33,-99,0.57,0.15,-99,-99,-99,0.85,0.3,-99,-99,1.05,0.4,0.37,1.1,-99,-99,-99,0.49,0.72,0.63,0.5,0.59,0.35
04/01/2026,1,-99,0.18,0.33,0.36,0.52,0.43,-99,0.43,0.74,0.24,-99,0.52,0.16,-99,-99,-99,0.88,0.29,-99,-99,0.8,0.28,0.3,0.9,-99,-99,-99,0.33,0.55,0.43,0.47,0.4,0.52
04/01/2026,2,-99,0.16,0.3,0.33,0.37,0.38,-99,0.4,0.62,0.19,-99,0.41,0.11,-99,-99,-99,0.72,0.26,-99,-99,0.67,0.29,0.22,0.84,-99,-99,-99,0.29,0.59,0.81,0.36,0.44,0.75
04/01/2026,3,-99,0.16,0.24,0.3,0.39,0.41,-99,0.51,0.55,0.26,-99,0.42,0.14,-99,-99,-99,0.71,0.18,-99,-99,0.67,0.27,0.14,0.58,-99,-99,-99,0.34,0.42,0.39,0.36,0.83,0.86
04/01/2026,4,-99,0.15,0.22,0.29,0.4,0.27,-99,0.56,0.42,0.28,-99,0.43,0.13,-99,-99,-99,0.8,0.25,-99,-99,0.44,0.18,0.23,0.44,-99,-99,-99,0.38,0.52,0.6,0.61,0.79,0.9
04/01/2026,5,-99,0.13,0.26,0.38,0.42,0.27,-99,0.41,0.41,0.3,-99,0.53,0.11,-99,-99,-99,1.15,0.46,-99,-99,0.4,0.22,0.37,0.53,-99,-99,-99,0.33,0.46,0.51,0.56,0.88,0.74
04/01/2026,6,-99,0.11,0.32,0.71,0.44,0.27,-99,0.39,0.42,0.3,-99,0.73,0.09,-99,-99,-99,0.95,0.76,-99,-99,0.74,0.35,0.51,0.68,-99,-99,-99,0.21,0.4,0.41,0.61,0.69,0.85
04/01/2026,7,-99,0.13,0.43,0.65,0.58,0.29,-99,0.57,0.46,0.55,-99,0.69,0.09,-99,-99,-99,1.22,0.93,-99,-99,1,0.52,0.53,1.13,-99,-99,-99,0.33,0.6,0.64,0.92,0.99,1.36
04/01/2026,8,-99,0.15,0.64,0.84,1.06,0.48,-99,0.79,0.6,0.92,-99,1.26,0.07,-99,-99,-99,1.66,1.04,-99,-99,1.19,0.65,0.99,1.52,-99,-99,-99,0.75,0.74,0.8,1.19,-99,1.34
04/01/2026,9,-99,0.41,1.07,0.95,0.76,0.75,-99,1.24,0.97,1.06,-99,1.16,0.09,-99,-99,-99,1.33,1.27,-99,-99,1.44,0.81,0.96,1.51,-99,-99,-99,0.64,1.28,0.71,1.12,-99,1.41
04/01/2026,10,-99,0.36,0.73,0.88,0.71,0.85,-99,0.98,1.31,1.05,-99,0.98,0.09,-99,-99,-99,1.19,1.03,-99,-99,0.96,0.52,0.64,1.41,-99,-99,-99,0.75,0.92,0.55,0.94,0.4,1.31
04/01/2026,11,-99,0.48,0.57,0.61,0.57,0.58,-99,0.58,0.94,0.74,-99,0.9,0.14,-99,-99,-99,1.1,0.72,-99,-99,0.72,0.41,0.51,1.16,-99,-99,-99,0.54,0.61,0.8,0.47,0.51,1.05
04/01/2026,12,-99,0.4,0.56,0.6,0.59,0.56,-99,0.54,0.99,0.52,-99,0.86,0.23,-99,-99,-99,1.07,0.61,-99,-99,0.61,0.44,0.4,0.63,-99,-99,-99,0.59,0.49,0.6,0.35,0.3,0.62
04/01/2026,13,-99,0.24,0.47,0.41,0.51,0.38,-99,0.43,0.63,0.34,-99,0.46,0.23,-99,-99,-99,0.75,0.46,-99,-99,0.42,0.26,0.23,0.28,-99,-99,-99,0.46,0.27,0.36,0.23,0.09,0.45
04/01/2026,14,-99,0.22,0.37,0.33,0.37,0.28,-99,0.43,0.57,0.35,-99,0.39,0.25,-99,-99,-99,0.74,0.31,-99,-99,0.28,0.24,0.21,0.17,-99,-99,-99,0.32,0.2,0.22,0.16,0,0.47
04/01/2026,15,-99,0.22,0.23,0.3,0.31,0.3,-99,0.43,0.49,0.34,-99,0.46,0.25,-99,-99,-99,0.81,0.32,-99,-99,0.23,0.26,0.22,0.21,-99,-99,-99,0.27,0.15,0.19,0.13,0,0.39
04/01/2026,16,-99,0.2,0.25,0.3,0.34,0.28,-99,0.45,0.48,0.35,-99,0.48,0.27,-99,-99,-99,0.73,0.38,-99,-99,0.32,0.22,0.3,0.22,-99,-99,-99,0.28,0.15,0.22,0.14,0,0.36
04/01/2026,17,-99,0.25,0.04,0.38,0.41,0.3,-99,0.42,0.55,0.32,-99,0.5,0.3,-99,-99,-99,0.67,0.38,-99,-99,0.31,0.22,0.29,0.22,-99,-99,-99,0.27,0.19,0.24,0.16,0.03,0.38
04/01/2026,18,-99,0.34,0.1,0.44,0.5,0.34,-99,0.62,0.62,0.64,-99,0.53,0.33,-99,-99,-99,0.7,0.55,-99,-99,0.31,0.25,0.38,0.31,-99,-99,-99,0.37,0.28,0.3,0.18,0.07,0.52
04/01/2026,19,-99,0.37,0.85,0.95,1.21,0.64,-99,1.23,1.41,1.36,-99,1.23,0.36,-99,-99,-99,1.41,1.39,-99,-99,0.58,0.57,1.21,0.56,-99,-99,-99,1.22,0.75,0.58,0.56,0.77,0.71
04/01/2026,20,-99,0.34,-99,1.35,2.11,0.77,-99,1.87,1.5,1.75,-99,1.88,0.41,-99,-99,-99,1.57,1.4,-99,-99,0.71,0.56,1.28,0.61,-99,-99,-99,1.36,1.37,0.93,0.83,1.34,1.61
04/01/2026,21,-99,0.38,-99,1.59,1.57,0.66,-99,0.65,1.51,1.49,-99,2.15,0.43,-99,-99,-99,1.77,1.21,-99,-99,0.75,0.62,0.83,0.56,-99,-99,-99,1.21,0.83,0.81,1.04,1.47,1.36
04/01/2026,22,-99,0.56,-99,1.29,1.71,0.74,-99,0.63,1.29,0.99,-99,1.87,0.3,-99,-99,-99,2.49,0.65,-99,-99,1.14,0.84,0.92,1.2,-99,-99,-99,0.94,1.1,1.02,1.37,1.84,1.13
04/01/2026,23,-99,0.4,-99,1.49,1.79,1.01,-99,0.61,1.15,0.7,-99,1.42,0.22,-99,-99,-99,2.39,0.54,-99,-99,1.65,0.68,1.12,2.16,-99,-99,-99,1.1,1.27,1.33,1.18,2.33,1.96
04/01/2026,24,-99,0.31,-99,2.04,1.66,0.79,-99,0.45,0.68,0.53,-99,1.03,0.22,-99,-99,-99,2.68,0.74,-99,-99,1.6,0.44,1.38,2.12,-99,-99,-99,0.97,0.8,1.69,1.11,1.38,2.8
05/01/2026,1,-99,0.32,-99,1.82,1.46,0.57,-99,0.61,0.6,0.73,-99,1.37,0.27,-99,-99,-99,2.23,1.41,-99,-99,1.93,0.34,1.15,1.83,-99,-99,-99,0.8,0.89,1.33,1.65,1.39,2.62
05/01/2026,2,-99,0.25,-99,1.84,1.29,0.51,-99,0.56,0.57,0.63,-99,1.42,0.22,-99,-99,-99,2.07,0.5,-99,-99,2,0.39,1.01,2.46,-99,-99,-99,0.58,0.61,1.14,1.35,0.9,1.83
05/01/2026,3,-99,0.25,-99,1.23,0.73,0.54,-99,0.44,0.47,0.36,-99,1.04,0.2,-99,-99,-99,2.09,0.64,-99,-99,1.83,0.27,1.13,2.09,-99,-99,-99,0.34,0.48,1.09,1.58,0.93,1.63
05/01/2026,4,-99,0.19,-99,1.06,0.4,0.46,-99,0.42,0.43,0.28,-99,0.69,0.16,-99,-99,-99,2.16,0.65,-99,-99,1.17,0.29,0.57,1.36,-99,-99,-99,0.26,0.5,1.09,0.95,0.97,1.41
05/01/2026,5,-99,0.16,-99,0.97,0.54,0.35,-99,0.42,0.42,0.31,-99,1.35,0.14,-99,-99,-99,1.23,0.59,-99,-99,0.85,0.21,0.6,1.77,-99,-99,-99,0.21,0.55,0.89,1.05,0.8,1.94
05/01/2026,6,-99,0.15,-99,1.17,0.71,0.36,-99,0.63,0.49,0.48,-99,1.32,0.16,-99,-99,-99,1.4,1.02,-99,-99,0.96,0.21,0.81,2.04,-99,-99,-99,0.56,0.56,0.91,1.36,1.48,2.66
05/01/2026,7,-99,0.14,-99,1.4,1.52,0.64,-99,1.05,0.67,1.21,-99,1.42,0.1,-99,-99,-99,1.85,1.43,-99,-99,1.5,0.58,0.86,2.28,-99,-99,-99,1.46,1.57,1.04,1.16,2.27,2.75
05/01/2026,8,-99,0.14,-99,1.43,2.63,1.16,-99,1.31,0.83,2.06,-99,1.56,0.07,-99,-99,-99,2.18,2.56,-99,-99,2.56,1.68,1.19,2.55,-99,-99,-99,1.42,1.91,1.09,2.19,2.42,2.57
05/01/2026,9,-99,0.41,-99,1.37,2.3,1.72,-99,1.31,0.99,1.57,-99,1.8,0.11,-99,-99,-99,2.32,1.79,-99,-99,4.04,1.58,1.3,2.78,-99,-99,-99,1.69,2.08,1.1,1.6,2.31,2.68
05/01/2026,10,-99,0.87,-99,-99,2.21,1.4,-99,-99,2.12,1.95,-99,1.7,0.18,-99,-99,-99,-99,1.53,-99,-99,2.91,1,1.15,2.62,-99,-99,-99,1.5,1.97,0.71,1.26,1.51,2.24
05/01/2026,11,-99,0.86,-99,-99,1.85,0.87,-99,-99,2.18,1.63,-99,1.52,0.16,-99,-99,-99,-99,1.1,-99,-99,2.64,0.78,1.23,1.75,-99,-99,-99,1.16,2.09,0.78,1,1.1,1.59
05/01/2026,12,-99,0.41,-99,-99,1.16,0.58,-99,-99,1.46,0.83,-99,1.08,0.23,-99,-99,-99,-99,0.75,-99,-99,1.68,0.4,0.94,0.94,-99,-99,-99,0.84,0.91,0.46,0.74,0.61,1.16
05/01/2026,13,-99,0.33,-99,0.56,0.72,0.43,-99,0.42,0.71,0.5,-99,0.71,0.3,-99,-99,-99,-99,0.47,-99,-99,0.48,0.27,0.43,0.49,-99,-99,-99,0.46,0.32,-99,0.41,0.21,0.69
05/01/2026,14,-99,0.39,-99,0.53,0.65,0.49,-99,0.56,0.55,0.54,-99,0.65,0.33,-99,-99,-99,0.82,0.5,-99,-99,0.32,0.35,0.33,0.27,-99,-99,-99,0.48,0.27,-99,0.26,0.11,-99
05/01/2026,15,-99,0.41,-99,0.49,0.57,0.49,-99,0.65,0.53,0.54,-99,0.58,0.35,-99,-99,-99,0.64,0.63,-99,-99,0.35,0.38,0.31,0.28,-99,-99,-99,0.5,0.24,-99,0.32,0.13,0.56
05/01/2026,16,-99,0.48,-99,0.48,0.55,0.5,-99,0.68,0.63,0.67,-99,0.58,0.36,-99,-99,-99,0.81,0.51,-99,-99,0.4,0.37,0.37,0.32,-99,-99,-99,0.57,0.27,-99,0.36,0.16,0.53
05/01/2026,17,-99,0.48,-99,0.47,-99,0.44,-99,0.77,0.6,0.78,-99,0.54,0.43,-99,-99,-99,0.77,0.53,-99,-99,0.42,0.39,0.36,0.35,-99,-99,-99,0.49,0.33,-99,0.37,0.26,0.52
05/01/2026,18,-99,0.53,-99,0.56,-99,0.57,-99,0.82,0.72,1.05,-99,0.7,0.56,-99,-99,-99,0.87,0.58,-99,-99,0.47,0.52,0.61,0.4,-99,-99,-99,0.59,0.33,-99,0.43,0.39,0.76
05/01/2026,19,-99,0.51,-99,1.53,-99,0.81,-99,1.66,2.04,1.72,-99,1.38,0.48,-99,-99,-99,2.02,0.83,-99,-99,0.86,0.9,1.6,0.62,-99,-99,-99,2.04,0.87,-99,0.9,1.37,1.97
05/01/2026,20,-99,0.48,-99,1.66,-99,1.18,-99,1.21,1.37,2.53,-99,2.59,0.45,-99,-99,-99,2.15,1.59,-99,-99,0.98,0.89,1.06,0.64,-99,-99,-99,1.67,1.65,-99,1.46,2.12,2.05
05/01/2026,21,-99,0.53,-99,1.62,-99,1.15,-99,0.73,1.58,2.48,-99,2.38,0.46,-99,-99,-99,1.78,2,-99,-99,1,0.97,1.05,0.57,-99,-99,-99,2.19,1.4,-99,1.54,1.52,1.49
05/01/2026,22,-99,0.82,-99,2.29,-99,1.15,-99,1.01,1.58,2.04,-99,2.83,0.4,-99,-99,-99,2.5,1.15,-99,-99,1.34,1.16,1.72,1.5,-99,-99,-99,1.58,1.72,-99,1.85,1.49,2.75
05/01/2026,23,-99,0.66,-99,2.9,-99,1.2,-99,1.13,1.43,1.16,-99,1.88,0.35,-99,-99,-99,2.62,0.71,-99,-99,1.44,1.01,1.57,2.44,-99,-99,-99,1.35,1.46,-99,1.15,1.16,3.78
05/01/2026,24,-99,0.54,-99,3.08,-99,1.03,-99,1.23,1.01,0.83,-99,1.37,0.34,-99,-99,-99,1.6,0.77,-99,-99,2.08,0.77,1.57,3.49,-99,-99,-99,0.88,0.87,-99,1.64,1.31,2.64
06/01/2026,1,-99,-99,-99,2.1,-99,-99,-99,-99,0.83,-99,-99,-99,-99,-99,-99,2.14,-99,-99,-99,-99,-99,-99,-99,-99,-99,-99,-99,-99,-99,-99,-99,-99,-99
06/01/2026,2,-99,-99,-99,1.64,-99,-99,-99,-99,0.64,-99,-99,-99,-99,-99,-99,2.11,-99,-99,-99,-99,-99,-99,-99,-99,-99,-99,-99,-99,-99,-99,-99,-99,-99
06/01/2026,3,-99,-99,-99,1.35,-99,-99,-99,-99,0.53,-99,-99,-99,-99,-99,-99,2.85,-99,-99,-99,-99,-99,-99,-99,-99,-99,-99,-99,-99,-99,-99,-99,-99,-99
06/01/2026,4,-99,0.21,-99,1.45,-99,0.91,-99,0.57,0.49,0.36,-99,0.94,0.16,-99,-99,2.67,1.08,0.46,-99,-99,1.03,0.27,0.67,2.13,-99,-99,-99,0.32,-99,-99,1.45,-99,1.49
06/01/2026,5,-99,0.13,-99,1.42,-99,0.82,-99,0.5,0.48,0.37,-99,1.47,0.12,-99,-99,2.02,1.11,0.85,-99,-99,1.17,0.34,0.55,2.53,-99,-99,-99,0.31,-99,-99,1.39,-99,1.24
06/01/2026,6,-99,0.17,-99,1.3,-99,0.49,-99,0.43,0.61,0.58,-99,1.5,0.13,-99,-99,2.05,1.59,1.25,-99,-99,1.81,0.6,0.68,2.46,-99,-99,-99,0.66,-99,-99,1.7,-99,2.68
06/01/2026,7,-99,0.17,-99,1.49,-99,0.85,-99,0.77,0.7,0.89,-99,1.94,0.14,-99,-99,2.11,1.91,1.97,-99,-99,2.1,0.61,1.1,3.21,-99,-99,-99,1.06,-99,-99,1.73,-99,4.6
06/01/2026,8,-99,0.16,-99,2.01,-99,1.12,-99,0.91,0.83,1.8,-99,2.11,0.14,-99,-99,2.21,2.83,2.02,-99,-99,2.03,1.49,1.31,3.72,-99,-99,-99,1.64,-99,-99,2.32,-99,2.8
06/01/2026,9,-99,0.43,-99,2.02,-99,1.65,-99,0.87,1.47,1.83,-99,2.53,0.18,-99,-99,3.62,3,1.92,-99,-99,2.16,1.47,1.55,4.31,-99,-99,-99,1.7,-99,-99,2.22,-99,2.65
06/01/2026,10,-99,1,-99,1.51,-99,1.47,-99,0.49,2.47,2.14,-99,2.38,0.22,-99,-99,3.42,2.52,2.2,-99,-99,2.08,1.28,1.18,3.11,-99,-99,-99,1.08,-99,-99,2,-99,2.62
06/01/2026,11,-99,0.67,-99,1.42,-99,1.14,-99,0.43,2.1,1.34,-99,1.96,0.23,-99,-99,1.8,2.06,1.48,-99,-99,1.47,1.05,1.56,2.03,-99,-99,-99,0.87,-99,-99,2.21,-99,2.32
06/01/2026,12,-99,0.3,-99,0.94,-99,0.55,-99,0.34,1.29,0.55,-99,0.91,0.25,-99,-99,1.13,1.24,0.48,-99,-99,0.85,0.41,0.78,0.97,-99,-99,-99,0.59,-99,-99,0.8,-99,1.27
06/01/2026,13,-99,0.34,-99,0.47,-99,0.44,-99,0.43,0.48,0.45,-99,0.43,0.28,-99,-99,0.89,0.81,0.43,-99,-99,0.5,0.35,0.32,0.38,-99,-99,-99,0.41,-99,-99,0.33,-99,0.42
06/01/2026,14,-99,0.43,-99,0.55,-99,0.37,-99,0.47,0.49,0.43,-99,0.38,0.28,-99,-99,0.61,0.72,0.5,-99,-99,0.37,0.32,0.31,0.31,-99,-99,-99,0.4,-99,-99,0.29,-99,0.4
06/01/2026,15,-99,0.41,-99,0.56,-99,0.39,-99,0.52,0.56,0.44,-99,0.4,0.28,-99,-99,0.8,0.75,0.48,-99,-99,0.39,0.32,0.31,0.28,-99,-99,-99,0.47,-99,-99,0.3,0.1,0.43
06/01/2026,16,-99,0.39,-99,0.55,-99,0.43,-99,0.58,0.49,0.42,-99,-99,0.29,-99,-99,0.83,0.71,0.44,-99,-99,0.4,0.36,0.28,0.28,-99,-99,-99,0.4,-99,-99,0.37,0.12,0.42
06/01/2026,17,-99,0.48,-99,0.51,-99,0.43,-99,0.58,0.53,0.37,-99,0.45,0.38,-99,-99,0.96,0.74,0.42,-99,-99,0.53,0.33,0.34,0.38,-99,-99,-99,0.4,-99,-99,0.43,0.15,0.43
06/01/2026,18,-99,0.49,-99,0.52,-99,0.38,-99,0.61,0.63,0.33,-99,0.53,0.39,-99,-99,1.36,0.8,0.49,-99,-99,0.69,0.43,0.5,0.62,-99,-99,-99,0.46,-99,-99,0.49,0.28,0.39
06/01/2026,19,-99,0.48,-99,0.91,-99,0.72,-99,1.04,1.07,1.41,-99,0.87,0.42,-99,-99,1.17,1.33,0.69,-99,-99,1.03,0.86,0.68,1.21,-99,-99,-99,0.96,-99,1.07,1.13,0.5,0.57
06/01/2026,20,-99,0.49,-99,0.97,-99,0.8,-99,0.96,0.89,0.81,-99,0.65,0.35,-99,-99,0.45,0.59,0.8,-99,-99,0.73,0.9,0.54,0.67,-99,-99,-99,0.63,-99,0.87,0.36,0.3,0.72
06/01/2026,21,-99,0.64,-99,0.47,-99,0.38,-99,0.85,0.8,0.48,-99,0.42,0.35,-99,-99,0.42,0.66,0.61,-99,-99,0.67,1.16,0.64,0.7,-99,-99,-99,0.55,-99,0.59,0.29,0.45,0.67
06/01/2026,22,-99,0.55,-99,0.54,-99,0.78,-99,0.6,0.88,0.49,-99,0.61,0.31,-99,-99,0.76,0.78,0.68,-99,-99,0.73,1.19,0.58,0.72,-99,-99,-99,0.56,-99,0.68,0.52,0.85,0.42
06/01/2026,23,-99,0.31,-99,0.71,-99,0.77,-99,0.65,1.14,0.45,-99,0.8,0.22,-99,-99,0.96,0.97,0.48,-99,-99,1.01,0.65,0.67,1.33,-99,-99,-99,0.71,-99,1.26,0.77,1.03,0.94
06/01/2026,24,-99,0.3,-99,0.92,-99,0.5,-99,0.52,0.7,0.5,-99,0.95,0.17,-99,-99,0.88,0.92,0.41,-99,-99,1.23,0.37,0.8,1.49,-99,-99,-99,0.69,-99,1.87,0.84,1.47,1.19
07/01/2026,1,-99,0.25,-99,1.03,-99,0.39,-99,0.48,0.45,0.4,-99,0.83,0.15,-99,-99,1.18,0.91,0.31,-99,-99,1.29,0.25,0.64,1.57,-99,-99,-99,0.76,-99,1.91,1.03,1.16,1.81
07/01/2026,2,-99,0.17,-99,0.97,-99,0.31,-99,0.28,0.38,0.26,-99,0.7,0.14,-99,-99,1.13,0.76,0.37,-99,-99,1.15,0.15,0.77,1.09,-99,-99,-99,0.4,-99,1.08,1.34,1.14,1.48
07/01/2026,3,-99,0.17,-99,0.72,-99,0.34,-99,0.35,0.34,0.33,-99,0.72,0.18,-99,-99,1.11,0.97,0.79,-99,-99,0.77,0.12,0.6,1.39,-99,-99,-99,0.3,-99,1.08,1.71,0.81,1.24
07/01/2026,4,-99,0.13,-99,0.78,-99,0.28,-99,0.35,0.31,0.25,-99,0.96,0.17,-99,-99,1.29,1.39,0.66,-99,-99,0.72,0.1,0.59,0.86,-99,-99,-99,0.2,-99,0.66,1.07,0.63,1.23
07/01/2026,5,-99,0.11,-99,0.82,-99,0.37,-99,0.35,0.32,0.26,-99,0.97,0.12,-99,-99,1.19,0.86,0.41,-99,-99,0.7,0.16,0.57,0.91,-99,-99,-99,0.21,-99,0.76,0.87,0.96,1.3
07/01/2026,6,-99,0.12,-99,0.86,-99,0.3,-99,0.42,0.38,0.36,-99,0.68,0.08,-99,-99,1.07,1.12,0.61,-99,-99,1.1,0.18,0.68,1.06,-99,-99,-99,0.51,-99,0.88,0.94,1.06,1.25
07/01/2026,7,-99,0.13,-99,1.2,-99,0.4,-99,0.69,0.59,0.97,-99,1.19,0.05,-99,-99,1.64,1.79,1.34,-99,-99,2.21,0.4,1.07,2.13,-99,-99,-99,1.42,-99,1.02,1.31,2.31,2.42
07/01/2026,8,-99,0.19,-99,1.64,-99,0.95,-99,0.89,0.69,1.74,-99,1.69,0.03,-99,-99,2.5,2.86,1.57,-99,-99,3.07,1.21,1.31,2.61,-99,-99,-99,1.74,-99,1.12,1.92,2.31,3.56
07/01/2026,9,-99,0.36,-99,1.61,-99,1.51,-99,0.5,1.13,1.86,-99,1.93,0.12,-99,-99,3.86,2.26,1.2,-99,-99,1.97,1.2,1.64,2.28,-99,-99,-99,2.22,-99,1.16,2.05,1.66,2.75
07/01/2026,10,-99,0.75,-99,1.45,-99,1.44,-99,-99,1.68,1.32,-99,1.94,0.18,-99,-99,2.92,1.93,1.51,-99,-99,2.31,1.08,1.34,2.01,-99,-99,-99,1.49,-99,0.83,1.6,1.47,1.77
07/01/2026,11,-99,0.98,-99,1.52,-99,0.94,-99,0.4,2.04,1.09,-99,1.97,0.17,-99,-99,2.15,1.9,1.61,-99,-99,1.4,1.14,0.75,1.49,-99,-99,-99,1.11,-99,0.84,1.34,0.84,1.62
07/01/2026,12,-99,0.78,-99,1.57,-99,0.84,-99,0.46,1.29,0.79,-99,1.96,0.21,-99,-99,1.78,1.55,1.3,-99,-99,1.1,0.73,0.82,0.95,-99,-99,-99,0.89,-99,0.78,1.1,0.51,1.47
07/01/2026,13,-99,0.64,-99,1.04,-99,0.79,-99,0.54,0.63,0.5,-99,0.89,0.25,-99,-99,1.79,1,0.83,-99,-99,0.57,0.6,0.41,0.83,-99,-99,-99,0.84,-99,0.77,0.77,0.31,-99
07/01/2026,14,-99,0.75,-99,0.83,-99,0.88,-99,0.61,0.52,0.49,-99,0.89,0.2,-99,-99,1.25,0.83,0.65,-99,-99,0.47,0.83,0.4,0.67,-99,-99,-99,0.62,-99,0.86,0.42,0.25,-99
07/01/2026,15,-99,0.87,-99,0.85,-99,0.73,-99,0.66,0.51,0.51,-99,0.91,0.17,-99,-99,1.14,1.01,0.72,-99,-99,0.6,0.68,0.49,0.62,-99,-99,-99,0.5,-99,0.77,0.49,0.21,-99
07/01/2026,16,-99,0.84,-99,0.79,-99,0.66,-99,0.73,0.45,0.54,-99,0.94,0.12,-99,-99,1.23,1.12,0.88,-99,-99,0.68,0.57,0.56,0.63,-99,-99,-99,0.57,-99,0.68,0.55,0.23,-99
07/01/2026,17,-99,0.78,-99,0.72,-99,0.54,-99,0.9,0.44,0.61,-99,0.78,0.13,-99,-99,1.23,0.85,0.84,-99,-99,0.55,0.56,0.69,0.46,-99,-99,-99,0.56,-99,0.53,0.4,0.21,-99
07/01/2026,18,-99,0.23,-99,0.74,-99,0.31,-99,0.48,0.66,0.62,-99,0.78,0.12,-99,-99,1.32,0.83,0.84,-99,-99,0.6,0.3,0.93,0.38,-99,-99,-99,0.58,-99,0.32,0.32,0.35,-99
07/01/2026,19,-99,0.28,-99,0.72,-99,0.3,-99,0.69,1.84,0.97,-99,0.85,0.13,-99,-99,1.14,0.81,0.84,-99,-99,0.69,0.6,0.97,0.52,-99,-99,-99,1.02,-99,0.46,0.45,1.47,-99
07/01/2026,20,-99,0.2,-99,1.33,-99,0.46,-99,0.65,1.52,1.37,-99,1.07,0.17,-99,-99,1.23,1.13,1.82,-99,-99,0.88,0.54,1.06,0.61,-99,-99,-99,1.15,-99,0.66,0.76,1.06,-99
07/01/2026,21,-99,0.12,-99,1.78,-99,0.69,-99,0.78,1.28,1.42,-99,1.29,0.29,-99,-99,2.23,2.15,1.1,-99,-99,0.93,0.73,1.13,0.51,-99,-99,-99,1.75,-99,1.24,1.27,1.29,-99
07/01/2026,22,-99,0.16,-99,2.55,-99,0.72,-99,0.67,1.04,0.75,-99,2.13,0.28,-99,-99,3.08,2.66,0.89,-99,-99,1.26,0.6,0.9,1.32,-99,-99,-99,1.52,-99,1.78,1.45,1.34,-99
07/01/2026,23,-99,0.25,-99,2.9,-99,0.63,-99,0.52,0.83,1.26,-99,2.72,0.21,-99,-99,2.27,3.54,1.06,-99,-99,1.24,0.37,1.3,1.36,-99,-99,-99,1.02,-99,1.94,1.79,2.13,-99
07/01/2026,24,-99,0.29,-99,2.89,-99,0.62,-99,0.35,0.69,0.98,-99,1.77,0.15,-99,-99,1.62,2.86,1.42,-99,-99,2.57,0.25,1.78,1.27,-99,-99,-99,0.93,-99,2.08,1.9,1.81,-99
08/01/2026,1,-99,0.36,-99,1.34,-99,0.65,-99,0.31,0.65,0.79,-99,1.67,0.18,-99,-99,1.46,2.9,1.17,-99,-99,2.96,0.19,1.73,1.37,-99,-99,-99,0.76,-99,1.67,0.94,1.91,-99
08/01/2026,2,-99,0.31,-99,1.14,-99,0.41,-99,0.31,0.52,0.51,-99,1.52,0.15,-99,-99,1.67,3.02,0.9,-99,-99,2.79,0.17,1.37,1.32,-99,-99,-99,0.57,-99,1.21,0.53,2.04,-99
08/01/2026,3,-99,0.24,-99,1.17,-99,0.59,-99,0.33,0.45,0.44,-99,1.15,0.18,-99,-99,1.57,2.13,1.02,-99,-99,2.41,0.2,0.87,1.5,-99,-99,-99,0.4,-99,0.81,0.53,1.41,-99
08/01/2026,4,-99,0.23,-99,0.82,-99,0.85,-99,0.53,0.45,0.4,-99,0.63,0.2,-99,-99,1.6,1.08,0.43,-99,-99,1.53,0.3,0.84,1.77,-99,-99,-99,0.63,-99,0.64,0.49,0.65,-99
08/01/2026,5,-99,0.2,-99,0.8,-99,0.61,-99,0.43,0.46,0.41,-99,0.7,0.19,-99,-99,1.53,0.96,0.58,-99,-99,1.55,0.34,0.71,1.14,-99,-99,-99,0.35,-99,0.59,0.69,1.1,-99
08/01/2026,6,-99,0.2,-99,0.8,-99,0.36,-99,0.47,0.48,0.57,-99,0.81,0.15,-99,-99,2.11,0.96,0.91,-99,-99,1.23,0.42,1.07,1.5,-99,-99,-99,0.63,-99,0.98,0.56,1.07,-99
08/01/2026,7,-99,0.24,-99,1.02,-99,0.63,-99,0.74,0.82,1.36,-99,1.08,0.12,-99,-99,2.27,1.49,1.47,-99,-99,1.79,0.54,1.18,1.92,-99,-99,-99,1.22,-99,1.01,0.98,1.7,-99
08/01/2026,8,-99,0.27,-99,1.24,-99,1.36,-99,1.31,1.03,2.32,-99,1.06,0.09,-99,-99,2.91,2.66,2.27,-99,-99,2.96,1.26,1.62,3.02,-99,-99,-99,1.93,-99,1.07,1.85,2.08,-99
08/01/2026,9,-99,0.62,-99,1.26,-99,1.85,-99,1.1,1.3,2.1,-99,1.07,0.12,-99,-99,3.08,2.32,1.79,-99,-99,2.95,1.58,1.18,2.71,-99,-99,-99,2.8,-99,1.11,1.91,2.13,-99
08/01/2026,10,-99,0.94,-99,1.16,-99,1.25,-99,0.74,1.65,2.02,-99,1.13,0.2,-99,-99,2.6,1.56,2.08,-99,-99,2.92,1.21,1.48,1.92,-99,-99,-99,1.2,-99,0.92,1.11,1.99,-99
08/01/2026,11,-99,0.86,-99,1.16,-99,1.04,-99,0.65,1.99,1.63,-99,1.37,0.28,-99,-99,2.21,1.74,1.54,-99,-99,1.75,1,1.48,2.02,-99,-99,-99,1.13,-99,0.95,1.82,1.84,-99
08/01/2026,12,-99,0.55,-99,1.02,-99,0.94,-99,0.79,1.27,0.85,-99,1.14,0.23,-99,-99,1.48,1.41,0.69,-99,-99,0.99,0.53,0.86,1.16,-99,-99,-99,0.8,-99,0.88,-99,0.94,-99
08/01/2026,13,-99,0.47,-99,1.06,-99,0.66,-99,0.76,0.91,0.86,-99,0.84,0.24,-99,-99,1.15,0.66,0.72,-99,-99,0.63,0.62,0.41,0.66,-99,-99,-99,0.67,-99,0.79,-99,0.73,-99
08/01/2026,14,-99,0.53,-99,0.92,-99,0.75,-99,0.83,1,0.95,-99,0.75,0.21,-99,-99,0.84,0.76,0.91,-99,-99,0.68,0.53,0.35,0.64,-99,-99,-99,0.66,-99,0.82,-99,0.62,-99
08/01/2026,15,-99,0.54,-99,0.75,-99,0.59,-99,0.9,0.99,1,-99,0.73,0.17,-99,-99,0.84,0.97,0.84,-99,-99,0.64,0.56,0.42,0.35,-99,-99,-99,0.65,-99,0.48,0.44,0.58,-99
08/01/2026,16,-99,0.53,-99,0.51,-99,0.45,-99,0.93,0.88,1.03,-99,0.63,0.17,-99,-99,0.73,0.66,0.66,-99,-99,0.36,0.43,0.46,0.18,-99,-99,-99,0.6,-99,0.35,0.3,0.51,-99
08/01/2026,17,-99,0.24,-99,0.4,-99,0.26,-99,0.6,0.77,0.9,-99,0.38,0.17,-99,-99,0.72,0.53,0.47,-99,-99,0.32,0.26,0.45,0.24,-99,-99,-99,0.61,-99,0.32,0.22,0.82,-99
08/01/2026,18,-99,0.17,-99,0.39,-99,0.17,-99,0.45,0.89,0.84,-99,0.57,0.18,-99,-99,0.7,0.63,0.41,-99,-99,0.43,0.14,0.54,0.31,-99,-99,-99,0.81,-99,0.38,0.25,1.04,-99
08/01/2026,19,-99,0.13,-99,1.08,-99,0.3,-99,0.71,1,0.88,-99,0.91,0.18,-99,-99,0.99,0.9,0.54,-99,-99,0.58,0.43,0.69,0.39,-99,-99,-99,0.76,-99,0.6,0.41,1.05,-99
08/01/2026,20,-99,0.42,-99,0.97,-99,0.5,-99,0.76,0.96,1.76,-99,0.94,0.18,-99,-99,1.1,1.39,1.33,-99,-99,0.76,0.4,0.99,0.41,-99,-99,-99,1.05,-99,0.89,0.81,1,-99
08/01/2026,21,-99,0.29,-99,1.13,-99,0.84,-99,0.54,1.43,1.29,-99,1.06,0.13,-99,-99,1.52,1.55,1.29,-99,-99,0.67,0.55,1.27,0.47,-99,-99,-99,1.36,-99,0.86,0.47,1.31,-99
08/01/2026,22,-99,0.15,-99,1.14,-99,0.93,-99,0.45,1.18,1.79,-99,1.11,0.12,-99,-99,1.72,1.43,1.2,-99,-99,0.61,0.38,1.27,0.3,-99,-99,-99,1.49,-99,0.79,0.64,2.35,-99
08/01/2026,23,-99,0.15,-99,0.9,-99,1.14,-99,0.72,0.89,1.82,-99,1,0.06,-99,-99,1.61,1.6,1.02,-99,-99,0.81,0.73,1.42,1.82,-99,-99,-99,1.72,-99,0.94,0.75,1.81,-99
08/01/2026,24,-99,0.17,-99,1.03,-99,1.16,-99,0.71,0.89,1.85,-99,0.88,0.02,-99,-99,1.7,1.46,1.3,-99,-99,1.33,0.61,1.19,2.56,-99,-99,-99,1.7,-99,1.28,0.76,2.15,-99
09/01/2026,1,-99,0.24,-99,1.51,-99,0.95,-99,0.53,0.77,1.51,-99,1.25,0.04,-99,-99,1.49,1.5,1.3,-99,-99,1.02,0.33,1.23,1.61,-99,-99,-99,1.37,-99,1.66,1.31,2.67,-99
09/01/2026,2,-99,0.26,-99,1.67,-99,0.88,-99,0.58,0.65,0.87,-99,1.72,0.05,-99,-99,1.25,1.35,1.22,-99,-99,1.77,0.24,0.95,1.58,-99,-99,-99,1.61,-99,1.99,0.92,2,-99
09/01/2026,3,-99,0.19,-99,1.48,-99,0.72,-99,0.64,0.52,0.69,-99,1.55,0.09,-99,-99,1.71,1.58,0.81,-99,-99,1.66,0.22,0.82,2.11,-99,-99,-99,1.48,-99,1.97,0.96,1.8,-99
09/01/2026,4,-99,0.19,-99,1.23,-99,0.54,-99,0.71,0.63,0.59,-99,1.27,0.13,-99,-99,1.7,1.85,0.44,-99,-99,1.48,0.13,1.07,1.76,-99,-99,-99,1.05,-99,1.16,0.82,1.76,-99
09/01/2026,5,-99,0.19,-99,0.91,-99,0.4,-99,0.45,0.48,0.49,-99,0.77,0.09,-99,-99,1.03,1.75,0.7,-99,-99,1.53,0.19,0.83,1.35,-99,-99,-99,0.64,-99,0.79,0.53,1.69,-99
09/01/2026,6,-99,0.19,-99,0.83,-99,0.46,-99,0.52,0.47,0.59,-99,0.78,0.06,-99,-99,1.6,1.46,1.18,-99,-99,1.7,0.34,1.08,1.58,-99,-99,-99,1,-99,0.98,0.68,1.73,-99
09/01/2026,7,-99,0.24,-99,1.09,-99,0.65,-99,0.74,0.58,1.59,-99,0.85,0.11,-99,-99,2.3,1.67,1.83,-99,-99,1.48,1.01,0.99,2.24,-99,-99,-99,1.16,-99,1.2,1.26,1.78,-99
09/01/2026,8,-99,0.45,-99,1.47,-99,0.92,-99,1.06,1.36,2.14,-99,1.58,0.14,-99,-99,3.53,2.12,2.46,-99,-99,2.53,0.87,1.64,3.14,-99,-99,-99,2.56,-99,1.27,3,1.96,-99
09/01/2026,9,-99,0.81,-99,1.57,-99,1.38,-99,1.87,2.02,3.28,-99,2.35,0.14,-99,-99,3.4,1.96,1.9,-99,-99,3.44,1.21,1.98,3.63,-99,-99,-99,2.12,-99,1.3,2.3,1.9,-99
09/01/2026,10,-99,0.85,-99,0.91,-99,1.02,-99,1.19,2.21,2.65,-99,1.08,0.22,-99,-99,2.29,2.17,1.18,-99,-99,2.73,0.94,1.01,1.76,-99,-99,-99,2.04,-99,0.75,1.46,2.24,-99
09/01/2026,11,-99,0.74,-99,0.84,-99,0.69,-99,0.6,2.18,1.4,-99,0.97,0.07,-99,-99,1.75,1.6,0.85,-99,-99,1.35,0.59,0.95,0.77,-99,-99,-99,1.39,-99,0.55,0.71,2.13,-99
09/01/2026,12,-99,0.4,-99,0.63,-99,0.54,-99,0.62,1.63,1.09,-99,0.68,0.1,-99,-99,1.18,0.86,0.63,-99,-99,0.62,0.38,0.98,0.63,-99,-99,-99,0.87,-99,0.53,0.36,1.7,-99
09/01/2026,13,-99,0.44,-99,0.49,-99,0.3,-99,0.6,-99,0.66,-99,0.54,0.1,-99,-99,0.87,0.73,0.4,-99,-99,0.56,0.24,0.66,0.72,-99,-99,-99,0.71,-99,0.44,0.37,0.76,-99
09/01/2026,14,-99,0.42,-99,0.5,-99,0.34,-99,0.63,1.67,0.64,-99,0.45,0.07,-99,-99,0.75,0.77,0.44,-99,-99,0.53,0.25,0.41,0.41,-99,-99,-99,0.57,-99,0.46,-99,0.45,-99
09/01/2026,15,-99,0.4,-99,0.56,-99,0.4,-99,0.55,1.17,0.7,-99,0.45,0.08,-99,-99,0.76,0.74,0.45,-99,-99,0.39,0.29,0.47,0.22,-99,-99,-99,0.58,-99,0.34,0.28,0.68,-99
09/01/2026,16,-99,0.25,-99,0.51,-99,0.24,-99,0.52,1,0.62,-99,0.44,0.09,-99,-99,0.84,0.62,0.4,-99,-99,0.26,0.2,0.39,0.22,-99,-99,-99,0.49,-99,0.28,0.2,0.47,-99
09/01/2026,17,-99,0.1,-99,0.36,-99,0.04,-99,0.44,0.76,0.64,-99,0.44,0.14,-99,-99,0.65,0.49,0.27,-99,-99,0.31,0,0.46,0.24,-99,-99,-99,0.44,-99,0.24,0.28,0.46,-99
09/01/2026,18,-99,0.12,-99,0.52,-99,0.06,-99,0.38,0.73,0.74,-99,0.58,0.14,-99,-99,0.66,0.52,0.55,-99,-99,0.41,0.03,0.47,0.27,-99,-99,-99,0.44,-99,0.5,0.26,0.43,-99
09/01/2026,19,-99,0.15,-99,0.8,-99,0.57,-99,0.55,1.04,1.72,-99,0.9,0.16,-99,-99,0.59,0.82,0.98,-99,-99,0.5,0.31,0.63,0.43,-99,-99,-99,0.61,-99,0.63,0.35,0.89,-99
09/01/2026,20,-99,0.26,-99,0.92,-99,0.7,-99,0.55,0.96,2.19,-99,1.32,0.24,-99,-99,1.44,1.3,1.05,-99,-99,0.61,0.67,0.93,0.44,-99,-99,-99,0.82,-99,0.79,0.76,1.08,-99
09/01/2026,21,-99,0.54,-99,1.2,-99,0.94,-99,0.68,1.03,1.57,-99,1.44,0.21,-99,-99,0.88,1.46,0.75,-99,-99,0.76,0.66,0.8,0.55,-99,-99,-99,0.71,-99,0.93,0.74,0.66,-99
09/01/2026,22,-99,0.49,-99,1.41,-99,0.8,-99,0.92,0.99,1.14,-99,1.76,0.21,-99,-99,1.08,1.92,1.04,-99,-99,1.11,0.58,0.93,0.65,-99,-99,-99,0.82,-99,1.28,1.57,0.77,-99
09/01/2026,23,-99,0.42,-99,1.71,-99,0.83,-99,0.67,1.02,1.05,-99,2.17,0.23,-99,-99,1.67,2.52,0.65,-99,-99,1.08,0.62,1.42,0.41,-99,-99,-99,0.74,-99,1.27,1.64,0.8,-99
09/01/2026,24,-99,0.29,-99,1.52,-99,1.28,-99,0.61,1.04,0.89,-99,1.56,0.22,-99,-99,1.47,2.94,0.47,-99,-99,0.95,1.12,1.28,0.97,-99,-99,-99,0.68,-99,1.03,0.9,0.68,-99
10/01/2026,1,-99,0.26,-99,1.13,-99,1.27,-99,0.6,0.83,0.65,-99,1.5,0.3,-99,-99,0.8,1.94,0.76,-99,-99,1.52,0.78,0.83,2.01,-99,-99,-99,0.68,-99,1.13,0.59,0.57,1.22
10/01/2026,2,-99,0.25,-99,1.23,-99,1.03,-99,0.54,0.62,0.49,-99,1.46,0.32,-99,-99,1.11,1.64,0.48,-99,-99,1.34,0.3,0.68,3.39,-99,-99,-99,0.73,-99,1.34,0.62,0.82,0.98
10/01/2026,3,-99,0.22,-99,1.62,-99,0.59,-99,0.53,0.48,0.4,-99,1.1,0.27,-99,-99,1.16,1.64,0.4,-99,-99,1.56,0.24,0.72,2.76,-99,-99,-99,0.55,-99,1.02,0.95,1.08,1
10/01/2026,4,-99,0.17,-99,1.4,-99,0.96,-99,0.46,0.47,0.36,-99,1.66,0.2,-99,-99,1.34,1.72,0.98,-99,-99,1.12,0.68,0.86,1.42,-99,-99,-99,0.45,-99,0.75,0.77,0.91,1
10/01/2026,5,-99,0.21,-99,0.94,-99,0.56,-99,0.52,0.53,0.65,-99,1.15,0.13,-99,-99,1.25,1.22,1.07,-99,-99,1.24,0.95,1,1.78,-99,-99,-99,0.73,-99,0.69,0.56,0.55,0.99
10/01/2026,6,-99,0.32,-99,0.83,-99,0.75,-99,0.55,0.73,0.7,-99,1.26,0.12,-99,-99,1.16,1.53,1.13,-99,-99,1.03,0.82,1.31,2.09,-99,-99,-99,0.51,-99,0.79,0.85,0.92,1.76
10/01/2026,7,-99,0.28,-99,0.99,-99,0.78,-99,0.77,0.64,1,-99,1.24,0.11,-99,-99,1.82,1.87,1.42,-99,-99,1.05,0.37,1.16,2.18,-99,-99,-99,0.65,-99,1.27,0.91,1.07,2.41
10/01/2026,8,-99,0.18,-99,1.44,-99,0.72,-99,1.09,0.75,1.28,-99,1.68,0.09,-99,-99,2.31,2.65,1.91,-99,-99,1.54,0.38,1.38,2.77,-99,-99,-99,1.15,-99,1.34,1.41,1.38,2.72
10/01/2026,9,-99,0.52,-99,1.66,-99,0.81,-99,0.95,1.07,1.11,-99,1.54,0.12,-99,-99,3.41,1.89,1.53,-99,-99,1.37,0.83,1.88,3.68,-99,-99,-99,1.75,-99,1.69,2.22,1.35,2.71
10/01/2026,10,-99,0.76,-99,2.42,-99,1.57,-99,0.76,1.17,1.05,-99,1.9,0.22,-99,-99,2.74,1.72,0.82,-99,-99,1.07,1.39,1.38,1.97,-99,-99,-99,1.09,-99,2.25,1.02,1,2.34
10/01/2026,11,-99,0.97,-99,1.75,-99,1.77,-99,0.55,0.88,0.62,-99,1.46,0.31,-99,-99,2,1.74,0.66,-99,-99,0.87,1.16,0.87,1.02,-99,-99,-99,0.64,-99,1.79,0.88,0.55,1.21
10/01/2026,12,-99,0.87,-99,0.73,-99,0.64,-99,0.58,0.6,0.46,-99,0.76,0.37,-99,-99,1.19,1.13,0.55,-99,-99,0.78,0.52,0.52,0.7,-99,-99,-99,0.55,-99,1.33,0.78,0.3,0.44
10/01/2026,13,-99,0.48,-99,0.88,-99,0.52,-99,0.55,0.56,0.46,-99,0.83,0.4,-99,-99,0.54,0.86,0.65,-99,-99,0.53,0.47,0.38,0.5,-99,-99,-99,0.56,-99,1.03,0.3,0.21,0.36
10/01/2026,14,-99,0.51,-99,0.79,-99,0.64,-99,0.58,0.54,0.35,-99,0.57,0.42,-99,-99,0.72,0.71,0.47,-99,-99,0.4,0.56,0.37,0.31,-99,-99,-99,0.42,-99,0.55,0.12,0.19,0.37
10/01/2026,15,-99,0.55,-99,0.53,-99,0.5,-99,0.52,0.55,0.32,-99,0.39,0.42,-99,-99,0.77,0.65,0.34,-99,-99,0.39,0.47,0.37,0.28,-99,-99,-99,0.4,-99,0.45,0.17,0.2,0.37
10/01/2026,16,-99,0.44,-99,0.44,-99,0.3,-99,0.5,0.53,0.3,-99,0.34,0.38,-99,-99,0.9,0.53,0.32,-99,-99,0.43,0.3,0.35,0.26,-99,-99,-99,0.32,-99,0.46,0.15,0.22,0.32
10/01/2026,17,-99,0.28,-99,0.41,-99,0.25,-99,0.51,0.53,0.31,-99,0.38,0.29,-99,-99,0.69,0.56,0.29,-99,-99,0.42,0.22,0.3,0.27,-99,-99,-99,0.37,-99,0.46,0.1,0.21,0.4
10/01/2026,18,-99,0.33,-99,0.41,-99,0.23,-99,0.46,0.54,0.31,-99,0.35,0.27,-99,-99,0.58,0.69,0.28,-99,-99,0.45,0.27,0.35,0.3,-99,-99,-99,0.35,-99,0.5,0.11,0.2,0.31
10/01/2026,19,-99,-99,-99,0.44,-99,0.25,-99,0.45,0.6,0.29,-99,0.39,0.3,-99,-99,0.59,0.76,0.28,-99,-99,0.46,0.26,0.34,0.43,-99,-99,-99,0.31,-99,0.53,0.24,0.28,0.28
10/01/2026,20,-99,0.36,-99,0.45,-99,0.28,-99,0.44,0.52,0.29,-99,0.45,0.35,-99,-99,0.68,0.75,0.3,-99,-99,0.56,0.28,0.35,0.51,-99,-99,-99,0.31,-99,0.59,0.22,0.26,0.31
10/01/2026,21,-99,0.4,-99,0.43,-99,0.22,-99,0.4,0.53,0.26,-99,0.42,0.3,-99,-99,0.79,0.59,0.25,-99,-99,0.55,0.23,0.35,0.5,-99,-99,-99,0.29,-99,0.56,0.26,0.27,0.29
10/01/2026,22,-99,0.37,-99,0.33,-99,0.24,-99,0.36,0.51,0.25,-99,0.38,0.21,-99,-99,0.74,0.55,0.23,-99,-99,0.46,0.2,0.34,0.46,-99,-99,-99,0.27,-99,0.46,0.22,0.28,0.27
10/01/2026,23,-99,0.28,-99,0.34,-99,0.21,-99,0.34,0.51,0.2,-99,0.32,0.17,-99,-99,0.74,0.55,0.21,-99,-99,0.51,0.18,0.34,0.57,-99,-99,-99,0.25,-99,0.45,0.22,0.25,0.3
10/01/2026,24,-99,0.25,-99,0.34,-99,0.21,-99,0.3,0.43,0.2,-99,0.3,0.18,-99,-99,0.51,0.51,0.18,-99,-99,0.54,0.14,0.26,0.49,-99,-99,-99,0.15,-99,0.44,0.18,0.2,0.25
11/01/2026,1,-99,0.25,-99,0.31,-99,0.19,-99,0.29,0.39,0.17,-99,0.21,0.19,-99,-99,0.29,0.46,0.17,-99,-99,0.38,0.11,0.17,0.36,-99,-99,-99,0.12,-99,0.39,0.14,0.18,0.23
11/01/2026,2,-99,0.23,-99,0.3,-99,0.18,-99,0.28,0.32,0.17,-99,0.19,0.19,-99,-99,0.26,0.41,0.14,-99,-99,0.27,0.1,0.13,0.19,-99,-99,-99,0.1,-99,0.4,0.14,0.1,0.19
11/01/2026,3,-99,0.23,-99,0.27,-99,0.17,-99,0.25,0.32,0.19,-99,0.16,0.19,-99,-99,0.21,0.38,0.13,-99,-99,0.23,0.12,0.11,0.16,-99,-99,-99,0.09,-99,0.37,0.12,0.1,0.19
11/01/2026,4,-99,0.2,-99,0.28,-99,0.16,-99,0.25,0.35,0.16,-99,0.12,0.19,-99,-99,0.2,0.36,0.17,-99,-99,0.23,0.13,0.1,0.15,-99,-99,-99,0.1,-99,0.35,0.1,0.1,0.21
11/01/2026,5,-99,0.2,-99,0.28,-99,0.19,-99,0.26,0.39,0.15,-99,0.09,0.15,-99,-99,0.2,0.37,0.15,-99,-99,0.22,0.15,0.09,0.11,-99,-99,-99,0.13,-99,0.33,0.05,0.1,0.23
11/01/2026,6,-99,0.19,-99,0.28,-99,0.17,-99,0.25,0.43,0.18,-99,0.08,0.13,-99,-99,0.25,0.45,0.18,-99,-99,0.22,0.12,0.13,0.12,-99,-99,-99,0.21,-99,0.34,0.03,0.11,0.26
11/01/2026,7,-99,0.19,-99,0.3,-99,0.18,-99,0.26,0.54,0.25,-99,0.15,0.16,-99,-99,0.31,0.55,0.22,-99,-99,0.26,0.15,0.18,0.16,-99,-99,-99,0.31,-99,0.37,0.07,0.2,0.29
11/01/2026,8,-99,0.25,-99,0.38,-99,0.24,-99,0.32,0.63,0.37,-99,0.29,0.15,-99,-99,0.47,0.72,0.39,-99,-99,0.34,0.19,0.27,0.27,-99,-99,-99,0.5,-99,0.46,0.18,0.5,0.54
11/01/2026,9,-99,0.33,-99,0.52,-99,0.4,-99,0.46,0.64,0.41,-99,0.3,0.16,-99,-99,0.55,0.68,0.45,-99,-99,0.39,0.31,0.49,0.35,-99,-99,-99,0.63,-99,0.48,0.21,0.43,0.55
11/01/2026,10,-99,0.52,-99,0.52,-99,0.41,-99,0.47,0.52,0.39,-99,0.32,0.21,-99,-99,0.69,0.69,0.42,-99,-99,0.39,0.35,0.48,0.38,-99,-99,-99,0.51,-99,0.59,0.23,-99,0.59
11/01/2026,11,-99,0.48,-99,0.49,-99,0.37,-99,0.46,0.46,0.33,-99,0.41,0.28,-99,-99,0.73,0.62,0.38,-99,-99,0.36,0.33,0.34,0.34,-99,-99,-99,0.53,-99,0.64,0.26,-99,0.52
11/01/2026,12,-99,0.42,-99,0.47,-99,0.37,-99,0.49,0.53,0.34,-99,0.35,0.33,-99,-99,0.63,0.56,0.33,-99,-99,0.46,0.36,0.3,0.37,-99,-99,-99,0.46,-99,0.56,0.28,-99,0.37
11/01/2026,13,-99,0.4,-99,0.43,-99,0.32,-99,0.46,0.44,0.24,-99,0.35,0.36,-99,-99,0.75,0.57,0.29,-99,-99,0.4,0.3,0.25,0.37,-99,-99,-99,0.43,-99,0.49,0.23,-99,0.33
11/01/2026,14,-99,0.36,-99,0.43,-99,0.28,-99,0.46,0.44,0.34,-99,0.42,0.38,-99,-99,0.52,0.58,0.32,-99,-99,0.35,0.28,0.29,0.32,-99,-99,-99,0.44,-99,0.47,0.25,-99,0.35
11/01/2026,15,-99,0.34,-99,0.49,-99,0.25,-99,0.45,0.43,0.39,-99,0.4,0.38,-99,-99,0.44,0.51,0.37,-99,-99,0.3,0.27,-99,0.26,-99,-99,-99,0.43,-99,0.51,0.17,-99,0.34
11/01/2026,16,-99,0.31,-99,0.48,-99,0.28,-99,0.47,0.46,0.39,-99,0.39,0.38,-99,-99,0.46,0.54,0.36,-99,-99,0.27,0.28,0.32,0.25,-99,-99,-99,0.36,-99,0.54,0.14,-99,0.3
11/01/2026,17,-99,0.42,-99,0.41,-99,0.32,-99,0.57,0.48,0.43,-99,0.41,0.42,-99,-99,0.63,0.58,0.39,-99,-99,0.25,0.34,0.31,0.29,-99,-99,-99,0.35,-99,0.51,0.07,-99,0.33
11/01/2026,18,-99,0.49,-99,0.64,-99,0.38,-99,0.68,0.49,0.6,-99,0.46,0.46,-99,-99,0.92,0.66,0.49,-99,-99,0.31,0.43,0.33,0.52,-99,-99,-99,0.48,-99,0.57,0.13,-99,0.34
11/01/2026,19,-99,0.42,-99,0.79,-99,0.52,-99,1.02,0.56,0.81,-99,0.83,0.54,-99,-99,0.81,0.99,0.94,-99,-99,0.44,0.56,0.55,0.88,-99,-99,-99,0.44,-99,0.84,0.51,-99,0.57
11/01/2026,20,-99,0.29,-99,0.62,-99,0.49,-99,0.86,0.64,0.36,-99,0.49,0.55,-99,-99,0.88,0.7,0.47,-99,-99,0.82,0.65,0.56,1.12,-99,-99,-99,0.37,-99,0.68,0.52,-99,0.54
11/01/2026,21,-99,0.49,-99,0.48,-99,0.32,-99,0.45,0.45,0.25,-99,0.41,0.55,-99,-99,0.93,0.56,0.31,-99,-99,0.68,0.34,0.45,0.74,-99,-99,-99,0.28,-99,0.56,0.28,-99,0.47
11/01/2026,22,-99,0.4,-99,0.45,-99,0.25,-99,0.43,0.56,0.27,-99,0.33,0.24,-99,-99,0.62,0.51,0.26,-99,-99,0.59,0.26,0.38,0.51,-99,-99,-99,0.32,-99,0.57,0.17,-99,0.62
11/01/2026,23,-99,0.39,-99,0.41,-99,0.26,-99,0.37,0.51,0.22,-99,0.37,0.2,-99,-99,0.46,0.55,0.25,-99,-99,0.51,0.25,0.29,0.44,-99,-99,-99,0.38,-99,0.48,0.21,-99,0.36
11/01/2026,24,-99,0.39,-99,0.4,-99,0.29,-99,0.41,0.46,0.18,-99,0.39,0.2,-99,-99,0.39,0.55,0.23,-99,-99,0.49,0.24,0.31,0.39,-99,-99,-99,0.36,-99,0.49,0.26,-99,0.41
12/01/2026,1,-99,-99,-99,0.43,-99,-99,-99,-99,0.56,-99,-99,-99,-99,-99,-99,0.46,-99,-99,-99,-99,-99,-99,-99,-99,-99,-99,-99,-99,-99,-99,-99,-99,-99
12/01/2026,2,-99,-99,-99,0.41,-99,-99,-99,-99,0.29,-99,-99,-99,-99,-99,-99,0.39,-99,-99,-99,-99,-99,-99,-99,-99,-99,-99,-99,-99,-99,-99,-99,-99,-99
12/01/2026,3,-99,-99,-99,0.38,-99,-99,-99,-99,0.26,-99,-99,-99,-99,-99,-99,0.37,-99,-99,-99,-99,-99,-99,-99,-99,-99,-99,-99,-99,-99,-99,-99,-99,-99
12/01/2026,4,-99,0.32,-99,0.41,-99,0.31,-99,0.37,0.27,0.22,-99,0.22,0.15,-99,-99,0.4,0.61,0.2,-99,-99,0.43,0.18,-99,0.28,-99,-99,-99,0.25,-99,0.43,0.24,-99,0.46
12/01/2026,5,-99,0.31,-99,0.6,-99,0.33,-99,0.37,0.31,0.24,-99,0.36,0.08,-99,-99,0.53,0.73,0.23,-99,-99,0.39,0.26,-99,0.35,-99,-99,-99,0.22,-99,0.5,0.25,-99,0.59
12/01/2026,6,-99,0.31,-99,0.52,-99,0.4,-99,0.39,0.39,0.43,-99,0.48,0.05,-99,-99,0.71,0.91,0.3,-99,-99,0.47,0.34,-99,0.56,-99,-99,-99,0.44,-99,0.55,0.36,-99,1.07
12/01/2026,7,-99,0.45,-99,0.72,-99,0.39,-99,0.5,0.45,1.03,-99,0.94,0.05,-99,-99,1.08,1.17,0.57,-99,-99,0.61,0.32,-99,0.78,-99,-99,-99,0.72,-99,0.78,0.63,-99,1.24
12/01/2026,8,-99,0.55,-99,1.17,-99,1,-99,0.79,0.56,1.77,-99,1.53,0.05,-99,-99,1.48,1.34,0.9,-99,-99,0.86,0.38,-99,1.29,-99,-99,-99,0.97,-99,1.19,0.82,-99,1.62
12/01/2026,9,-99,0.75,-99,0.96,-99,1.45,-99,0.97,0.8,1.12,-99,1.74,0.1,-99,-99,1.81,1.21,1.39,-99,-99,0.93,0.91,-99,1.67,-99,-99,-99,1.22,-99,1.44,0.94,-99,1.66
12/01/2026,10,-99,0.93,-99,1.11,-99,0.98,-99,0.99,0.65,0.94,-99,1.65,0.14,-99,-99,1.72,1.35,1.26,-99,-99,0.87,0.91,-99,1.36,-99,-99,-99,0.77,-99,1.13,0.77,-99,1.61
12/01/2026,11,-99,1.19,-99,1.16,-99,0.94,-99,1.03,0.72,0.9,-99,1.55,0.16,-99,-99,1.59,1.35,1.48,-99,-99,0.86,0.92,-99,0.9,-99,-99,-99,0.78,-99,0.98,0.48,-99,1.38
12/01/2026,12,-99,1.05,-99,1.15,-99,0.95,-99,1.26,0.85,0.82,-99,1.4,0.13,-99,-99,1.4,1.1,1.35,-99,-99,0.75,0.88,-99,0.91,-99,-99,-99,0.92,-99,0.88,0.64,-99,1.16
12/01/2026,13,-99,0.87,-99,1.09,-99,0.92,-99,1.19,0.84,0.97,-99,1.01,0.13,-99,-99,0.95,0.86,1.17,-99,-99,0.81,0.89,-99,1,-99,-99,-99,1.19,-99,1.02,0.75,-99,0.76
12/01/2026,14,-99,0.67,-99,0.95,-99,0.82,-99,0.94,0.93,1.04,-99,0.89,0.12,-99,-99,0.9,0.92,0.82,-99,-99,0.69,0.8,-99,0.69,-99,-99,-99,0.81,-99,0.7,0.55,-99,0.68
12/01/2026,15,-99,0.16,-99,0.47,-99,0.27,-99,0.68,0.82,0.87,-99,0.52,0.1,-99,-99,0.88,0.62,0.58,-99,-99,0.35,0.17,-99,0.24,-99,-99,-99,0.6,-99,0.35,0.11,-99,0.61
12/01/2026,16,-99,0.18,-99,0.34,-99,0.22,-99,0.38,0.63,0.47,-99,0.34,0.09,-99,-99,0.8,0.45,0.27,-99,-99,0.24,0.08,0.29,0.22,-99,-99,-99,0.25,-99,0.27,0.02,-99,0.43
12/01/2026,17,-99,0.15,-99,0.38,-99,0.17,-99,0.33,0.48,0.44,-99,0.33,0.12,-99,-99,0.4,0.43,0.37,-99,-99,0.26,0.08,0.27,0.27,-99,-99,-99,0.18,-99,0.28,0.05,-99,0.38
12/01/2026,18,-99,0.1,-99,0.35,-99,0.16,-99,0.38,0.44,0.65,-99,0.4,0.15,-99,-99,0.69,0.43,0.37,-99,-99,0.34,0.11,0.33,0.23,-99,-99,-99,0.25,-99,0.31,0.12,0.31,0.48
12/01/2026,19,-99,0.15,-99,0.52,-99,0.23,-99,0.46,0.59,0.66,-99,0.46,0.17,-99,-99,0.93,0.59,0.63,-99,-99,0.48,0.21,0.47,0.37,-99,-99,-99,0.37,-99,0.37,0.22,0.43,0.78
12/01/2026,20,-99,0.16,-99,0.55,-99,0.2,-99,0.57,0.74,0.4,-99,0.56,0.21,-99,-99,0.99,0.8,0.73,-99,-99,0.64,0.28,0.64,0.42,-99,-99,-99,0.65,-99,0.38,0.36,0.37,0.8
12/01/2026,21,-99,0.47,-99,0.63,-99,0.58,-99,0.59,0.64,0.55,-99,0.54,0.3,-99,-99,1.06,0.84,0.56,-99,-99,0.81,0.5,0.46,0.8,-99,-99,-99,0.5,-99,0.55,0.42,0.51,0.73
12/01/2026,22,-99,0.56,-99,0.64,-99,0.52,-99,0.62,0.59,0.42,-99,0.6,0.22,-99,-99,0.81,0.78,0.5,-99,-99,0.84,0.51,0.45,0.87,-99,-99,-99,0.46,-99,0.81,0.62,0.48,0.61
12/01/2026,23,-99,0.72,-99,0.69,-99,0.53,-99,0.56,0.57,0.34,-99,0.55,0.16,-99,-99,0.71,0.67,0.44,-99,-99,0.64,0.5,0.41,0.69,-99,-99,-99,0.39,-99,0.78,0.57,0.5,0.74
12/01/2026,24,-99,0.54,-99,0.61,-99,0.5,-99,0.67,0.47,0.4,-99,0.52,0.16,-99,-99,0.38,0.57,0.41,-99,-99,0.55,0.39,0.39,0.64,-99,-99,-99,0.34,-99,0.74,0.35,0.36,0.7
13/01/2026,1,-99,0.46,-99,0.58,-99,0.42,-99,0.67,0.46,0.46,-99,0.48,0.17,-99,-99,0.52,0.57,0.44,-99,-99,0.45,0.35,0.32,0.45,-99,-99,-99,0.4,-99,0.7,0.32,0.43,0.57
13/01/2026,2,-99,0.47,-99,0.63,-99,0.47,-99,0.62,0.51,0.42,-99,0.5,0.15,-99,-99,0.53,0.61,0.47,-99,-99,0.31,0.4,0.4,0.4,-99,-99,-99,0.48,-99,0.77,0.29,0.44,0.56
13/01/2026,3,-99,0.4,-99,0.61,-99,0.52,-99,0.47,0.63,0.39,-99,0.46,0.12,-99,-99,0.52,0.63,0.43,-99,-99,0.33,0.44,0.45,0.38,-99,-99,-99,0.44,-99,0.76,0.17,0.45,0.57
13/01/2026,4,-99,0.44,-99,0.52,-99,0.46,-99,0.55,0.56,0.42,-99,0.41,0.09,-99,-99,0.66,0.61,0.45,-99,-99,0.35,0.37,0.45,0.31,-99,-99,-99,0.47,-99,0.56,0.19,0.44,0.69
13/01/2026,5,-99,0.39,-99,0.51,-99,0.44,-99,0.57,0.4,0.42,-99,0.49,0.04,-99,-99,0.77,0.83,0.63,-99,-99,0.43,0.37,0.41,0.36,-99,-99,-99,0.55,-99,0.6,0.34,0.52,0.72
13/01/2026,6,-99,0.41,-99,0.98,-99,0.43,-99,0.56,0.39,0.64,-99,0.77,0.04,-99,-99,1.05,0.85,0.9,-99,-99,0.55,0.4,0.66,0.65,-99,-99,-99,0.52,-99,0.79,0.47,0.87,0.85
13/01/2026,7,-99,0.36,-99,1.19,-99,0.65,-99,0.91,0.71,1.12,-99,1.09,0.04,-99,-99,1.31,1.29,1.07,-99,-99,0.98,0.71,1.1,1.37,-99,-99,-99,1.18,-99,1.21,0.82,1.39,1.64
13/01/2026,8,-99,0.69,-99,1.71,-99,1.26,-99,1.59,1.22,2.07,-99,1.46,0.01,-99,-99,1.55,1.78,2.12,-99,-99,1.77,1.22,2,1.59,-99,-99,-99,1.67,-99,1.46,1.56,2.21,2.63
13/01/2026,9,-99,0.86,-99,1.97,-99,1.54,-99,2.52,1.35,2.45,-99,1.69,0.09,-99,-99,2.28,1.65,1.82,-99,-99,1.14,1,1.95,2.66,-99,-99,-99,2.34,-99,1.2,1.73,1.9,2.54
13/01/2026,10,-99,0.91,-99,1.92,-99,1.03,-99,1.12,1.8,2.16,-99,1.87,0.11,-99,-99,2.11,1.1,1.51,-99,-99,1.36,1.09,1,2.62,-99,-99,-99,1.44,-99,1.01,1.48,1.32,2.02
13/01/2026,11,-99,0.85,-99,1.87,-99,0.79,-99,1.01,1.53,1.66,-99,1.35,0.15,-99,-99,1.57,0.92,1.39,-99,-99,1.24,0.83,0.78,2.18,-99,-99,-99,1.2,-99,0.97,1.09,1.24,1.42
13/01/2026,12,-99,0.68,-99,1.34,-99,1.06,-99,0.84,-99,1.27,-99,0.95,0.34,-99,-99,0.96,0.81,1.06,-99,-99,0.94,0.59,0.47,1.67,-99,-99,-99,1.07,-99,1.12,0.79,1.29,0.82
13/01/2026,13,-99,0.46,-99,0.86,-99,1.14,-99,0.85,-99,0.74,-99,0.76,0.29,-99,-99,0.62,0.69,0.7,-99,-99,0.74,0.96,0.35,1.07,-99,-99,-99,0.46,-99,0.94,0.78,0.56,0.63
13/01/2026,14,-99,0.36,-99,0.63,-99,0.71,-99,0.78,-99,0.47,-99,0.67,0.21,-99,-99,0.62,0.73,0.55,-99,-99,0.51,0.6,0.3,0.52,-99,-99,-99,0.4,-99,0.53,0.46,0.32,0.46
13/01/2026,15,-99,0.43,-99,0.57,-99,0.38,-99,0.64,0.44,0.52,-99,0.61,0.15,-99,-99,0.56,0.71,0.47,-99,-99,0.46,0.23,0.24,0.47,-99,-99,-99,0.41,-99,0.32,0.33,0.27,0.33
13/01/2026,16,-99,0.54,-99,0.65,-99,0.37,-99,0.58,0.31,0.6,-99,0.63,0.14,-99,-99,0.77,0.81,0.51,-99,-99,0.48,0.28,0.22,0.44,-99,-99,-99,0.33,-99,0.37,0.17,0.31,0.44
13/01/2026,17,-99,0.3,-99,0.6,-99,0.29,-99,0.59,0.3,0.57,-99,0.57,0.15,-99,-99,0.86,0.76,0.52,-99,-99,0.56,0.23,0.47,0.56,-99,-99,-99,0.43,-99,0.4,0.19,0.37,0.75
13/01/2026,18,-99,0.27,-99,0.55,-99,0.23,-99,0.59,0.42,0.68,-99,0.56,0.12,-99,-99,1.39,1,0.44,-99,-99,0.57,0.19,0.6,0.37,-99,-99,-99,0.49,-99,0.41,0.21,0.66,0.7
13/01/2026,19,-99,0.25,-99,0.8,-99,0.45,-99,0.62,0.54,1.45,-99,0.73,0.14,-99,-99,1.86,1.07,0.91,-99,-99,0.59,0.55,0.68,0.38,-99,-99,-99,0.63,-99,0.49,0.34,0.87,0.77
13/01/2026,20,-99,0.19,-99,1.17,-99,0.64,-99,0.47,0.46,0.45,-99,0.96,0.16,-99,-99,0.87,1.17,0.4,-99,-99,0.83,0.53,0.76,0.64,-99,-99,-99,0.56,-99,0.53,0.44,0.46,0.99
13/01/2026,21,-99,0.66,-99,0.51,-99,0.87,-99,0.4,0.44,0.29,-99,0.62,0.18,-99,-99,1.12,0.75,0.28,-99,-99,0.83,0.45,0.51,0.76,-99,-99,-99,0.62,-99,0.75,0.65,0.44,0.54
13/01/2026,22,-99,0.61,-99,0.61,-99,0.83,-99,0.46,0.42,0.33,-99,0.63,0.18,-99,-99,0.96,0.78,0.35,-99,-99,1.11,0.47,0.69,0.91,-99,-99,-99,0.58,-99,0.97,0.51,0.42,0.57
13/01/2026,23,-99,0.61,-99,0.61,-99,0.6,-99,0.49,0.36,0.25,-99,0.62,0.22,-99,-99,0.61,0.86,0.35,-99,-99,0.88,0.5,0.46,0.86,-99,-99,-99,0.45,-99,0.99,0.41,0.44,0.57
13/01/2026,24,-99,0.37,-99,0.56,-99,0.51,-99,0.41,0.25,0.23,-99,0.54,0.16,-99,-99,0.68,0.86,0.37,-99,-99,0.71,0.48,0.46,0.78,-99,-99,-99,0.33,-99,0.7,0.44,0.44,0.46
14/01/2026,1,0.13,0.32,-99,0.61,-99,0.4,-99,0.6,0.2,0.27,-99,0.5,0.16,-99,-99,0.51,0.66,0.46,-99,-99,0.45,0.25,0.51,0.57,-99,-99,-99,0.24,-99,0.7,0.23,0.44,0.59
14/01/2026,2,0.12,0.29,-99,0.78,-99,0.24,-99,0.46,0.28,0.23,-99,0.79,0.14,-99,-99,0.5,0.72,0.44,-99,-99,0.42,0.16,0.44,0.4,-99,-99,-99,0.25,-99,0.76,0.33,0.32,0.63
14/01/2026,3,0.12,0.2,-99,0.73,-99,0.18,-99,0.48,0.22,0.24,-99,0.67,0.13,-99,-99,0.45,0.67,0.62,-99,-99,0.35,0.12,0.4,0.41,-99,-99,-99,0.29,-99,0.55,0.38,0.39,0.68
14/01/2026,4,0.12,0.17,-99,0.62,-99,0.16,-99,0.43,0.11,0.25,-99,0.58,0.13,-99,-99,0.56,0.8,0.57,-99,-99,0.39,0.11,0.35,0.48,-99,-99,-99,0.31,-99,0.54,0.4,0.48,0.79
14/01/2026,5,0.17,0.17,-99,0.59,-99,0.17,-99,0.35,0.08,0.21,-99,0.6,0.07,-99,-99,0.57,1.03,0.67,-99,-99,0.46,0.11,0.45,0.71,-99,-99,-99,0.35,-99,0.49,0.38,0.56,0.74
14/01/2026,6,0.24,0.21,-99,0.7,-99,0.19,-99,0.5,0.12,0.44,-99,0.48,0,-99,-99,0.64,1.04,1.01,-99,-99,1.33,0.14,0.84,0.88,-99,-99,-99,0.49,-99,0.61,0.63,0.93,1.07
14/01/2026,7,0.65,0.23,-99,1.19,-99,0.41,-99,1.1,0.3,0.97,-99,1.25,0.02,-99,-99,1.29,1.66,1.3,-99,-99,2.71,0.34,1.36,1.64,-99,-99,-99,1.05,-99,1.11,1.24,2.06,2.11
14/01/2026,8,1.2,0.24,-99,2.14,-99,1.08,-99,1.51,0.57,1.79,-99,2.07,0.06,-99,-99,1.95,2.87,2.1,-99,-99,3.59,0.59,1.98,2.36,-99,-99,-99,1.71,-99,1.78,1.99,2.74,4.48
14/01/2026,9,1.05,0.38,-99,1.79,-99,1.13,-99,1.02,0.54,2.49,-99,2.97,0.13,-99,-99,1.99,3.72,1.8,-99,-99,1.76,0.68,1.54,3.37,-99,-99,-99,2.63,-99,1.77,1.79,2.94,2.88
14/01/2026,10,0.63,0.54,-99,1.36,-99,1.01,-99,0.6,0.6,1.05,-99,2.06,0.21,-99,-99,2.14,2.21,1.26,-99,-99,1.29,0.82,1.5,1.9,-99,-99,-99,2.02,-99,1.02,1.94,1.15,1.91
14/01/2026,11,0.28,0.45,-99,1.16,-99,0.78,-99,0.43,0.52,0.68,-99,0.85,0.25,-99,-99,1.45,1.2,0.65,-99,-99,0.87,0.63,1.1,0.68,-99,-99,-99,0.97,-99,0.77,1.13,0.88,1.33
14/01/2026,12,0.25,0.59,-99,-99,-99,0.56,-99,0.53,0.27,0.47,-99,0.53,0.24,-99,-99,0.63,1.11,0.46,-99,-99,0.82,0.43,0.65,0.53,-99,-99,-99,0.59,-99,0.83,0.78,0.47,0.45
14/01/2026,13,0.17,0.42,-99,-99,-99,0.34,-99,0.48,0.27,0.41,-99,0.38,0.32,-99,-99,0.89,0.67,0.38,-99,-99,0.56,0.33,0.45,0.42,-99,-99,-99,0.54,-99,0.77,0.54,0.21,0.53
14/01/2026,14,0.16,0.38,-99,-99,-99,0.33,-99,0.48,0.26,0.44,-99,0.49,0.33,-99,-99,0.86,0.59,0.37,-99,-99,0.47,0.3,0.31,0.33,-99,-99,-99,0.55,-99,0.55,0.23,0.19,0.44
14/01/2026,15,0.17,0.41,-99,-99,-99,0.4,-99,0.52,0.29,0.28,-99,0.47,0.31,-99,-99,0.91,0.7,0.39,-99,-99,0.44,0.35,0.32,0.36,-99,-99,-99,0.43,-99,0.49,0.18,0.18,0.39
14/01/2026,16,0.17,0.43,-99,-99,-99,0.32,-99,0.46,0.17,0.33,-99,0.36,0.25,-99,-99,0.89,0.61,0.34,-99,-99,0.46,0.31,0.3,0.33,-99,-99,-99,0.45,-99,0.53,0.19,0.19,0.48
14/01/2026,17,0.14,0.38,-99,0.26,-99,0.31,-99,0.54,0.26,0.35,-99,0.44,0.27,-99,-99,0.94,0.55,0.36,-99,-99,0.45,0.3,0.26,-99,-99,-99,-99,0.45,-99,0.47,0.15,0.24,0.48
14/01/2026,18,0.09,0.42,-99,0.26,-99,0.3,-99,0.51,0.29,0.33,-99,0.43,0.24,-99,-99,1,0.88,0.37,-99,-99,0.46,0.31,0.32,0.37,-99,-99,-99,0.53,-99,0.49,0.16,0.29,0.48
14/01/2026,19,0.14,0.43,-99,0.3,-99,0.35,-99,0.55,0.51,0.43,-99,0.51,0.18,-99,-99,0.92,0.57,0.42,-99,-99,0.51,0.33,0.44,0.51,-99,-99,-99,0.59,-99,0.47,0.15,0.39,0.63
14/01/2026,20,0.09,0.37,-99,0.26,-99,0.32,-99,0.53,0.35,0.38,-99,0.47,0.27,-99,-99,0.67,0.57,0.5,-99,-99,0.63,0.32,0.42,0.52,-99,-99,-99,0.51,-99,0.49,0.2,0.33,0.6
14/01/2026,21,0.15,0.31,-99,0.28,-99,0.38,-99,0.56,0.4,0.36,-99,0.45,0.29,-99,-99,0.63,0.56,0.34,-99,-99,0.53,0.51,0.37,0.4,-99,-99,-99,0.28,-99,0.42,0.12,0.32,0.57
14/01/2026,22,0.1,0.45,-99,0.3,-99,0.61,-99,0.55,0.25,0.32,-99,0.43,0.33,-99,-99,0.71,0.52,0.23,-99,-99,0.44,0.34,0.31,0.35,-99,-99,-99,0.3,-99,0.42,0.09,0.32,0.43
14/01/2026,23,0.12,0.46,-99,0.22,-99,0.28,-99,0.46,0.18,0.33,-99,0.36,0.32,-99,-99,0.47,0.54,0.28,-99,-99,0.34,0.28,0.26,0.26,-99,-99,-99,0.32,-99,0.41,0.06,0.31,0.39
14/01/2026,24,0.12,0.43,-99,0.21,-99,0.33,-99,0.43,0.25,0.27,-99,0.33,0.25,-99,-99,0.22,0.52,0.29,-99,-99,0.31,0.3,0.28,0.24,-99,-99,-99,0.2,-99,0.38,0.06,0.37,0.27
15/01/2026,1,0.07,0.46,-99,0.3,-99,0.32,-99,0.38,0.21,0.23,-99,0.36,0.31,-99,-99,0.13,0.46,0.33,-99,-99,0.31,0.29,0.24,0.22,-99,-99,-99,0.14,-99,0.46,0.15,0.35,0.28
15/01/2026,2,0.04,0.42,-99,0.23,-99,0.32,-99,0.36,0.12,0.18,-99,0.34,0.36,-99,-99,0.18,0.46,0.28,-99,-99,0.31,0.31,0.2,0.22,-99,-99,-99,0.21,-99,0.46,0.08,0.25,0.21
15/01/2026,3,0.02,0.39,-99,0.16,-99,0.3,-99,0.25,0.05,0.14,-99,0.29,0.33,-99,-99,0.16,0.34,0.18,-99,-99,0.19,0.25,0.14,0.17,-99,-99,-99,0.13,-99,0.37,0.01,0.18,0.19
15/01/2026,4,0.02,0.24,-99,0.12,-99,0.2,-99,0.27,0.04,0.12,-99,0.24,0.22,-99,-99,0.13,0.32,0.16,-99,-99,0.15,0.15,0.09,0.11,-99,-99,-99,0.14,-99,0.3,-0.02,0.2,0.18
15/01/2026,5,0.01,0.22,-99,0.11,-99,0.14,-99,0.35,0.07,0.08,-99,0.26,0.15,-99,-99,0.19,0.33,0.17,-99,-99,0.14,0.13,0.1,0.11,-99,-99,-99,0.16,-99,0.32,-0.04,0.25,0.27
15/01/2026,6,0.05,0.27,-99,0.1,-99,0.14,-99,0.31,0.12,0.14,-99,0.27,0.15,-99,-99,0.45,0.41,0.17,-99,-99,0.25,0.11,0.18,0.21,-99,-99,-99,0.24,-99,0.33,0.02,0.27,0.34
15/01/2026,7,0.06,0.28,-99,0.18,-99,0.22,-99,0.3,0.21,0.35,-99,0.29,0.17,-99,-99,0.64,0.6,0.3,-99,-99,0.36,0.19,0.26,0.3,-99,-99,-99,0.3,-99,0.46,0.16,0.37,0.37
15/01/2026,8,0.1,0.35,-99,0.25,-99,0.34,-99,0.44,0.33,0.36,-99,0.36,0.13,-99,-99,0.45,0.55,0.36,-99,-99,0.49,0.29,0.46,0.39,-99,-99,-99,0.39,-99,0.56,0.27,0.52,0.6
15/01/2026,9,0.17,0.46,-99,0.37,-99,0.43,-99,0.52,0.43,0.38,-99,0.48,0.14,-99,-99,0.68,0.75,0.37,-99,-99,0.58,0.33,0.53,0.45,-99,-99,-99,0.64,-99,0.73,0.44,0.57,0.68
15/01/2026,10,0.2,0.46,-99,0.46,-99,0.42,-99,0.4,0.32,0.45,-99,0.61,0.16,-99,-99,1.04,0.84,0.42,-99,-99,0.63,0.36,0.67,0.43,-99,-99,-99,0.62,-99,0.61,0.5,0.42,0.65
15/01/2026,11,0.14,0.51,-99,0.36,-99,0.4,-99,0.31,0.25,0.42,-99,0.59,0.17,-99,-99,0.82,1.01,0.39,-99,-99,0.67,0.34,0.47,0.54,-99,-99,-99,0.47,-99,0.69,0.4,0.35,0.73
15/01/2026,12,0.17,0.49,-99,0.42,-99,0.42,-99,0.33,0.21,-99,-99,0.56,0.22,-99,-99,0.8,0.85,0.41,-99,-99,0.45,0.33,0.38,0.46,-99,-99,-99,0.54,-99,0.62,0.56,0.36,0.76
15/01/2026,13,0.12,0.44,-99,0.4,-99,0.41,-99,0.48,0.17,-99,-99,0.55,0.21,-99,-99,0.87,0.78,0.48,-99,-99,0.49,0.38,0.37,0.42,-99,-99,-99,0.42,-99,0.6,0.52,0.52,0.64
15/01/2026,14,0.14,0.48,-99,0.49,-99,0.55,-99,0.6,0.26,-99,-99,0.62,0.23,-99,-99,0.91,0.9,0.44,-99,-99,0.59,0.49,0.28,0.43,-99,-99,-99,0.44,-99,0.68,0.51,0.48,0.62
15/01/2026,15,0.14,0.6,-99,0.52,-99,0.64,-99,0.63,0.25,-99,-99,0.61,0.26,-99,-99,1.23,0.86,0.5,-99,-99,0.6,0.55,0.33,0.52,-99,-99,-99,0.49,-99,0.77,-99,0.37,0.63
15/01/2026,16,0.17,0.65,-99,0.54,-99,0.68,-99,0.61,0.25,0.4,-99,0.65,0.46,-99,-99,1.07,0.95,0.48,-99,-99,0.62,0.61,0.44,0.52,-99,-99,-99,0.56,-99,0.91,0.34,0.41,0.77
15/01/2026,17,0.19,0.73,-99,0.48,-99,0.69,-99,0.69,0.34,0.51,-99,0.72,0.55,-99,-99,1.36,0.9,0.57,-99,-99,0.68,0.65,0.48,0.48,-99,-99,-99,0.7,-99,0.94,0.44,0.48,0.79
15/01/2026,18,0.25,0.67,-99,0.63,-99,0.76,-99,0.74,0.52,0.64,-99,0.87,0.61,-99,-99,1.34,0.95,0.7,-99,-99,0.71,0.75,0.6,0.59,-99,-99,-99,1.03,-99,0.91,0.55,0.52,0.89
15/01/2026,19,0.61,0.71,-99,1.01,-99,0.94,-99,1.03,0.86,1.28,-99,1,0.58,-99,-99,1.49,1.43,1.01,-99,-99,0.98,0.91,0.82,1.25,-99,-99,-99,1.15,-99,0.99,0.83,0.81,0.96
15/01/2026,20,0.71,0.48,-99,1.24,-99,0.9,-99,1.33,0.91,1.36,-99,1.11,0.45,-99,-99,1.75,1.33,1.14,-99,-99,1.55,0.86,1.2,1.4,-99,-99,-99,1.26,-99,1.29,0.96,0.92,0.83
15/01/2026,21,0.72,0.23,-99,1.16,-99,0.48,-99,1.21,0.59,0.66,-99,1.33,0.25,-99,-99,1.71,1.3,1.08,-99,-99,1.48,0.61,0.98,1.48,-99,-99,-99,0.8,-99,1.38,1.26,0.94,1.63
15/01/2026,22,0.41,0.31,-99,0.99,-99,0.5,-99,1.22,0.48,0.64,-99,1.1,0.19,-99,-99,0.97,1.07,0.92,-99,-99,0.92,0.53,0.67,0.85,-99,-99,-99,0.7,-99,1.32,1.04,0.93,1.1
15/01/2026,23,0.48,0.69,-99,0.66,-99,0.65,-99,0.95,0.42,0.65,-99,0.8,0.18,-99,-99,0.9,0.97,0.7,-99,-99,0.91,0.56,0.65,0.74,-99,-99,-99,0.66,-99,1.45,0.93,0.64,1.3
15/01/2026,24,0.48,0.98,-99,0.51,-99,0.76,-99,0.97,0.58,0.48,-99,0.74,0.17,-99,-99,0.85,0.94,0.57,-99,-99,0.78,0.77,0.54,0.8,-99,-99,-99,0.76,-99,1.29,0.52,0.82,1.72
16/01/2026,1,0.42,0.99,-99,0.51,-99,0.73,-99,0.95,0.42,0.43,-99,0.66,0.18,-99,-99,1.01,0.94,0.52,-99,-99,0.59,0.74,0.71,0.53,-99,-99,-99,0.56,-99,1.09,0.42,1.19,1.08
16/01/2026,2,0.35,0.93,-99,0.49,-99,1.02,-99,0.8,0.34,0.48,-99,0.68,0.12,-99,-99,0.81,0.89,0.49,-99,-99,0.62,0.69,0.9,0.46,-99,-99,-99,0.58,-99,0.79,0.38,0.68,0.91
16/01/2026,3,0.29,0.75,-99,0.65,-99,1.13,-99,0.69,0.26,0.62,-99,0.99,0.11,-99,-99,0.82,1.05,0.67,-99,-99,0.64,0.58,0.79,0.46,-99,-99,-99,0.63,-99,0.91,0.48,0.52,1.04
16/01/2026,4,0.41,0.72,-99,0.71,-99,1.06,-99,0.7,0.18,0.57,-99,0.96,0.12,-99,-99,0.9,1.05,0.77,-99,-99,0.56,0.51,0.49,0.61,-99,-99,-99,0.44,-99,0.89,0.42,0.68,1.07
16/01/2026,5,0.34,0.69,-99,0.67,-99,0.73,-99,0.68,0.17,0.55,-99,1,0.1,-99,-99,1.32,1.03,0.86,-99,-99,0.69,0.51,0.5,0.8,-99,-99,-99,0.51,-99,0.96,0.45,0.71,0.87
16/01/2026,6,0.38,0.51,-99,0.78,-99,0.58,-99,0.52,0.26,0.83,-99,1.21,0.08,-99,-99,1.55,1.17,1.16,-99,-99,0.87,0.42,0.74,1.13,-99,-99,-99,0.88,-99,1.2,0.51,1.03,1.08
16/01/2026,7,0.63,0.42,-99,1.13,-99,0.7,-99,0.4,0.66,1.58,-99,1.44,0.07,-99,-99,1.84,1.73,2.36,-99,-99,1.44,0.6,1,1.7,-99,-99,-99,1.52,-99,1.46,1.31,1.85,1.65
16/01/2026,8,0.93,-99,-99,1.72,-99,1.57,-99,0.65,1.3,3.93,-99,2.13,0.06,-99,-99,2.53,2.53,1.78,-99,-99,2.9,0.96,1.35,2.41,-99,-99,-99,2.35,-99,1.8,1.36,1.75,3.17
16/01/2026,9,0.99,0.59,-99,1.78,-99,1.91,-99,0.59,2.19,2.51,-99,2.13,0.11,-99,-99,2.44,2.6,2.12,-99,-99,2.7,1.47,1.38,3.06,-99,-99,-99,2.94,-99,1.79,1.25,1.95,3.19
16/01/2026,10,0.82,1.35,-99,1.64,-99,1.33,-99,0.63,1.91,2.05,-99,2.3,0.11,-99,-99,2.67,1.85,1.52,-99,-99,2.23,1.38,0.99,2.03,-99,-99,-99,2.56,-99,1.55,1.7,1.06,1.89
16/01/2026,11,0.54,1.12,-99,1.4,-99,1.04,-99,1.41,1.48,1.91,-99,2.1,0.15,-99,-99,1.46,1.14,1.42,-99,-99,1.84,1.02,0.86,1.98,-99,-99,-99,1.51,-99,1.57,1.33,0.99,1.29
16/01/2026,12,0.32,0.48,-99,1.16,-99,1.11,-99,0.93,0.75,1.19,-99,-99,0.15,-99,-99,1.04,0.85,1.3,-99,-99,0.83,0.78,0.52,0.63,-99,-99,-99,1.09,-99,1.06,0.53,0.83,0.92
16/01/2026,13,0.19,-99,-99,0.44,-99,0.54,-99,1.07,0.36,0.79,-99,-99,0.17,-99,-99,0.92,0.73,0.62,-99,-99,0.38,0.63,0.46,0.33,-99,-99,-99,0.52,-99,0.58,-0.01,0.29,0.76
16/01/2026,14,0.18,-99,-99,0.44,-99,0.49,-99,0.97,0.28,0.58,-99,-99,0.17,-99,-99,0.96,0.85,0.55,-99,-99,0.38,0.48,0.29,0.25,-99,-99,-99,0.54,-99,0.52,-0.02,0.27,0.61
16/01/2026,15,0.2,-99,-99,0.53,-99,0.5,-99,0.9,0.28,0.63,-99,-99,0.19,-99,-99,0.94,0.94,0.62,-99,-99,0.59,0.48,0.32,0.38,-99,-99,-99,0.53,-99,0.56,0.05,0.24,0.49
16/01/2026,16,0.17,-99,-99,0.56,-99,0.57,-99,0.86,0.28,0.56,-99,-99,0.18,-99,-99,1.03,1.02,0.76,-99,-99,0.63,0.52,0.37,0.42,-99,-99,-99,0.43,-99,0.62,0.22,0.25,0.59
16/01/2026,17,0.22,0.27,0.52,0.52,-99,0.5,-99,0.51,0.24,0.64,-99,0.52,0.14,-99,-99,1.33,1.2,0.62,-99,-99,0.75,0.41,0.45,0.62,-99,-99,-99,0.51,-99,0.69,0.16,0.33,0.62
16/01/2026,18,0.56,0.12,0.36,0.58,-99,0.45,-99,0.41,0.21,0.31,-99,0.58,0.18,-99,-99,1.33,1.33,0.5,-99,-99,1.03,0.28,0.66,0.75,-99,-99,-99,0.5,-99,0.77,0.26,0.41,0.75
16/01/2026,19,0.63,0.16,0.4,0.49,-99,0.45,-99,0.46,0.26,0.26,-99,0.46,0.13,-99,-99,1.18,1.17,0.27,-99,-99,1.21,0.66,0.59,0.8,-99,-99,-99,0.44,-99,1,0.63,0.63,0.73
16/01/2026,20,0.81,0.2,0.52,0.39,-99,0.84,-99,0.52,0.43,0.67,-99,0.53,0.11,-99,-99,1.36,1.03,0.41,-99,-99,1.03,0.78,0.59,0.63,-99,-99,-99,0.74,-99,0.9,0.39,1.04,0.94
16/01/2026,21,0.68,0.47,0.41,0.55,-99,1.14,-99,0.45,0.4,0.44,-99,0.33,0.17,-99,-99,1.12,1.03,0.28,-99,-99,0.79,0.94,0.78,0.6,-99,-99,-99,0.66,-99,0.77,0.53,0.89,0.95
16/01/2026,22,0.72,0.45,0.44,0.35,-99,0.69,-99,0.57,0.2,0.38,-99,0.34,0.26,-99,-99,0.68,0.76,0.26,-99,-99,0.79,0.53,0.69,0.6,-99,-99,-99,0.41,-99,0.99,0.33,0.67,0.63
16/01/2026,23,0.64,0.44,0.43,0.4,-99,0.37,-99,0.55,0.23,0.38,-99,0.47,0.34,-99,-99,0.83,0.94,0.29,-99,-99,0.82,0.36,0.63,0.65,-99,-99,-99,0.48,-99,0.68,0.25,0.55,0.82
16/01/2026,24,0.5,0.23,0.23,0.29,-99,0.39,-99,0.44,0.09,0.42,-99,0.28,0.3,-99,-99,0.76,0.64,0.23,-99,-99,0.66,0.36,0.68,0.67,-99,-99,-99,0.42,-99,0.7,0.13,0.43,0.7
17/01/2026,1,0.27,0.25,0.21,0.34,-99,0.43,-99,0.36,0.03,0.43,-99,0.29,0.31,-99,-99,0.64,0.7,0.3,-99,-99,0.56,0.23,0.75,0.51,-99,-99,-99,0.45,-99,0.83,0.12,0.41,0.76
17/01/2026,2,0.27,0.71,0.15,0.37,-99,0.47,-99,0.31,-0.03,0.34,-99,0.28,0.25,-99,-99,0.3,0.71,0.26,-99,-99,0.63,0.29,0.63,0.37,-99,-99,-99,0.4,-99,0.98,0.17,0.2,0.41
17/01/2026,3,0.18,0.55,0.16,0.29,-99,0.65,-99,0.35,-0.04,0.33,-99,0.37,0.25,-99,-99,0.2,0.65,0.26,-99,-99,0.48,0.35,0.56,0.31,-99,-99,-99,0.22,-99,0.94,0.17,0.31,0.29
17/01/2026,4,0.17,0.46,0.18,0.34,-99,0.76,-99,0.51,-0.01,0.31,-99,0.26,0.23,-99,-99,0.21,0.5,0.3,-99,-99,0.49,0.38,0.37,0.28,-99,-99,-99,0.25,-99,0.7,0.18,0.37,0.57
17/01/2026,5,0.13,0.31,0.29,0.54,-99,0.65,-99,0.58,0,0.31,-99,0.25,0.18,-99,-99,0.26,0.59,0.36,-99,-99,0.62,0.57,0.37,0.49,-99,-99,-99,0.34,-99,0.6,0.17,0.35,0.64
17/01/2026,6,0.2,0.32,0.23,0.56,-99,0.72,-99,0.65,0.24,0.41,-99,0.26,0.2,-99,-99,0.42,0.74,0.66,-99,-99,0.56,0.39,0.35,0.75,-99,-99,-99,0.44,-99,0.64,0.38,0.34,0.78
17/01/2026,7,0.31,0.34,0.71,0.66,-99,0.68,-99,1.06,0.55,0.61,-99,0.44,0.18,-99,-99,0.81,1.1,0.95,-99,-99,0.59,0.46,0.38,0.8,-99,-99,-99,0.68,-99,0.9,0.18,0.52,1.57
17/01/2026,8,0.63,0.38,1.15,1.18,-99,0.76,-99,1.4,0.77,1.15,-99,0.8,0.13,-99,-99,0.93,1.44,1.45,-99,-99,0.82,0.57,1.02,0.97,-99,-99,-99,1.08,-99,1.04,0.39,1.44,2.29
17/01/2026,9,0.85,0.51,1.03,1.31,-99,1.13,-99,0.81,0.84,1.43,-99,1.01,0.16,-99,-99,1.19,1.06,1.5,-99,-99,0.97,0.69,1.14,0.74,-99,-99,-99,1.13,-99,1.13,0.44,1.52,2.03
17/01/2026,10,0.49,0.4,0.72,0.86,-99,0.54,-99,0.69,0.6,0.9,-99,0.85,0.22,-99,-99,1.01,1.06,0.86,-99,-99,0.67,0.35,0.91,0.7,-99,-99,-99,0.81,-99,0.78,0.28,1.01,1.36
17/01/2026,11,0.29,0.43,0.48,0.53,-99,0.57,-99,0.65,0.29,0.89,-99,0.62,0.15,-99,-99,0.98,1.04,0.61,-99,-99,0.46,0.52,0.65,0.61,-99,-99,-99,0.78,-99,0.9,0.18,0.49,0.98
17/01/2026,12,0.28,0.48,0.47,0.46,-99,0.51,-99,0.7,0.28,0.67,-99,0.71,0.18,-99,-99,1.3,1,0.75,-99,-99,0.51,0.57,0.54,0.54,-99,-99,-99,0.63,-99,0.79,0.15,0.44,1
17/01/2026,13,0.33,0.55,0.46,0.5,-99,0.55,-99,0.76,0.29,0.66,-99,0.55,0.21,-99,-99,0.98,0.81,0.66,-99,-99,0.55,0.52,0.41,0.54,-99,-99,-99,0.58,-99,0.77,0.22,0.57,0.82
17/01/2026,14,0.28,0.59,0.55,0.35,-99,0.39,-99,0.73,0.35,0.74,-99,0.41,0.16,-99,-99,1.09,0.87,0.57,-99,-99,0.51,0.41,0.4,0.25,-99,-99,-99,0.65,-99,0.78,0.31,0.63,0.67
17/01/2026,15,0.33,0.35,0.75,0.61,-99,0.5,-99,0.6,0.37,0.59,-99,0.32,0.13,-99,-99,1.46,0.81,0.46,-99,-99,0.78,0.51,0.44,0.57,-99,-99,-99,0.46,-99,0.71,0.3,0.67,0.63
17/01/2026,16,0.12,0.23,0.58,0.4,-99,0.32,-99,0.39,0.34,0.24,-99,0.29,0.15,-99,-99,1.16,0.65,0.41,-99,-99,0.59,0.36,0.36,0.37,-99,-99,-99,0.37,-99,0.48,0.05,0.59,0.49
17/01/2026,17,0.18,0.14,0.42,0.43,-99,0.15,-99,0.46,0.19,0.21,-99,0.34,0.13,-99,-99,1.23,0.96,0.35,-99,-99,0.64,0.15,0.55,0.37,-99,-99,-99,0.48,-99,0.38,-0.04,0.46,0.63
17/01/2026,18,0.36,0.13,0.35,0.44,-99,0.17,-99,0.48,0.29,0.34,-99,0.36,0.16,-99,-99,1.09,0.94,0.43,-99,-99,0.71,0.18,0.53,0.44,-99,-99,-99,0.53,-99,0.42,-0.02,0.38,0.61
17/01/2026,19,0.47,0.19,0.49,0.61,-99,0.38,-99,0.43,0.51,0.48,-99,0.36,0.21,-99,-99,1.17,0.93,0.42,-99,-99,0.72,0.35,0.6,0.58,-99,-99,-99,0.67,-99,0.5,0.12,0.6,0.46
17/01/2026,20,0.39,0.45,0.57,0.47,-99,0.53,-99,0.4,0.21,0.47,-99,0.3,0.21,-99,-99,0.96,0.87,0.49,-99,-99,0.75,0.46,0.54,0.72,-99,-99,-99,0.41,-99,0.62,0.33,0.54,0.42
17/01/2026,21,0.37,0.51,0.53,0.4,-99,0.45,-99,0.37,0.48,0.41,-99,0.32,0.19,-99,-99,0.56,0.66,0.36,-99,-99,0.7,0.39,0.52,0.51,-99,-99,-99,0.37,-99,0.8,0.18,0.53,0.4
17/01/2026,22,0.31,0.54,0.63,0.32,-99,0.41,-99,0.59,0.41,0.43,-99,0.29,0.19,-99,-99,0.68,0.68,0.41,-99,-99,0.68,0.45,0.53,0.51,-99,-99,-99,0.43,-99,0.65,0.1,0.6,0.6
17/01/2026,23,0.27,0.6,0.5,0.41,-99,0.48,-99,0.87,0.35,0.39,-99,0.44,0.13,-99,-99,0.9,0.65,0.51,-99,-99,0.67,0.45,0.52,0.49,-99,-99,-99,0.51,-99,0.61,0.15,0.54,0.55
17/01/2026,24,0.24,0.59,0.36,0.48,-99,0.57,-99,0.52,0.24,0.42,-99,0.33,0.17,-99,-99,0.52,0.65,0.45,-99,-99,0.63,0.48,0.41,0.41,-99,-99,-99,0.39,-99,0.7,0.14,0.68,0.7
18/01/2026,1,-99,-99,-99,-99,-99,-99,-99,-99,-99,-99,-99,-99,-99,-99,-99,-99,-99,-99,-99,-99,-99,-99,-99,-99,-99,-99,-99,-99,-99,-99,-99,-99,-99
18/01/2026,2,-99,-99,-99,-99,-99,-99,-99,-99,-99,-99,-99,-99,-99,-99,-99,-99,-99,-99,-99,-99,-99,-99,-99,-99,-99,-99,-99,-99,-99,-99,-99,-99,-99
18/01/2026,3,-99,-99,-99,-99,-99,-99,-99,-99,-99,-99,-99,-99,-99,-99,-99,-99,-99,-99,-99,-99,-99,-99,-99,-99,-99,-99,-99,-99,-99,-99,-99,-99,-99
18/01/2026,4,0.2,0.25,0.28,0.31,-99,0.35,-99,0.3,0.08,0.23,-99,0.32,0.24,-99,-99,0.24,0.74,0.28,-99,-99,0.35,0.22,0.34,0.31,-99,-99,-99,0.31,-99,0.6,0.24,0.3,0.35
18/01/2026,5,0.12,0.19,0.23,0.35,-99,0.31,-99,0.31,0.09,0.16,-99,0.34,0.21,-99,-99,0.11,0.66,0.25,-99,-99,0.43,0.27,0.24,0.36,-99,-99,-99,0.25,-99,0.62,0.11,0.3,0.27
18/01/2026,6,0.16,0.22,0.33,0.23,-99,0.26,-99,0.31,0.18,0.26,-99,0.21,0.22,-99,-99,0.12,0.61,0.28,-99,-99,0.36,0.22,0.26,0.29,-99,-99,-99,0.23,-99,0.57,0.06,0.35,0.33
18/01/2026,7,0.26,0.23,0.33,0.24,-99,0.27,-99,0.34,0.22,0.29,-99,0.18,0.26,-99,-99,0.54,0.74,0.32,-99,-99,0.44,0.23,0.35,0.29,-99,-99,-99,0.34,-99,0.55,0.02,0.39,0.54
18/01/2026,8,0.35,0.34,0.34,0.28,-99,0.37,-99,0.38,0.21,0.3,-99,0.24,0.24,-99,-99,0.27,0.7,0.36,-99,-99,0.53,0.32,0.48,0.4,-99,-99,-99,0.45,-99,0.55,0.14,0.44,0.62
18/01/2026,9,0.42,0.29,0.52,0.34,-99,0.43,-99,0.49,0.55,0.26,-99,0.29,0.23,-99,-99,0.44,0.76,0.36,-99,-99,0.41,0.38,0.48,0.38,-99,-99,-99,0.62,-99,0.6,0.15,0.63,0.61
18/01/2026,10,0.17,0.35,0.45,0.37,-99,0.4,-99,0.45,0.21,0.32,-99,0.31,0.27,-99,-99,0.52,0.76,0.43,-99,-99,0.44,0.34,0.32,0.44,-99,-99,-99,0.38,-99,0.56,0.12,0.53,0.5
18/01/2026,11,0.05,0.35,0.38,0.34,-99,0.31,-99,0.51,0.22,0.33,-99,0.26,0.31,-99,-99,0.57,0.82,0.34,-99,-99,0.44,0.32,0.25,0.46,-99,-99,-99,0.41,-99,0.6,0.13,0.4,0.51
18/01/2026,12,0.06,0.32,0.37,0.39,-99,0.33,-99,0.5,0.23,0.3,-99,0.28,0.38,-99,-99,0.51,0.65,0.36,-99,-99,0.37,0.35,0.24,0.41,-99,-99,-99,0.41,-99,0.57,0.11,0.41,0.49
18/01/2026,13,0.08,0.3,0.4,0.34,-99,0.35,-99,0.51,0.24,0.32,-99,0.28,0.42,-99,-99,0.44,0.72,0.32,-99,-99,0.31,0.3,0.37,0.36,-99,-99,-99,0.42,-99,0.61,0.03,0.33,0.45
18/01/2026,14,0.09,0.33,0.37,0.36,-99,0.34,-99,0.51,0.13,0.29,-99,0.28,0.42,-99,-99,0.48,0.64,0.34,-99,-99,0.34,0.33,0.31,0.34,-99,-99,-99,0.4,-99,0.57,0.07,0.29,0.39
18/01/2026,15,0.1,0.39,0.37,0.37,-99,0.34,-99,0.56,0.14,0.38,-99,0.27,0.41,-99,-99,0.5,0.64,0.42,-99,-99,0.35,0.34,0.21,0.35,-99,-99,-99,0.39,-99,0.56,0.13,0.3,0.43
18/01/2026,16,0.09,0.26,0.39,0.36,-99,0.43,-99,0.61,0.16,0.5,-99,0.32,0.3,-99,-99,0.54,0.69,0.49,-99,-99,0.45,0.47,0.28,0.48,-99,-99,-99,0.43,-99,0.45,0,0.36,0.45
18/01/2026,17,0.19,0.24,0.59,0.24,-99,0.35,-99,0.7,0.28,0.39,-99,0.26,0.27,-99,-99,0.52,0.48,0.49,-99,-99,0.34,0.35,0.36,0.72,-99,-99,-99,0.45,-99,0.5,0.02,0.41,0.45
18/01/2026,18,0.26,0.33,0.49,0.38,-99,0.38,-99,0.51,0.35,0.34,-99,0.38,0.28,-99,-99,0.86,0.79,0.37,-99,-99,0.65,0.37,0.49,-99,-99,-99,-99,0.43,-99,0.63,0.14,0.61,0.56
18/01/2026,19,0.38,0.61,0.65,0.44,-99,0.36,-99,0.87,0.5,0.24,-99,0.39,0.29,-99,-99,1.23,0.76,0.37,-99,-99,0.83,0.45,0.59,0.89,-99,-99,-99,0.46,-99,0.74,0.28,0.54,0.44
18/01/2026,20,0.4,0.72,0.75,0.46,-99,0.42,-99,0.65,0.36,0.31,-99,0.49,0.34,-99,-99,0.72,0.85,0.42,-99,-99,0.85,0.5,0.6,0.82,-99,-99,-99,0.54,-99,0.77,0.31,0.53,0.77
18/01/2026,21,0.29,0.58,0.54,0.55,-99,0.49,-99,0.97,0.47,0.33,-99,0.47,0.39,-99,-99,0.65,0.79,0.46,-99,-99,0.56,0.43,0.41,0.55,-99,-99,-99,0.53,-99,0.73,0.15,0.51,0.54
18/01/2026,22,0.28,0.62,0.54,0.65,-99,0.53,-99,0.87,0.76,0.54,-99,0.57,0.34,-99,-99,0.64,0.76,0.57,-99,-99,0.61,0.51,0.41,0.54,-99,-99,-99,0.66,-99,0.68,0.24,0.69,0.6
18/01/2026,23,0.23,0.57,0.55,0.59,-99,0.61,-99,0.98,0.39,0.81,-99,0.62,0.39,-99,-99,0.8,0.89,0.71,-99,-99,0.67,0.66,0.57,0.54,-99,-99,-99,0.74,-99,0.83,0.54,0.94,0.61
18/01/2026,24,0.26,0.4,0.82,0.74,-99,0.84,-99,1.04,0.06,1,-99,0.7,0.3,-99,-99,0.72,0.96,0.69,-99,-99,0.58,0.65,0.64,0.54,-99,-99,-99,0.64,-99,1.09,0.54,0.96,0.71
19/01/2026,1,0.3,0.33,0.97,0.93,-99,0.92,-99,0.76,0.34,0.83,-99,0.78,0.28,-99,-99,0.64,1.12,0.87,-99,-99,0.54,0.41,0.67,0.57,-99,-99,-99,0.71,-99,1.08,0.51,0.59,0.87
19/01/2026,2,0.24,0.26,0.43,0.84,-99,0.51,-99,0.53,0.22,0.54,-99,0.89,0.26,-99,-99,0.46,1.16,0.67,-99,-99,0.57,0.23,0.55,0.55,-99,-99,-99,0.53,-99,1.12,0.44,0.75,0.87
19/01/2026,3,0.36,0.3,0.19,0.76,-99,0.36,-99,0.55,0.13,0.36,-99,0.74,0.23,-99,-99,0.56,1.08,0.63,-99,-99,0.56,0.18,0.54,0.56,-99,-99,-99,0.37,-99,0.97,0.37,0.58,0.79
19/01/2026,4,0.27,0.5,0.23,0.61,-99,0.3,-99,0.47,0.03,0.28,-99,0.48,0.2,-99,-99,0.59,0.84,0.38,-99,-99,0.57,0.17,0.65,0.48,-99,-99,-99,0.26,-99,0.79,0.24,0.42,0.78
19/01/2026,5,0.3,0.62,0.2,0.63,-99,0.32,-99,0.48,0.01,0.3,-99,0.49,0.18,-99,-99,0.54,0.9,0.58,-99,-99,0.63,0.29,0.57,0.47,-99,-99,-99,0.28,-99,0.68,0.3,0.33,0.75
19/01/2026,6,0.48,0.51,0.22,0.58,-99,0.48,-99,0.57,0.08,0.45,-99,0.46,0.16,-99,-99,0.59,0.93,0.75,-99,-99,0.68,0.47,0.48,0.6,-99,-99,-99,0.35,-99,0.81,0.39,0.55,0.92
19/01/2026,7,0.55,0.46,0.81,0.6,-99,0.62,-99,0.82,0.26,0.77,-99,0.44,0.14,-99,-99,1.28,0.97,0.71,-99,-99,0.71,0.54,0.65,0.65,-99,-99,-99,0.65,-99,1.03,0.55,0.92,1.13
19/01/2026,8,0.49,0.73,1.38,0.73,-99,0.6,-99,1.05,0.61,1.3,-99,0.51,0.13,-99,-99,1.13,1.32,0.61,-99,-99,1.04,0.69,1.34,0.83,-99,-99,-99,1.12,-99,1.18,0.71,1.23,1.44
19/01/2026,9,0.6,0.62,0.6,0.8,-99,0.73,-99,1.43,0.99,0.89,-99,0.92,0.19,-99,-99,1.5,1.78,0.76,-99,-99,1.5,0.75,1.35,1.03,-99,-99,-99,0.68,-99,1.4,1,1.07,1.9
19/01/2026,10,0.56,0.53,0.71,0.9,-99,0.78,-99,0.91,1.32,0.89,-99,1.17,0.28,-99,-99,1.07,1.56,0.97,-99,-99,1.31,0.64,1.06,0.94,-99,-99,-99,0.84,-99,0.98,0.79,1.11,1.68
19/01/2026,11,0.51,0.62,0.85,-99,-99,0.9,-99,-99,0.93,1.1,-99,0.98,0.24,-99,-99,1.26,1.51,1.07,-99,-99,1.22,0.59,0.96,1.03,-99,-99,-99,0.8,-99,-99,0.64,1.34,1.32
19/01/2026,12,0.48,0.38,0.71,-99,-99,0.79,-99,0.58,0.69,1.05,-99,0.97,0.32,-99,-99,1.03,1.36,0.88,-99,-99,1.31,0.55,0.98,0.95,-99,-99,-99,1.02,-99,-99,0.61,1.6,1.16
19/01/2026,13,0.17,0.43,0.62,-99,-99,0.6,-99,0.57,0.65,0.69,-99,0.56,0.35,-99,-99,1,1.03,0.73,-99,-99,0.75,0.56,0.53,0.58,-99,-99,-99,0.82,-99,-99,0.47,0.9,0.96
19/01/2026,14,0.11,0.34,0.4,0.36,-99,0.46,-99,0.67,0.3,0.47,-99,0.33,0.43,-99,-99,1.38,0.6,0.46,-99,-99,0.36,0.43,0.34,0.32,-99,-99,-99,0.45,-99,0.63,0.21,0.4,0.62
19/01/2026,15,0.14,0.35,0.3,0.32,-99,0.52,-99,0.68,0.19,0.48,-99,0.27,0.47,-99,-99,0.85,0.75,0.44,-99,-99,0.32,0.39,0.27,0.2,-99,-99,-99,0.36,-99,0.4,0.13,0.34,0.54
19/01/2026,16,0.09,0.24,0.3,0.35,-99,0.35,-99,0.64,0.23,0.37,-99,0.36,0.42,-99,-99,0.74,0.7,0.49,-99,-99,0.4,0.35,0.35,0.36,-99,-99,-99,0.42,-99,0.47,0.17,0.25,0.54
19/01/2026,17,0.16,0.33,0.36,0.4,-99,0.36,-99,0.63,0.19,0.57,-99,0.41,0.44,-99,-99,0.86,0.67,0.53,-99,-99,0.52,0.38,0.35,0.45,-99,-99,-99,0.47,-99,0.32,0.25,0.31,0.58
19/01/2026,18,0.37,0.33,0.43,0.48,-99,0.43,-99,0.55,0.25,0.62,-99,0.53,0.48,-99,-99,1.56,1.13,0.45,-99,-99,0.75,0.49,0.57,0.67,-99,-99,-99,0.56,-99,0.53,0.35,0.45,0.89
19/01/2026,19,1,0.26,0.67,0.71,-99,0.56,-99,1.06,0.55,0.74,-99,0.75,0.42,-99,-99,1.85,1.62,0.57,-99,-99,1.23,0.61,1.16,1.15,-99,-99,-99,0.74,-99,0.74,0.67,1.04,1.24
19/01/2026,20,0.3,0.2,0.87,0.7,-99,0.49,-99,0.52,0.7,1.08,-99,0.71,0.34,-99,-99,1.16,1.6,0.47,-99,-99,1.42,0.42,1.18,1.14,-99,-99,-99,0.94,-99,1.25,1.24,0.62,0.9
19/01/2026,21,0.19,0.42,0.95,0.39,-99,0.32,-99,0.46,0.53,0.39,-99,0.51,0.3,-99,-99,0.84,1.15,0.27,-99,-99,1.39,0.35,0.53,1.37,-99,-99,-99,0.53,-99,0.91,0.63,0.89,0.58
19/01/2026,22,0.37,0.35,1.22,0.53,-99,0.4,-99,0.53,0.43,0.3,-99,0.44,0.27,-99,-99,0.9,0.9,0.49,-99,-99,1.04,0.42,0.66,1.36,-99,-99,-99,0.62,-99,0.77,0.84,0.84,0.61
19/01/2026,23,0.35,0.25,0.99,0.41,-99,0.46,-99,0.52,0.34,0.27,-99,0.49,0.27,-99,-99,0.86,0.83,0.41,-99,-99,0.89,0.39,0.61,1.1,-99,-99,-99,0.71,-99,0.87,0.65,0.73,0.54
19/01/2026,24,0.15,0.17,0.43,0.48,-99,0.42,-99,0.45,0.34,0.41,-99,0.42,0.25,-99,-99,0.91,0.86,0.42,-99,-99,1.03,0.38,0.61,1,-99,-99,-99,0.49,-99,0.66,0.64,0.62,0.76
20/01/2026,1,0.1,0.14,0.53,0.56,-99,0.37,-99,0.66,0.21,0.36,-99,0.44,0.24,-99,-99,0.74,0.82,0.35,-99,-99,0.89,0.24,0.56,0.94,-99,-99,-99,0.35,-99,0.81,0.5,0.58,0.98
20/01/2026,2,0.19,0.11,0.41,0.56,-99,0.25,-99,0.34,0.15,0.27,-99,0.47,0.23,-99,-99,0.69,0.72,0.2,-99,-99,0.69,0.14,0.4,0.68,-99,-99,-99,0.44,-99,0.88,0.6,0.7,1.11
20/01/2026,3,0.18,0.11,0.25,0.34,-99,0.22,-99,0.32,0.08,0.2,-99,0.3,0.21,-99,-99,0.62,0.67,0.22,-99,-99,0.56,0.14,0.36,0.75,-99,-99,-99,0.54,-99,0.79,0.62,0.72,0.82
20/01/2026,4,0.25,0.09,0.14,0.55,-99,0.23,-99,0.54,0.04,0.2,-99,0.43,0.2,-99,-99,0.7,0.83,0.35,-99,-99,0.52,0.11,0.53,0.83,-99,-99,-99,0.32,-99,0.86,0.38,0.75,0.74
20/01/2026,5,0.28,0.1,0.21,0.65,-99,0.3,-99,0.42,0.03,0.15,-99,0.69,0.2,-99,-99,0.67,0.83,0.52,-99,-99,0.59,0.11,0.48,0.88,-99,-99,-99,0.3,-99,0.68,0.47,0.7,0.87
20/01/2026,6,0.25,0.2,0.46,0.73,-99,0.34,-99,0.68,0.09,0.45,-99,0.52,0.19,-99,-99,1.22,0.97,1.03,-99,-99,0.57,0.39,0.73,1.05,-99,-99,-99,0.56,-99,0.77,0.41,0.72,1.16
20/01/2026,7,0.41,0.28,0.97,1.02,-99,0.51,-99,0.9,0.34,1.2,-99,0.89,0.24,-99,-99,1.67,1.49,1.38,-99,-99,0.89,0.53,1.09,1.08,-99,-99,-99,1.14,-99,0.98,0.53,1.15,1.69
20/01/2026,8,0.77,0.35,1.26,1.46,-99,0.92,-99,1.28,0.69,2.07,-99,1.33,0.27,-99,-99,1.71,1.94,1.97,-99,-99,1.54,1.08,1.75,1.19,-99,-99,-99,1.9,-99,1.12,1.18,2.07,1.96
20/01/2026,9,0.95,0.87,1.69,1.62,-99,1.45,-99,1.97,1.05,2.69,-99,1.86,0.42,-99,-99,2.26,1.9,1.64,-99,-99,1.15,1.2,1.94,2.39,-99,-99,-99,2.06,-99,1.62,1.3,2.28,2.59
20/01/2026,10,0.72,0.97,0.95,1.72,-99,1.84,-99,1.81,0.89,1.31,-99,1.9,0.46,-99,-99,2.38,2.23,0.93,-99,-99,1.25,1.24,1.89,1.77,-99,-99,-99,1.4,-99,1.35,1.05,1.62,2.61
20/01/2026,11,0.61,0.85,0.73,1.47,-99,1.03,-99,0.82,0.81,0.78,-99,1.71,0.45,-99,-99,1.94,2.12,0.76,-99,-99,1.16,0.82,1.84,1.36,-99,-99,-99,1.38,-99,0.94,0.85,1.09,2.29
20/01/2026,12,0.37,0.7,0.41,1.15,-99,0.86,-99,0.89,0.69,-99,-99,1.11,0.55,-99,-99,1.49,1.38,0.99,-99,-99,0.96,0.83,1.16,0.84,-99,-99,-99,1.05,-99,0.76,0.84,0.69,1.92
20/01/2026,13,0.25,0.69,0.49,1.02,-99,1.06,-99,0.87,0.48,0.74,-99,0.54,0.58,-99,-99,1.11,1.06,0.73,-99,-99,0.9,0.95,0.72,0.78,-99,-99,-99,0.86,-99,1.07,0.78,0.61,1.08
20/01/2026,14,0.21,0.84,0.69,0.61,-99,0.93,-99,0.78,0.35,0.79,-99,0.62,0.59,-99,-99,0.53,0.85,0.52,-99,-99,0.77,0.81,0.5,0.65,-99,-99,-99,1.09,-99,0.93,0.55,0.38,0.67
20/01/2026,15,0.17,0.75,0.62,0.57,-99,0.83,-99,0.92,0.29,0.79,-99,0.64,0.44,-99,-99,0.78,0.79,0.53,-99,-99,0.78,0.74,0.4,0.77,-99,-99,-99,0.82,-99,0.92,0.47,0.35,0.75
20/01/2026,16,0.19,0.75,0.58,0.42,-99,0.71,-99,0.7,0.29,0.51,-99,0.45,0.23,-99,-99,0.7,1.14,0.4,-99,-99,0.82,0.92,0.4,0.81,-99,-99,-99,0.35,-99,0.78,0.59,0.43,0.59
20/01/2026,17,0.22,0.72,0.42,0.54,-99,0.91,-99,0.75,0.29,0.57,-99,0.56,0.27,-99,-99,0.66,1.03,0.68,-99,-99,0.82,1.21,0.4,0.59,-99,-99,-99,0.37,-99,0.8,0.55,0.43,0.6
20/01/2026,18,0.28,0.17,0.58,0.71,-99,0.9,-99,0.6,0.36,0.5,-99,0.88,0.25,-99,-99,0.77,1.16,0.91,-99,-99,0.58,0.77,0.58,0.39,-99,-99,-99,0.66,-99,0.44,0.32,0.55,0.89
20/01/2026,19,0.41,0.18,0.71,0.74,-99,0.46,-99,0.67,0.44,0.66,-99,0.57,0.26,-99,-99,0.82,1.06,0.96,-99,-99,0.74,0.56,0.5,0.72,-99,-99,-99,0.87,-99,0.42,0.3,0.48,0.71
20/01/2026,20,0.37,0.69,0.83,0.73,-99,0.75,-99,0.86,0.73,0.39,-99,0.47,0.3,-99,-99,1.06,0.95,0.61,-99,-99,0.9,0.75,0.54,0.93,-99,-99,-99,0.78,-99,0.6,0.58,0.56,0.63
20/01/2026,21,0.37,0.69,0.74,0.62,-99,0.75,-99,0.66,0.48,0.45,-99,0.73,0.28,-99,-99,1.04,1.1,0.47,-99,-99,0.91,0.81,0.54,0.78,-99,-99,-99,0.72,-99,0.83,0.64,0.65,0.65
20/01/2026,22,0.27,0.59,0.51,0.65,-99,0.85,-99,0.69,0.25,0.36,-99,0.71,0.25,-99,-99,0.84,1.12,0.47,-99,-99,1.04,0.83,0.57,1.02,-99,-99,-99,0.64,-99,0.85,0.77,0.92,0.99
20/01/2026,23,0.2,0.39,0.42,0.55,-99,1.09,-99,1.47,0.07,0.34,-99,0.52,0.23,-99,-99,0.99,1.02,0.61,-99,-99,0.93,0.65,0.67,0.82,-99,-99,-99,0.42,-99,0.96,0.78,0.6,1.07
20/01/2026,24,0.16,0.7,0.37,0.53,-99,0.78,-99,0.96,0.51,0.53,-99,0.37,0.25,-99,-99,1,0.91,0.77,-99,-99,0.59,0.44,0.49,0.63,-99,-99,-99,0.43,-99,0.97,0.57,0.86,1.03
21/01/2026,1,0.13,0.84,0.25,0.43,-99,0.78,-99,0.3,0.35,0.39,-99,0.43,0.25,-99,-99,0.86,1.05,0.53,-99,-99,0.4,0.72,0.74,0.37,-99,-99,-99,0.71,-99,0.71,0.2,0.8,1.06
21/01/2026,2,0.13,0.79,0.5,0.46,-99,0.76,-99,0.41,0.51,0.31,-99,0.34,0.24,-99,-99,0.71,0.72,0.44,-99,-99,0.39,0.8,0.6,0.36,-99,-99,-99,0.62,-99,0.47,0.15,0.62,0.99
21/01/2026,3,0.23,0.68,0.57,0.37,-99,0.5,-99,0.72,0.21,0.38,-99,0.42,0.24,-99,-99,0.65,-99,0.47,-99,-99,0.32,0.71,0.48,0.26,-99,-99,-99,0.55,-99,0.45,0.12,0.61,0.87
21/01/2026,4,0.14,0.54,0.41,0.26,-99,0.45,-99,0.77,0.31,0.35,-99,0.21,0.22,-99,-99,0.5,-99,0.46,-99,-99,0.31,0.43,0.38,0.22,-99,-99,-99,0.6,-99,0.44,0.09,0.55,0.8
21/01/2026,5,0.16,0.42,0.32,0.24,-99,0.44,-99,0.78,0.31,-99,-99,0.18,0.21,-99,-99,0.48,-99,0.45,-99,-99,0.42,0.43,0.32,0.28,-99,-99,-99,0.43,-99,0.44,0.14,0.62,0.76
21/01/2026,6,0.3,0.46,0.85,0.32,-99,0.49,-99,0.78,0.27,0.56,-99,0.33,0.18,-99,-99,0.75,-99,0.64,-99,-99,0.59,0.45,0.61,0.47,-99,-99,-99,0.7,-99,0.69,0.32,0.76,0.99
21/01/2026,7,0.36,0.47,1.89,0.56,-99,0.68,-99,1.31,0.43,1.44,-99,0.66,0.16,-99,-99,1.01,-99,1.16,-99,-99,0.83,0.71,0.95,0.79,-99,-99,-99,1.27,-99,0.89,0.6,0.9,1.41
21/01/2026,8,0.69,0.48,1.37,0.99,-99,1.21,-99,1.9,0.74,2.33,-99,0.89,0.16,-99,-99,1.48,-99,1.41,-99,-99,0.9,0.97,1.36,1.21,-99,-99,-99,1.56,-99,1.78,0.96,1.16,2.01
21/01/2026,9,0.72,1.05,0.88,1.3,-99,1.35,-99,2.09,0.97,2.38,-99,1.18,0.18,-99,-99,1.53,-99,1.57,-99,-99,0.98,1.63,1.28,1.18,-99,-99,-99,1.6,-99,1.56,0.94,1.39,2.27
21/01/2026,10,0.64,0.8,1.27,1.48,-99,1.58,-99,1.91,1.12,1.46,-99,1.69,0.19,-99,-99,1.88,-99,1.64,-99,-99,0.95,1.33,1.01,1,-99,-99,-99,1.83,-99,1.41,0.75,1.05,1.77
21/01/2026,11,0.62,1.11,1.02,1.5,-99,1.67,-99,2.07,1.3,1.24,-99,1.75,0.23,-99,-99,2.16,-99,1.94,-99,-99,0.93,1.38,1.15,1.03,-99,-99,-99,1.68,-99,1.25,0.82,1.17,1.99
21/01/2026,12,0.45,0.96,1.03,1.85,-99,1.76,-99,0.71,1.29,1.39,-99,1.87,0.23,-99,-99,1.86,-99,1.61,-99,-99,0.86,1.82,1.54,0.84,-99,-99,-99,1.41,-99,1.27,0.86,0.94,1.99
21/01/2026,13,0.33,1.21,1.13,1.67,-99,1.61,-99,0.26,1.49,1.29,-99,1.54,0.23,-99,-99,1.08,-99,1.45,-99,-99,0.73,1.61,1.11,0.64,-99,-99,-99,1.39,-99,1.04,0.78,-99,1.91
21/01/2026,14,0.35,0.89,0.89,1.08,-99,1.08,-99,0.26,0.81,1.14,-99,1.15,0.26,-99,-99,1.1,-99,1.41,-99,-99,0.64,1.06,0.74,0.54,-99,-99,-99,0.67,-99,0.75,0.37,0.68,1.29
21/01/2026,15,0.31,-99,0.61,0.99,-99,0.87,-99,0.37,0.45,0.91,-99,1.05,0.28,-99,-99,1.05,-99,1.32,-99,-99,0.81,0.82,0.81,0.62,-99,-99,-99,1,-99,0.45,0.55,0.47,1.14
21/01/2026,16,0.25,0.31,0.69,0.77,-99,0.37,-99,0.56,0.32,1.31,-99,1.14,0.26,-99,-99,0.71,-99,0.86,-99,-99,1.38,0.35,0.71,0.9,-99,-99,-99,0.93,-99,0.72,0.87,0.54,1.16
21/01/2026,17,0.32,0.34,0.64,0.49,-99,0.25,-99,0.54,0.31,0.69,-99,0.53,0.27,-99,-99,1.46,1.11,0.41,-99,-99,0.97,0.25,0.7,0.88,-99,-99,-99,0.75,-99,0.32,0.21,0.54,1.43
21/01/2026,18,0.27,0.35,0.71,0.61,-99,0.6,-99,0.57,0.28,1.22,-99,0.57,0.24,-99,-99,0.98,0.87,0.65,-99,-99,0.98,0.33,0.61,0.55,-99,-99,-99,0.55,-99,0.6,0.45,0.38,1.12
21/01/2026,19,0.41,0.66,0.37,0.92,-99,0.9,-99,0.87,0.66,1.8,-99,0.9,0.23,-99,-99,0.86,1.15,0.96,-99,-99,1.11,0.68,0.63,0.66,-99,-99,-99,0.82,-99,0.94,0.53,0.44,0.98
21/01/2026,20,0.42,0.61,0.82,0.99,-99,0.8,-99,1.21,1.2,2.05,-99,1.35,0.23,-99,-99,0.69,1.6,1.1,-99,-99,1.16,0.74,1.03,0.78,-99,-99,-99,0.74,-99,0.9,0.59,1.01,1.4
21/01/2026,21,0.5,0.25,1.55,1.15,-99,0.86,-99,1.46,1.19,2.66,-99,1.13,0.24,-99,-99,1.55,1.24,1.39,-99,-99,1.16,0.97,0.85,1.04,-99,-99,-99,1.13,-99,1.07,0.86,2.15,1.19
21/01/2026,22,0.72,0.29,1.49,1.05,-99,1.63,-99,1.57,1.21,3.06,-99,0.97,0.26,-99,-99,1.06,1.22,1.62,-99,-99,1.37,1.21,1.07,0.85,-99,-99,-99,1.68,-99,1.19,0.85,1.8,1.27
21/01/2026,23,0.78,0.15,1.35,1.13,-99,1.49,-99,1.27,1.72,2,-99,1,0.21,-99,-99,1.13,1.27,1.31,-99,-99,1.11,1.05,1.72,1.41,-99,-99,-99,2.24,-99,1.07,0.51,2.68,1.78
21/01/2026,24,0.43,0.19,1.11,1.42,-99,0.97,-99,0.77,1.11,1.92,-99,1.23,0.16,-99,-99,1.44,1.34,1.34,-99,-99,1.19,0.48,2,1.51,-99,-99,-99,2.13,-99,0.82,0.45,1.47,1.38
22/01/2026,1,0.32,0.09,1.14,1.46,-99,0.89,-99,0.32,0.54,1.33,-99,1.44,0.18,-99,-99,1.02,1.37,1.29,-99,-99,1.04,0.38,1.43,1.14,-99,-99,-99,1.67,1.55,0.92,0.35,1.28,1.43
22/01/2026,2,0.27,0.09,0.69,1.44,-99,0.56,-99,0.27,0.23,1.16,-99,1.56,0.17,-99,-99,0.88,1.53,0.96,-99,-99,1.26,0.22,1.04,0.83,-99,-99,-99,1.21,1.37,1.04,0.46,1.3,1.61
22/01/2026,3,0.18,0.12,0.59,1.26,-99,0.38,-99,0.31,0.17,0.68,-99,1.38,0.18,-99,-99,1.39,1.42,0.83,-99,-99,0.89,0.2,0.46,0.57,-99,-99,-99,0.73,1.38,1,0.62,1.45,1.93
22/01/2026,4,0.17,0.09,0.46,0.85,-99,0.4,-99,0.44,0.2,0.57,-99,0.87,0.17,-99,-99,1.41,1.3,0.45,-99,-99,1,0.11,0.52,0.52,-99,-99,-99,0.71,0.95,0.84,0.62,1.38,1.49
22/01/2026,5,0.3,0.13,0.54,0.57,-99,0.26,-99,0.36,0.08,0.32,-99,0.76,0.12,-99,-99,1.41,1.33,0.69,-99,-99,1.03,0.15,0.7,0.97,-99,-99,-99,0.69,0.63,0.69,0.55,1.24,1.38
22/01/2026,6,0.26,0.09,0.82,0.66,-99,0.3,-99,0.41,0.13,0.42,-99,0.9,0.11,-99,-99,1.34,1.76,1.18,-99,-99,1.01,0.14,0.76,1.57,-99,-99,-99,0.83,0.94,0.74,0.72,1.76,2.29
22/01/2026,7,0.49,0.22,1.58,1.11,-99,0.67,-99,0.87,0.42,1.37,-99,1.3,0.11,-99,-99,2.22,1.54,1.48,-99,-99,1.4,0.5,0.8,2.61,-99,-99,-99,1.58,1.4,0.8,1.99,1.82,1.76
22/01/2026,8,0.78,0.21,2.86,1.3,-99,1.28,-99,1.53,1.44,3.09,-99,1.64,0.09,-99,-99,2.77,3.14,1.51,-99,-99,2.95,1.22,1.71,2.95,-99,-99,-99,2.26,1.64,1.44,2.79,2.31,3.15
22/01/2026,9,0.95,0.56,2.84,1.43,-99,1.87,-99,0.82,1.56,3.29,-99,1.11,0.16,-99,-99,2.72,2.5,1.51,-99,-99,2.56,1.48,2.48,3.35,-99,-99,-99,2.5,2.31,1.75,1.62,3.19,3.24
22/01/2026,10,0.7,0.67,1.71,1.45,-99,1.57,-99,0.99,1.98,2.56,-99,1.45,0.2,-99,-99,2.28,2.45,1.43,-99,-99,2.34,0.9,1.38,2.77,-99,-99,-99,2.17,1.41,1.17,1.11,2.39,2.46
22/01/2026,11,0.44,1.19,1.43,1.48,-99,1.09,-99,0.91,1.42,1.63,-99,1.93,0.17,-99,-99,1.53,1.9,1.24,-99,-99,1.44,0.92,0.76,2.92,-99,-99,-99,1,1.3,1,1.22,1.7,-99
22/01/2026,12,0.28,0.66,0.89,1.3,-99,0.9,-99,0.78,0.9,1.22,-99,1.06,0.17,-99,-99,0.78,1.04,1.36,-99,-99,1.07,0.77,0.53,1.44,-99,-99,-99,0.79,1.17,1.39,0.92,1.39,-99
22/01/2026,13,0.2,0.29,0.8,0.79,-99,0.67,-99,0.75,0.51,0.89,-99,0.58,0.19,-99,-99,0.59,0.65,0.83,-99,-99,0.54,0.53,0.29,0.49,-99,-99,-99,0.48,0.89,1.08,0.34,0.82,0.56
22/01/2026,14,0.09,0.24,0.76,0.44,-99,0.6,-99,0.31,0.37,0.75,-99,0.46,0.23,-99,-99,0.62,0.72,0.66,-99,-99,0.49,0.47,0.3,0.36,-99,-99,-99,0.62,0.66,0.27,0.28,0.78,0.57
22/01/2026,15,0.12,0.26,0.58,0.44,-99,0.39,-99,0.33,0.35,0.73,-99,0.38,0.24,-99,-99,0.69,0.72,0.57,-99,-99,0.46,0.32,0.37,0.31,-99,-99,-99,0.76,0.54,0.23,0.2,0.63,0.59
22/01/2026,16,0.31,0.18,0.45,0.33,-99,0.3,-99,0.42,0.18,0.54,-99,0.39,0.23,-99,-99,0.67,0.56,0.56,-99,-99,0.41,0.2,0.51,0.36,-99,-99,-99,0.62,0.44,0.31,0.14,0.65,0.62
22/01/2026,17,0.33,0.19,0.38,0.35,-99,0.33,-99,0.48,0.12,0.55,-99,0.36,0.25,-99,-99,0.63,0.49,0.49,-99,-99,0.44,0.21,0.41,0.4,-99,-99,-99,0.44,0.42,0.32,0.17,0.63,0.55
22/01/2026,18,0.14,0.14,0.62,0.62,-99,0.36,-99,0.48,0.3,1.07,-99,0.52,0.23,-99,-99,0.54,0.72,0.73,-99,-99,0.6,0.24,0.54,0.45,-99,-99,-99,0.59,0.47,0.34,0.21,0.9,0.8
22/01/2026,19,0.6,0.16,0.96,0.47,-99,0.26,-99,0.35,0.57,0.44,-99,0.56,0.23,-99,-99,0.78,1.21,0.35,-99,-99,0.87,0.35,0.82,0.56,-99,-99,-99,0.81,0.64,0.39,0.45,1.29,1.09
22/01/2026,20,0.69,0.33,0.84,0.52,-99,0.53,-99,0.55,0.81,1.23,-99,0.66,0.24,-99,-99,0.9,1.07,0.41,-99,-99,0.95,0.53,1.15,0.99,-99,-99,-99,0.89,0.67,0.6,0.5,1.11,1.05
22/01/2026,21,0.85,0.11,0.42,1.1,-99,0.88,-99,0.48,1.35,2.01,-99,0.94,0.25,-99,-99,1.46,1.38,0.99,-99,-99,1.07,0.97,1,0.86,-99,-99,-99,1.01,0.74,0.63,0.43,0.91,1.04
22/01/2026,22,0.67,0.21,0.54,1.51,-99,1.26,-99,0.44,1.77,1.69,-99,1.17,0.3,-99,-99,0.96,1.03,0.72,-99,-99,1.02,1.12,0.93,0.9,-99,-99,-99,1.12,1.04,0.49,0.56,1.63,1.43
22/01/2026,23,0.36,0.17,1.08,1.19,-99,1.17,-99,0.53,0.79,1.98,-99,0.72,0.22,-99,-99,1.11,1.88,0.63,-99,-99,0.91,0.8,1.09,0.38,-99,-99,-99,1.07,0.98,0.79,0.77,1.45,1.44
22/01/2026,24,0.28,0.14,0.51,1.48,-99,0.46,-99,0.35,0.54,1.2,-99,0.86,0.21,-99,-99,1.35,1.76,0.37,-99,-99,1.27,0.3,1.44,1.95,-99,-99,-99,0.94,0.77,1.09,0.82,1.48,1.89
23/01/2026,1,0.27,0.23,0.19,1.01,-99,0.41,-99,0.3,0.22,0.77,-99,0.51,0.22,-99,-99,0.63,0.83,0.28,-99,-99,1.28,0.24,1.54,1.88,-99,-99,-99,0.64,0.76,1.18,1.09,0.92,1.77
23/01/2026,2,0.29,0.3,0.12,0.91,-99,0.45,-99,0.26,0.1,0.59,-99,0.51,0.22,-99,-99,1.07,0.8,0.53,-99,-99,1.65,0.2,0.98,1.27,-99,-99,-99,0.57,0.73,0.94,1.25,0.79,1.51
23/01/2026,3,0.22,0.3,0.14,0.62,-99,0.44,-99,0.22,0.07,0.48,-99,0.56,0.21,-99,-99,1.28,0.81,0.51,-99,-99,1.63,0.18,0.84,1.18,-99,-99,-99,0.37,0.54,0.69,0.7,0.9,1.22
23/01/2026,4,0.21,0.18,0.12,0.54,-99,0.37,-99,0.2,0.01,0.39,-99,0.62,0.2,-99,-99,0.86,0.83,0.42,-99,-99,0.73,0.15,0.85,1,-99,-99,-99,0.2,0.41,0.54,0.6,0.9,1.07
23/01/2026,5,0.27,0.14,0.12,0.66,-99,0.46,-99,0.21,0,0.29,-99,0.7,0.16,-99,-99,0.88,0.97,0.42,-99,-99,0.58,0.15,0.71,1.41,-99,-99,-99,0.19,0.49,0.75,0.45,0.83,1.04
23/01/2026,6,0.31,0.21,0.67,0.92,-99,0.49,-99,0.26,0.07,0.5,-99,1,0.13,-99,-99,0.9,1.15,0.68,-99,-99,0.89,0.2,0.63,1.03,-99,-99,-99,0.62,0.58,0.72,0.58,1.03,1.35
23/01/2026,7,0.61,0.23,1.6,1.19,-99,0.72,-99,0.77,0.29,1.47,-99,1.12,0.12,-99,-99,2.33,1.3,0.9,-99,-99,2.24,0.47,0.89,1.79,-99,-99,-99,1.43,1.17,0.99,1.3,1.61,1.87
23/01/2026,8,1,0.21,2.41,1.51,-99,1.27,-99,0.8,0.89,2.41,-99,1.34,0.1,-99,-99,2.66,3.32,2,-99,-99,3.79,0.72,1.78,2.95,-99,-99,-99,1.99,1.72,1.64,2.02,2.43,3.31
23/01/2026,9,0.94,0.54,1.78,1.74,-99,0.95,-99,0.61,0.9,2.11,-99,1.37,0.15,-99,-99,2.68,2.39,1.45,-99,-99,2.83,0.53,1.26,4.43,-99,-99,-99,1.99,2.6,2.33,2.71,2.6,3.33
23/01/2026,10,0.9,0.48,0.82,1.33,-99,1.14,-99,0.28,1.02,1.57,-99,1.36,0.18,-99,-99,-99,1.63,1.22,-99,-99,1.87,0.45,0.77,1.95,-99,-99,-99,1.61,2.31,1.02,1.3,1.93,2.11
23/01/2026,11,0.59,0.64,0.84,1.32,-99,1,-99,0.46,1.5,0.8,-99,1.14,-99,-99,-99,1.56,1.54,1.07,-99,-99,1.38,0.93,0.82,0.94,-99,-99,-99,1,1.58,0.72,1.46,1.38,1.34
23/01/2026,12,-99,0.36,0.57,0.8,-99,0.6,-99,0.95,0.76,0.71,-99,0.87,-99,-99,-99,1.02,0.81,0.92,-99,-99,0.76,0.6,0.52,0.45,-99,-99,-99,0.66,0.57,0.41,0.45,0.72,0.95
23/01/2026,13,-99,0.33,0.49,0.45,-99,0.43,-99,0.88,0.29,0.67,-99,0.33,-99,-99,-99,0.72,0.53,0.62,-99,-99,0.45,0.38,0.29,0.4,-99,-99,-99,0.49,0.4,0.31,0.27,0.38,0.58
23/01/2026,14,-99,0.26,0.28,0.3,-99,0.33,-99,0.55,0.29,0.61,-99,0.33,-99,-99,-99,0.69,0.55,0.51,-99,-99,0.43,0.27,0.3,0.3,-99,-99,-99,0.55,0.41,0.22,0.17,0.51,0.46
23/01/2026,15,0.14,0.32,0.31,0.36,-99,0.39,-99,0.36,0.28,0.6,-99,0.34,-99,-99,-99,0.63,0.74,0.46,-99,-99,0.5,0.31,0.32,0.33,-99,-99,-99,0.41,0.44,0.22,0.19,0.5,0.59
23/01/2026,16,0.31,0.17,0.09,0.23,-99,0.23,-99,0.4,0.14,0.23,-99,0.26,-99,-99,-99,0.6,0.78,0.22,-99,-99,0.63,0.21,0.52,0.43,-99,-99,-99,0.46,0.28,0.34,0.29,0.43,0.58
23/01/2026,17,0.4,0.19,0.09,0.22,-99,0.19,-99,0.39,0.06,0.22,-99,0.22,-99,-99,-99,0.62,0.72,0.15,-99,-99,0.72,0.17,0.48,0.51,-99,-99,-99,0.47,0.22,0.27,0.19,0.48,0.59
23/01/2026,18,0.59,0.11,0.07,0.27,-99,0.2,-99,0.4,0.1,0.31,-99,0.29,-99,-99,-99,0.73,0.74,0.18,-99,-99,0.68,0.25,0.41,0.58,-99,-99,-99,0.27,0.13,0.29,0.23,0.56,0.51
23/01/2026,19,0.78,0.17,0.07,0.48,-99,0.32,-99,0.64,0.22,0.35,-99,0.56,-99,-99,-99,0.81,1.04,0.38,-99,-99,0.87,0.34,0.51,0.67,-99,-99,-99,0.38,0.22,0.38,0.31,0.76,0.79
23/01/2026,20,1.17,0.1,0.08,0.72,-99,0.41,-99,0.63,0.3,0.89,-99,0.55,-99,-99,-99,0.41,1.06,0.35,-99,-99,1.04,0.52,0.65,0.71,-99,-99,-99,0.6,0.26,0.57,0.42,1.01,0.84
23/01/2026,21,0.78,0.08,0.17,0.67,-99,0.92,-99,0.46,0.43,0.58,-99,0.49,-99,-99,-99,0.54,0.76,0.3,-99,-99,1.29,0.84,0.57,0.97,-99,-99,-99,0.47,0.3,0.6,1.18,0.89,0.67
23/01/2026,22,1,0.13,0.39,1.21,-99,1.15,-99,0.59,0.49,0.39,-99,0.67,-99,-99,-99,-99,1.03,0.51,-99,-99,1.73,0.75,-99,0.92,-99,-99,-99,0.51,1.1,0.66,1.02,0.97,1.07
23/01/2026,23,1.57,0.07,0.75,2.01,-99,0.99,-99,0.51,0.36,0.74,-99,1.54,-99,-99,-99,-99,1.91,0.44,-99,-99,2.09,0.98,-99,0.69,-99,-99,-99,0.76,0.93,0.63,1.09,1.5,1.15
23/01/2026,24,1.34,0.06,1.11,2.22,-99,0.89,-99,0.38,0.65,0.83,-99,1.98,-99,-99,-99,-99,1.28,0.3,-99,-99,2.19,0.69,-99,2.59,-99,-99,-99,0.93,0.53,0.93,1.11,2.8,1.54
24/01/2026,1,-99,-99,-99,-99,-99,-99,-99,-99,0.91,-99,-99,-99,-99,-99,-99,-99,-99,-99,-99,-99,-99,-99,-99,-99,-99,-99,-99,-99,-99,-99,-99,-99,-99
24/01/2026,2,-99,-99,-99,-99,-99,-99,-99,-99,0.71,-99,-99,-99,-99,-99,-99,-99,-99,-99,-99,-99,-99,-99,-99,-99,-99,-99,-99,-99,-99,-99,-99,-99,-99
24/01/2026,3,-99,-99,-99,-99,-99,-99,-99,-99,0.14,-99,-99,-99,-99,-99,-99,-99,-99,-99,-99,-99,-99,-99,-99,-99,-99,-99,-99,-99,-99,-99,-99,-99,-99
24/01/2026,4,0.56,0.07,0.03,0.77,-99,0.5,-99,0.18,0.04,0.28,-99,0.91,0.12,-99,-99,-99,1.22,0.81,-99,-99,1.86,0.18,1.38,1.64,-99,-99,-99,0.37,1.35,0.66,0.49,1.99,1.33
24/01/2026,5,0.42,0.05,0.02,0.67,-99,0.35,-99,0.19,0.06,0.27,-99,0.73,0.09,-99,-99,-99,1.67,0.75,-99,-99,1.87,0.18,1.27,1.38,-99,-99,-99,0.33,1.02,0.74,0.68,1.62,1.72
24/01/2026,6,0.4,0.06,0.33,0.76,-99,0.49,-99,0.23,0.15,0.4,-99,0.61,0.07,-99,-99,-99,2.09,0.99,-99,-99,1.33,0.28,1.02,2.21,-99,-99,-99,0.47,0.83,0.94,1.03,2.14,1.88
24/01/2026,7,0.5,0.08,1.08,1.09,-99,0.52,-99,0.44,0.18,0.65,-99,0.87,0.06,-99,-99,-99,2.36,1.23,-99,-99,1.51,0.31,1.08,2.1,-99,-99,-99,0.91,1.88,0.93,1.22,1.71,3.33
24/01/2026,8,0.68,0.1,1.61,1.16,-99,0.75,-99,0.93,0.52,1.36,-99,1.11,0.06,-99,-99,-99,3.01,1.44,-99,-99,2.46,0.57,1.42,3.62,-99,-99,-99,1.53,2.24,1.07,2.58,1.61,4.51
24/01/2026,9,0.83,0.29,1.29,1.26,-99,1.04,-99,0.7,0.64,1.15,-99,1.29,0.06,-99,-99,-99,2.23,1.36,-99,-99,3.17,0.6,1.61,2.42,-99,-99,-99,1.73,2.5,0.89,1.43,1.8,4.5
24/01/2026,10,0.66,0.5,0.82,1.23,-99,1.38,-99,0.58,1.2,1.65,-99,1.3,0.09,-99,-99,-99,2.05,1.18,-99,-99,2.84,0.9,1.42,2.1,-99,-99,-99,1.36,1.95,0.63,0.78,1.75,3.01
24/01/2026,11,0.68,0.8,1.03,0.94,-99,0.85,-99,0.57,1.83,1.5,-99,0.97,0.12,-99,-99,-99,1.3,0.85,-99,-99,1.75,0.58,0.98,1.36,-99,-99,-99,1.22,1.47,0.71,0.78,1.59,1.39
24/01/2026,12,0.3,0.6,0.5,0.72,-99,0.67,-99,0.37,0.98,0.56,-99,0.64,0.11,-99,-99,-99,1.05,0.68,-99,-99,0.45,0.6,0.56,0.23,-99,-99,-99,0.53,0.7,0.46,0.47,1.08,0.77
24/01/2026,13,0.2,0.29,0.35,0.28,-99,0.37,-99,0.26,0.31,0.35,-99,0.26,0.12,-99,-99,-99,0.59,0.39,-99,-99,0.26,0.23,0.33,0.27,-99,-99,-99,0.43,0.32,0.29,0.07,0.51,0.53
24/01/2026,14,0.07,0.03,0.1,0.18,-99,0.08,-99,0.29,0.12,0.17,-99,0.13,0.15,-99,-99,-99,0.52,0.08,-99,-99,0.31,0.05,0.28,0.32,-99,-99,-99,0.17,0.21,0.23,0.09,0.44,0.53
24/01/2026,15,0.11,0.03,0.16,0.1,-99,0.03,-99,0.28,0.1,0.2,-99,0.04,0.15,-99,-99,-99,0.42,0.09,-99,-99,0.28,0.05,0.26,0.31,-99,-99,-99,0.19,0.15,0.19,0.07,0.32,0.4
24/01/2026,16,0.06,0.06,0.18,0.13,-99,0.06,-99,0.31,0.12,0.17,-99,0.07,0.16,-99,-99,-99,0.45,0.11,-99,-99,0.32,0.08,0.29,0.38,-99,-99,-99,0.19,0.16,0.24,0.17,0.35,0.37
24/01/2026,17,0.08,0.07,0.14,0.13,-99,0.1,-99,0.36,0.09,0.19,-99,0.09,0.16,-99,-99,-99,0.58,0.13,-99,-99,0.35,0.09,0.35,0.38,-99,-99,-99,0.19,0.15,0.24,0.15,0.36,0.48
24/01/2026,18,0.12,0.1,0.12,0.16,-99,0.11,-99,0.39,0.07,0.2,-99,0.16,0.15,-99,-99,-99,0.51,0.18,-99,-99,0.4,0.1,0.36,0.38,-99,-99,-99,0.19,0.14,0.24,0.11,0.36,0.44
24/01/2026,19,0.14,0.11,0.16,0.3,-99,0.17,-99,0.48,0.1,0.24,-99,0.23,0.18,-99,-99,-99,0.54,0.19,-99,-99,0.41,0.12,0.49,0.44,-99,-99,-99,0.23,0.18,0.25,0.18,0.57,0.49
24/01/2026,20,0.25,0.24,0.27,0.57,-99,0.19,-99,0.4,0.19,0.49,-99,0.23,0.17,-99,-99,-99,0.71,0.41,-99,-99,0.56,0.1,0.7,0.58,-99,-99,-99,0.36,0.28,0.32,0.33,0.58,0.73
24/01/2026,21,0.48,0.18,0.64,0.69,-99,0.38,-99,0.38,0.2,0.45,-99,0.54,0.16,-99,-99,-99,0.72,0.9,-99,-99,0.68,0.2,0.79,0.38,-99,-99,-99,0.26,0.44,0.32,0.35,0.69,0.8
24/01/2026,22,0.7,0.1,0.37,0.67,-99,0.36,-99,0.48,0.3,0.53,-99,0.65,0.13,-99,-99,-99,1.07,0.61,-99,-99,0.94,0.46,1.05,0.34,-99,-99,-99,0.37,0.73,0.43,0.32,1.01,1.16
24/01/2026,23,0.95,0.15,0.47,1.04,-99,0.5,-99,0.4,0.48,0.64,-99,1.15,0.11,-99,-99,-99,1.34,0.64,-99,-99,0.92,0.87,0.9,0.33,-99,-99,-99,0.54,1.1,0.51,0.67,1.86,2.1
24/01/2026,24,0.69,0.1,0.18,1.56,-99,0.74,-99,0.32,0.4,0.84,-99,2.08,0.13,-99,-99,-99,1.55,0.44,-99,-99,1.06,0.82,1.2,0.35,-99,-99,-99,0.48,1.18,0.63,0.8,1.67,1.99
25/01/2026,1,0.64,0.06,0.06,2.38,-99,0.77,-99,0.28,0.44,0.79,-99,2.76,0.17,-99,-99,-99,1.92,0.41,-99,-99,0.72,0.62,1.63,0.5,-99,-99,-99,0.58,0.89,0.48,0.66,1.59,1.08
25/01/2026,2,0.37,0.09,0.1,2.14,-99,0.72,-99,0.25,0.28,0.6,-99,2.75,0.17,-99,-99,-99,2.22,0.66,-99,-99,0.43,0.69,0.73,0.2,-99,-99,-99,0.51,0.67,0.69,0.97,1.49,0.62
25/01/2026,3,0.55,0.36,0.17,1.85,-99,0.56,-99,0.21,0.15,0.4,-99,2.34,0.19,-99,-99,-99,2.05,0.7,-99,-99,0.37,0.73,0.73,0.24,-99,-99,-99,0.6,0.67,0.45,0.74,1.49,0.74
25/01/2026,4,0.48,0.1,0.15,1.79,-99,0.58,-99,0.19,0.15,0.4,-99,1.87,0.16,-99,-99,-99,1.99,0.28,-99,-99,0.68,0.54,0.55,0.38,-99,-99,-99,0.4,0.59,0.66,0.4,1.53,1.16
25/01/2026,5,0.59,0.06,0.13,1.66,-99,0.41,-99,0.18,0.52,0.29,-99,2.2,0.12,-99,-99,-99,2.27,0.43,-99,-99,0.61,0.56,0.54,1,-99,-99,-99,0.33,0.55,0.48,0.31,1.5,0.9
25/01/2026,6,0.5,0.11,0.21,1.22,-99,0.33,-99,0.19,0.11,0.27,-99,1.61,0.1,-99,-99,-99,1.99,0.77,-99,-99,0.72,0.42,0.68,0.88,-99,-99,-99,0.33,0.55,0.66,0.61,1.44,1.19
25/01/2026,7,0.48,0.06,0.3,1.09,-99,0.41,-99,0.31,0.62,0.49,-99,1.57,0.1,-99,-99,-99,2.17,0.96,-99,-99,2.3,0.27,0.94,1.21,-99,-99,-99,0.68,0.8,0.96,0.98,1.6,1.62
25/01/2026,8,0.64,0.05,0.57,0.99,-99,0.59,-99,0.31,1.01,0.74,-99,1.24,0.08,-99,-99,-99,2.67,1.36,-99,-99,2.86,0.57,1.98,2.85,-99,-99,-99,0.89,1.06,1.41,0.6,1.23,2.23
25/01/2026,9,0.53,0.28,0.81,0.69,-99,0.69,-99,0.36,1.34,1.39,-99,0.68,0.08,-99,-99,-99,1.99,1.01,-99,-99,1.99,0.52,1.67,1.99,-99,-99,-99,1.42,1.53,1.04,0.89,1.62,1.89
25/01/2026,10,0.35,0.21,1.17,0.74,-99,0.62,-99,0.24,1.12,0.86,-99,0.72,0.09,-99,-99,-99,1.31,0.64,-99,-99,0.51,0.39,0.79,1.08,-99,-99,-99,1.33,0.9,0.6,0.44,1.79,1.15
25/01/2026,11,0.13,0.11,0.69,0.39,-99,0.44,-99,0.23,0.84,0.62,-99,0.5,0.14,-99,-99,-99,0.73,0.63,-99,-99,0.43,0.27,0.46,0.22,-99,-99,-99,0.62,0.83,0.3,0.23,0.84,0.52
25/01/2026,12,0.1,0.15,0.32,0.19,-99,0.22,-99,0.23,0.42,0.18,-99,0.15,0.12,-99,-99,-99,0.49,0.33,-99,-99,0.28,0.2,0.28,0.16,-99,-99,-99,0.41,0.42,0.16,0.02,0.64,0.5
25/01/2026,13,0.09,0.13,0.17,0.15,-99,0.13,-99,0.25,0.31,0.07,-99,0.07,0.15,-99,-99,-99,0.38,0.26,-99,-99,0.26,0.12,0.21,0.18,-99,-99,-99,0.25,0.37,0.15,-0.01,0.46,0.38
25/01/2026,14,0.15,0.09,0.04,0.13,-99,0.12,-99,0.31,0.09,0.15,-99,0.04,0.2,-99,-99,-99,0.41,0.09,-99,-99,0.26,0.11,0.2,0.19,-99,-99,-99,0.34,0.22,0.16,0.01,0.43,0.32
25/01/2026,15,0.16,0.1,0.02,0.14,-99,0.14,-99,0.27,0.03,0.18,-99,0.07,0.17,-99,-99,-99,0.44,0.11,-99,-99,0.3,0.1,0.16,0.26,-99,-99,-99,0.22,0.1,0.19,0.07,0.21,0.3
25/01/2026,16,0.16,0.13,0.04,0.11,-99,0.09,-99,0.31,-0.02,0.13,-99,0.08,0.17,-99,-99,-99,0.54,0.1,-99,-99,0.37,0.07,0.23,0.27,-99,-99,-99,0.2,0.12,0.22,0.1,0.2,0.31
25/01/2026,17,0.12,0.17,0.05,0.14,-99,0.08,-99,0.32,0.02,0.09,-99,0.11,0.17,-99,-99,-99,0.56,0.09,-99,-99,0.43,0.09,0.26,0.3,-99,-99,-99,0.15,0.17,0.29,0.15,0.2,0.28
25/01/2026,18,0.37,0.16,0.06,0.15,-99,0.1,-99,0.32,0.05,0.13,-99,0.11,0.2,-99,-99,-99,0.5,0.08,-99,-99,0.49,0.11,0.45,0.39,-99,-99,-99,0.18,0.23,0.34,0.14,0.23,0.33
25/01/2026,19,0.25,0.11,0.11,0.22,-99,0.11,-99,0.34,0.14,0.05,-99,0.16,0.18,-99,-99,-99,0.5,0.1,-99,-99,0.55,0.12,0.51,0.51,-99,-99,-99,0.24,0.29,0.27,0.18,0.35,0.39
25/01/2026,20,0.51,0.14,0.25,0.25,-99,0.33,-99,0.38,0.25,0.8,-99,0.24,0.19,-99,-99,-99,0.87,0.38,-99,-99,0.68,0.24,0.54,0.6,-99,-99,-99,0.43,0.37,0.31,0.36,0.71,0.59
25/01/2026,21,0.85,0.24,0.26,0.33,-99,0.68,-99,0.53,0.52,0.77,-99,0.75,0.23,-99,-99,-99,1.7,0.76,-99,-99,0.75,0.4,0.94,0.62,-99,-99,-99,0.68,0.75,0.57,0.61,1.78,0.79
25/01/2026,22,1.23,0.23,0.66,0.6,-99,0.7,-99,0.49,0.77,1.64,-99,1.06,0.22,-99,-99,-99,2.19,0.51,-99,-99,0.74,0.44,1.04,0.47,-99,-99,-99,1.04,0.98,0.81,1.02,1.03,1.53
25/01/2026,23,0.75,0.19,0.66,1.06,-99,0.52,-99,0.39,0.5,1.24,-99,0.72,0.19,-99,-99,-99,1.49,0.38,-99,-99,1.13,0.38,0.72,1.51,-99,-99,-99,0.62,0.55,0.71,1.54,0.51,0.88
25/01/2026,24,0.48,0.18,0.74,1.19,-99,0.41,-99,0.78,0.48,0.91,-99,0.65,0.19,-99,-99,-99,1.73,0.4,-99,-99,1.46,0.34,0.5,2.35,-99,-99,-99,0.77,0.54,0.88,1.3,0.86,0.47
26/01/2026,1,0.69,0.22,0.52,1.01,-99,0.31,-99,0.76,0.19,0.63,-99,0.6,0.24,-99,-99,-99,1.8,0.38,-99,-99,1.78,0.23,1.01,2,-99,-99,-99,0.45,0.87,0.99,0.9,1.34,1.13
26/01/2026,2,0.77,0.21,0.42,1.06,-99,0.3,-99,0.6,0.12,0.44,-99,0.42,0.26,-99,-99,-99,1.42,0.37,-99,-99,1.56,0.2,1.12,1.17,-99,-99,-99,0.36,0.84,0.86,0.85,0.82,1.07
26/01/2026,3,0.46,0.2,0.3,0.69,-99,0.39,-99,0.55,0.1,0.37,-99,0.57,0.24,-99,-99,-99,1.54,0.51,-99,-99,1.21,0.18,0.8,0.95,-99,-99,-99,0.42,0.77,0.63,0.44,0.6,0.95
26/01/2026,4,0.42,0.17,0.22,0.42,-99,0.32,-99,0.4,0.08,0.23,-99,0.69,0.2,-99,-99,-99,1.44,0.66,-99,-99,0.93,0.15,0.6,1.01,-99,-99,-99,0.38,0.7,0.69,0.31,0.74,0.94
26/01/2026,5,0.34,0.22,0.24,0.6,-99,0.35,-99,0.43,0.05,0.28,-99,0.74,0.15,-99,-99,-99,1.51,0.62,-99,-99,1.01,0.14,0.56,1.27,-99,-99,-99,0.36,0.78,0.57,0.47,0.84,0.98
26/01/2026,6,0.52,0.22,0.38,0.69,-99,0.48,-99,0.52,0.14,0.38,-99,0.57,0.11,-99,-99,-99,1.57,0.67,-99,-99,1.72,0.18,0.82,1.3,-99,-99,-99,0.43,1.13,0.7,0.68,1.59,1.52
26/01/2026,7,0.65,0.18,1.03,0.97,-99,0.59,-99,0.7,0.34,0.86,-99,0.84,0.11,-99,-99,-99,1.98,1.57,-99,-99,2.27,0.43,1.1,2.14,-99,-99,-99,1.36,1.67,0.87,1.01,2.59,4.42
26/01/2026,8,0.93,0.17,2.08,1.63,-99,1.08,-99,1.18,0.84,2.12,-99,1.45,0.09,-99,-99,-99,2.59,1.61,-99,-99,4.29,0.88,1.37,3.62,-99,-99,-99,2,1.95,1.3,1.55,2.88,3.77
26/01/2026,9,0.86,0.51,2.61,1.87,-99,1.73,-99,0.81,0.84,2.23,-99,1.93,0.15,-99,-99,-99,2,1.06,-99,-99,3.83,1.91,2.09,2.9,-99,-99,-99,2.57,2.44,1.42,1.94,2.14,2.54
26/01/2026,10,0.45,0.73,1.39,1.23,-99,1.18,-99,0.7,1.28,1.93,-99,1.39,0.21,-99,-99,-99,1.75,1.63,-99,-99,2.25,1.31,1.76,2.93,-99,-99,-99,1.94,1.95,0.84,2.21,1.31,2.04
26/01/2026,11,0.23,0.83,1.39,1.55,-99,0.72,-99,1.31,1.28,1.42,-99,1.61,0.19,-99,-99,-99,1.15,1.07,-99,-99,2.03,0.66,1.13,1.03,-99,-99,-99,1.17,1.25,0.9,2.18,0.9,1.56
26/01/2026,12,0.2,0.52,0.94,1.93,-99,1.1,-99,0.84,0.67,1.4,-99,0.95,0.23,-99,-99,-99,0.83,1.43,-99,-99,1.01,0.65,0.54,0.34,-99,-99,-99,1,0.82,0.93,1.05,0.63,0.81
26/01/2026,13,0.18,0.47,0.79,1.09,-99,1.1,-99,0.61,0.73,0.82,-99,0.85,0.21,-99,-99,-99,0.82,1.06,-99,-99,0.33,0.9,0.49,0.21,-99,-99,-99,0.68,0.82,0.57,0.2,0.61,0.66
26/01/2026,14,0.14,0.31,0.66,0.29,-99,0.38,-99,0.82,0.3,0.7,-99,0.35,0.21,-99,-99,-99,0.57,-99,-99,-99,0.28,0.35,0.42,-99,-99,-99,-99,0.56,0.72,0.25,0.08,0.58,0.65
26/01/2026,15,0.24,0.28,0.63,0.28,-99,0.32,-99,0.86,0.25,0.68,-99,0.32,0.21,-99,-99,-99,0.6,-99,-99,-99,0.33,0.27,0.44,-99,-99,-99,-99,0.64,0.65,0.23,0.1,0.52,0.58
26/01/2026,16,0.27,0.27,0.57,0.33,-99,0.3,-99,0.8,0.25,0.65,-99,0.27,0.24,-99,-99,-99,0.44,-99,-99,-99,0.4,0.19,0.44,-99,-99,-99,-99,0.64,0.51,0.25,0.12,0.48,0.64
26/01/2026,17,0.25,0.23,0.57,0.36,-99,0.31,-99,0.64,0.31,0.82,-99,0.3,0.25,-99,-99,-99,0.44,0.49,-99,-99,0.39,0.18,0.37,-99,-99,-99,-99,0.63,0.52,0.27,0.11,0.4,0.56
26/01/2026,18,0.31,0.21,0.42,0.38,-99,0.3,-99,0.58,0.29,0.62,-99,0.34,0.26,-99,-99,-99,0.47,0.43,-99,-99,0.46,0.25,0.46,-99,-99,-99,-99,0.59,0.59,0.34,0.12,0.35,0.64
26/01/2026,19,0.25,0.25,0.38,0.43,-99,0.31,-99,0.69,0.42,0.43,-99,0.42,0.23,-99,-99,-99,0.69,0.55,-99,-99,0.48,0.41,0.44,-99,-99,-99,-99,0.63,0.44,0.38,0.24,0.45,0.73
26/01/2026,20,0.27,0.47,0.31,0.45,-99,0.43,-99,0.74,0.39,0.34,-99,0.34,0.28,-99,-99,-99,0.69,0.48,-99,-99,0.71,0.44,0.49,-99,-99,-99,-99,0.54,0.48,0.52,0.28,0.43,0.64
26/01/2026,21,0.08,0.46,0.41,0.39,-99,0.4,-99,0.66,0.39,0.32,-99,0.34,0.44,-99,-99,-99,0.72,0.39,-99,-99,0.64,0.44,0.38,-99,-99,-99,-99,0.48,0.49,0.54,0.32,0.4,0.54
26/01/2026,22,0.24,0.47,0.37,0.34,-99,0.35,-99,0.52,0.38,0.2,-99,0.29,0.35,-99,-99,-99,0.64,0.31,-99,-99,0.61,0.31,0.4,-99,-99,-99,-99,0.5,0.53,0.5,0.39,0.59,0.55
26/01/2026,23,0.27,0.54,0.29,0.26,-99,0.3,-99,0.65,0.22,0.13,-99,0.21,0.29,-99,-99,-99,0.57,0.31,-99,-99,0.74,0.31,0.57,-99,-99,-99,-99,0.43,0.52,0.45,0.33,0.57,0.73
26/01/2026,24,0.13,0.26,0.32,0.28,-99,0.37,-99,0.55,0.12,0.31,-99,0.22,0.28,-99,-99,-99,0.48,0.32,-99,-99,0.72,0.38,0.52,-99,-99,-99,-99,0.3,0.47,0.42,0.27,0.76,0.65
27/01/2026,1,0.1,0.33,0.22,0.39,-99,0.44,-99,0.66,0.66,0.45,-99,0.24,0.27,-99,-99,-99,0.56,0.44,-99,-99,0.65,0.38,0.71,-99,-99,-99,-99,0.29,0.75,0.45,0.38,0.94,0.79
27/01/2026,2,0.1,0.31,0.11,0.48,-99,0.54,-99,0.51,0.55,0.35,-99,0.47,0.29,-99,-99,-99,0.73,0.45,-99,-99,0.42,0.48,0.6,-99,-99,-99,-99,0.56,0.93,0.62,0.32,0.71,0.93
27/01/2026,3,0.14,0.34,0.33,0.44,-99,0.58,-99,0.41,0.55,0.26,-99,0.4,0.3,-99,-99,-99,0.56,0.49,-99,-99,0.33,0.57,0.33,-99,-99,-99,-99,0.83,0.67,0.41,0.15,0.82,0.96
27/01/2026,4,0.1,0.37,0.56,0.36,-99,0.4,-99,0.45,0.53,0.61,-99,0.33,0.3,-99,-99,-99,0.48,0.5,-99,-99,0.33,0.4,0.46,-99,-99,-99,-99,0.67,0.7,0.36,0.14,0.75,0.93
27/01/2026,5,0.11,0.3,0.74,0.32,-99,0.37,-99,0.49,0.35,0.57,-99,0.2,0.25,-99,-99,-99,0.59,0.45,-99,-99,0.38,0.34,0.5,-99,-99,-99,-99,0.71,0.79,0.4,0.22,0.63,0.93
27/01/2026,6,0.16,0.32,0.75,0.41,-99,0.49,-99,0.71,0.43,0.72,-99,0.34,0.22,-99,-99,-99,0.87,0.48,-99,-99,0.54,0.36,0.68,-99,-99,-99,-99,0.89,0.63,0.55,0.38,0.64,1.32
27/01/2026,7,0.21,0.45,1.14,0.66,-99,0.86,-99,0.95,1.08,1.39,-99,0.81,0.17,-99,-99,-99,1.2,1.01,-99,-99,0.78,0.57,0.94,-99,-99,-99,-99,1.35,0.78,0.78,0.6,0.82,1.81
27/01/2026,8,0.35,0.86,1.57,1.2,-99,1.24,-99,2.15,1.07,2.59,-99,1.4,0.15,-99,-99,-99,1.87,1.02,-99,-99,1.05,0.87,1.84,-99,-99,-99,-99,1.78,1.16,1.17,1.02,1.04,2.12
27/01/2026,9,0.58,1.47,1.58,1.15,-99,1.5,-99,2.86,1.6,2.42,-99,1.62,0.22,-99,-99,-99,1.26,1.13,-99,-99,1.49,1.24,1.93,-99,-99,-99,-99,1.98,1.58,1.41,1.31,1.56,2.56
27/01/2026,10,0.51,1.66,1.63,1.16,-99,1.48,-99,1.11,1.92,2.24,-99,1.59,0.25,-99,-99,-99,1.25,1.32,-99,-99,-99,1.24,1.44,-99,-99,-99,-99,1.69,1.81,0.95,1.2,1.58,2.57
27/01/2026,11,0.45,1.3,1.26,1.18,-99,1.19,-99,1.12,1.86,2.11,-99,1.29,0.27,-99,-99,-99,1.17,1.24,-99,-99,-99,1.03,1.26,-99,-99,-99,-99,-99,1.79,0.93,1.21,1.38,1.38
27/01/2026,12,0.39,1.03,0.94,1.24,-99,-99,-99,0.96,1.62,1.39,-99,1.25,0.36,-99,-99,-99,1.24,1.16,-99,-99,-99,-99,0.86,-99,-99,-99,-99,-99,1.29,1.01,1.12,1.31,1.29
27/01/2026,13,0.33,0.71,0.74,1.02,-99,-99,-99,0.85,0.93,0.86,-99,0.9,0.35,-99,-99,-99,0.89,0.89,-99,-99,-99,-99,0.53,-99,-99,-99,-99,-99,0.89,0.99,0.88,1.24,0.93
27/01/2026,14,0.27,0.48,0.59,0.61,-99,-99,-99,0.8,0.39,0.48,-99,0.48,0.32,-99,-99,-99,0.7,0.66,-99,-99,-99,-99,0.36,-99,-99,-99,-99,-99,0.43,0.44,0.5,0.56,0.69
27/01/2026,15,0.26,0.6,0.44,0.66,-99,-99,-99,0.84,0.36,0.57,-99,0.5,0.31,-99,-99,-99,0.64,0.63,-99,-99,-99,-99,0.36,-99,-99,-99,-99,0.63,0.43,0.4,0.39,0.42,0.61
27/01/2026,16,0.14,0.69,0.45,0.75,-99,-99,-99,0.82,0.33,0.65,-99,0.45,0.3,-99,-99,-99,0.75,0.63,-99,-99,-99,-99,0.49,-99,-99,-99,-99,0.62,0.47,0.3,0.34,0.33,0.83
27/01/2026,17,0.15,0.56,0.39,0.64,-99,-99,-99,0.83,0.38,0.6,-99,0.57,0.27,-99,-99,-99,0.77,0.63,-99,-99,0.52,-99,0.49,-99,-99,-99,-99,0.68,0.38,0.3,0.3,0.31,0.67
27/01/2026,18,0.25,0.45,0.51,0.69,-99,-99,-99,0.9,0.39,0.57,-99,0.67,0.29,-99,-99,-99,0.77,0.83,-99,-99,0.56,0.53,0.35,-99,-99,-99,-99,0.65,0.48,0.36,0.28,0.43,0.68
27/01/2026,19,0.33,0.54,0.45,0.78,-99,-99,-99,0.78,0.3,0.57,-99,0.77,0.26,-99,-99,-99,0.81,0.76,-99,-99,0.66,0.63,0.62,-99,-99,-99,-99,0.64,0.44,0.48,0.44,0.51,0.88
27/01/2026,20,0.48,0.68,0.6,0.85,-99,-99,-99,0.83,0.49,0.76,-99,0.89,0.26,-99,-99,-99,1.08,0.83,-99,-99,0.66,0.7,0.71,-99,-99,-99,-99,0.64,0.52,0.54,0.59,0.69,0.86
27/01/2026,21,0.33,0.66,0.42,0.9,-99,-99,-99,0.68,0.66,0.42,-99,0.9,0.29,-99,-99,-99,1.06,0.72,-99,-99,0.83,0.75,0.73,-99,-99,-99,-99,0.66,0.69,0.51,0.62,0.69,0.74
27/01/2026,22,0.32,0.62,0.51,0.85,-99,-99,-99,0.69,0.6,0.42,-99,0.67,0.3,-99,-99,-99,0.87,0.45,-99,-99,1.07,0.73,0.88,-99,-99,-99,-99,0.74,0.76,0.54,0.81,0.86,0.81
27/01/2026,23,0.3,0.68,0.81,0.67,-99,-99,-99,0.64,0.69,0.48,-99,0.41,0.34,-99,-99,-99,0.7,0.37,-99,-99,1.48,0.87,0.85,-99,-99,-99,-99,0.57,0.67,0.56,1.2,1.17,0.58
27/01/2026,24,0.36,0.79,1.1,0.84,-99,-99,-99,0.6,0.54,0.44,-99,0.34,0.4,-99,-99,-99,0.71,0.46,-99,-99,0.84,0.98,1.09,-99,-99,-99,-99,0.58,0.64,0.71,0.9,0.89,0.44
28/01/2026,1,0.27,0.73,0.27,0.61,-99,-99,-99,0.5,0.26,0.32,-99,0.67,0.46,-99,-99,-99,0.92,0.47,-99,-99,0.88,0.75,0.89,-99,-99,-99,-99,0.54,0.65,0.75,0.93,0.69,0.46
28/01/2026,2,0.3,0.37,0.16,0.5,-99,-99,-99,0.7,0.15,0.28,-99,0.68,0.4,-99,-99,-99,0.69,0.35,-99,-99,0.95,0.58,0.61,-99,-99,-99,-99,0.52,0.41,0.8,1.02,0.97,0.67
28/01/2026,3,0.37,0.27,0.15,0.82,-99,-99,-99,0.61,0.12,0.24,-99,0.63,0.31,-99,-99,-99,0.65,0.34,-99,-99,0.94,0.43,0.58,-99,-99,-99,-99,0.19,0.6,0.79,0.97,0.79,0.79
28/01/2026,4,0.3,0.19,0.06,0.74,-99,-99,-99,0.58,0.07,0.16,-99,0.47,0.27,-99,-99,-99,0.61,0.48,-99,-99,0.83,0.35,0.56,-99,-99,-99,-99,0.27,0.6,0.74,0.9,0.82,0.78
28/01/2026,5,0.32,0.14,0.06,0.8,-99,-99,-99,0.54,0.06,0.14,-99,0.78,0.21,-99,-99,-99,0.72,0.71,-99,-99,0.91,0.31,0.57,-99,-99,-99,-99,0.2,0.56,0.74,0.91,0.74,1.03
28/01/2026,6,0.33,0.13,0.43,0.85,-99,-99,-99,0.57,0.1,0.34,-99,0.83,0.19,-99,-99,-99,1.35,0.64,-99,-99,1.11,0.31,0.78,-99,-99,-99,-99,0.33,0.84,0.81,0.97,1.2,1.3
28/01/2026,7,0.49,0.14,1.43,1.09,-99,-99,-99,0.99,0.36,1,-99,1.42,0.19,-99,-99,-99,1.66,1.8,-99,-99,1.99,0.57,1.12,-99,-99,-99,-99,1.07,1.29,0.83,1.51,1.67,2.44
28/01/2026,8,0.89,0.16,2.18,1.64,-99,-99,-99,1.69,0.56,1.9,-99,1.99,0.19,-99,-99,-99,1.82,1.84,-99,-99,1.77,1.37,2.49,-99,-99,-99,-99,1.85,1.99,1.48,2.16,2.33,3.53
28/01/2026,9,0.86,0.47,2.92,1.99,-99,-99,-99,0.97,0.63,2.03,-99,2.31,0.24,-99,-99,-99,2.02,1.68,-99,-99,2.5,1.4,2.56,-99,-99,-99,-99,2.07,1.92,1.17,1.69,2.61,3.49
28/01/2026,10,0.63,0.84,-99,1.79,-99,-99,-99,0.46,0.78,1.57,-99,-99,0.25,-99,-99,-99,1.88,1.52,-99,-99,1.7,1.34,1.17,-99,-99,-99,-99,1.37,1.51,0.99,1.13,2.1,2.65
28/01/2026,11,0.31,0.5,-99,1.26,-99,-99,-99,0.44,0.6,0.81,-99,-99,0.29,-99,-99,-99,1.48,0.93,-99,-99,1.01,0.86,1.37,-99,-99,-99,-99,0.85,1.2,0.87,1.02,1.08,2
28/01/2026,12,0.19,0.34,0.2,0.75,-99,-99,-99,0.45,0.26,0.43,-99,-99,0.32,-99,-99,-99,0.89,0.45,-99,-99,0.53,0.58,0.58,-99,-99,-99,-99,0.54,0.41,0.44,-99,0.43,0.98
28/01/2026,13,0.18,0.38,0.23,0.5,-99,-99,-99,-99,0.25,0.41,-99,-99,0.35,-99,-99,-99,0.81,0.42,-99,-99,0.37,0.57,0.38,-99,-99,-99,-99,0.49,0.28,0.44,0.33,0.29,0.5
28/01/2026,14,0.17,0.48,0.22,0.49,-99,-99,-99,-99,0.22,0.38,-99,-99,0.35,-99,-99,-99,0.86,0.46,-99,-99,0.35,0.56,0.32,-99,-99,-99,-99,0.36,0.28,0.45,0.28,0.33,0.46
28/01/2026,15,0.19,0.48,0.25,0.53,-99,-99,-99,-99,0.27,0.39,-99,0.46,0.37,-99,-99,-99,0.73,0.44,-99,-99,0.4,0.62,0.33,-99,-99,-99,-99,0.36,0.31,0.4,0.3,0.3,0.55
28/01/2026,16,0.19,0.52,0.3,0.53,-99,-99,-99,-99,0.28,0.33,-99,0.41,0.39,-99,-99,-99,0.73,0.37,-99,-99,0.46,0.63,0.36,-99,-99,-99,-99,0.37,0.29,0.37,0.34,0.3,0.49
28/01/2026,17,0.22,0.56,0.36,0.51,-99,-99,-99,-99,0.35,0.42,-99,0.36,0.43,-99,-99,-99,0.73,0.37,-99,-99,0.56,0.63,0.37,-99,-99,-99,-99,0.37,0.32,0.35,0.4,0.32,0.58
28/01/2026,18,0.18,0.53,0.44,0.45,-99,-99,-99,-99,0.41,0.41,-99,0.33,0.48,-99,-99,-99,0.63,0.44,-99,-99,0.59,0.55,0.42,-99,-99,-99,-99,0.48,0.35,0.32,0.38,0.35,0.67
28/01/2026,19,0.17,0.63,0.38,0.48,-99,-99,-99,-99,0.42,0.42,-99,0.37,0.43,-99,-99,-99,0.61,0.53,-99,-99,0.67,0.67,0.42,-99,-99,-99,-99,0.42,0.37,0.4,0.32,0.43,0.52
28/01/2026,20,0.23,0.47,0.53,0.49,-99,-99,-99,-99,0.41,0.38,-99,0.42,0.44,-99,-99,-99,0.76,0.46,-99,-99,0.79,0.62,0.62,-99,-99,-99,-99,0.46,0.41,0.3,0.33,0.73,0.62
28/01/2026,21,0.27,0.48,0.71,0.57,-99,-99,-99,-99,0.53,0.41,-99,0.48,0.41,-99,-99,-99,0.77,0.53,-99,-99,0.8,0.61,0.54,-99,-99,-99,-99,0.59,0.48,0.47,0.5,0.69,0.55
28/01/2026,22,0.34,0.61,0.72,0.51,-99,-99,-99,-99,0.59,0.28,-99,0.52,0.31,-99,-99,-99,0.81,0.5,-99,-99,0.95,0.57,0.49,-99,-99,-99,-99,0.54,0.62,0.46,0.53,0.71,0.85
28/01/2026,23,0.4,0.4,0.58,0.42,-99,-99,-99,-99,0.41,0.19,-99,0.38,0.29,-99,-99,-99,0.74,0.34,-99,-99,0.87,0.56,0.51,-99,-99,-99,-99,0.35,0.77,0.5,0.51,0.68,0.73
28/01/2026,24,0.28,0.48,0.57,0.38,-99,-99,-99,-99,0.22,0.18,-99,0.34,0.29,-99,-99,-99,0.71,0.25,-99,-99,0.66,0.57,0.6,-99,-99,-99,-99,0.38,0.43,0.48,0.43,0.49,0.92
29/01/2026,1,0.24,0.43,0.49,0.44,-99,-99,-99,-99,0.14,0.3,-99,0.44,0.31,-99,-99,-99,0.84,0.36,-99,-99,0.48,0.65,0.49,-99,-99,-99,-99,0.28,0.39,0.74,0.57,0.71,0.95
29/01/2026,2,0.26,0.44,0.36,0.66,-99,-99,-99,-99,0.47,0.36,-99,0.55,0.29,-99,-99,-99,0.68,0.43,-99,-99,0.45,0.67,0.6,-99,-99,-99,-99,0.32,0.46,0.68,0.34,0.8,0.87
29/01/2026,3,0.24,0.46,0.28,0.5,-99,-99,-99,-99,0.48,0.33,-99,0.49,0.28,-99,-99,-99,0.73,0.5,-99,-99,0.46,0.82,0.67,-99,-99,-99,-99,0.42,0.66,0.5,0.29,0.64,1.03
29/01/2026,4,0.26,0.43,0.2,0.51,-99,-99,-99,-99,0.96,0.33,-99,0.45,0.26,-99,-99,-99,0.67,0.46,-99,-99,0.48,0.88,0.48,-99,-99,-99,-99,0.53,0.73,0.45,0.36,0.52,0.87
29/01/2026,5,0.25,0.36,0.34,0.53,-99,-99,-99,-99,0.85,0.33,-99,0.42,0.24,-99,-99,-99,0.75,0.61,-99,-99,0.54,0.76,0.58,-99,-99,-99,-99,0.32,0.78,0.65,0.4,0.65,1.11
29/01/2026,6,0.26,0.32,0.53,0.68,-99,-99,-99,-99,0.26,0.45,-99,0.55,0.24,-99,-99,-99,1.01,0.9,-99,-99,0.72,0.72,1.16,-99,-99,-99,-99,0.78,0.83,0.66,0.55,1.15,1.04
29/01/2026,7,0.49,0.33,1.18,0.88,-99,-99,-99,-99,0.49,1.49,-99,1.24,0.23,-99,-99,-99,1.17,1.46,-99,-99,1.02,0.84,0.97,-99,-99,-99,-99,1.25,1.26,0.82,1.14,1.78,1.71
29/01/2026,8,0.95,0.67,2.14,1.67,-99,-99,-99,-99,1.15,2.38,-99,1.67,0.2,-99,-99,-99,1.42,1.37,-99,-99,2.03,1.36,1.43,-99,-99,-99,-99,1.55,1.8,1.06,1.62,3.26,2.69
29/01/2026,9,0.93,1.48,1.75,1.31,-99,-99,-99,-99,1.23,2.38,-99,1.84,0.22,-99,-99,-99,1.86,1.51,-99,-99,2.62,1.34,1.6,-99,-99,-99,-99,1.47,2.52,1.11,1.23,2.79,2.94
29/01/2026,10,0.72,1.21,1.42,1.17,-99,-99,-99,-99,1.54,1.76,-99,1.62,0.25,-99,-99,-99,1.96,1.89,-99,-99,2.13,1.18,1.57,-99,-99,-99,-99,1.35,2.25,0.99,0.9,2.05,1.74
29/01/2026,11,0.55,0.78,1.06,1.12,-99,-99,-99,-99,1.88,1.4,-99,1.69,0.24,-99,-99,-99,1.61,1.69,-99,-99,2.08,1.08,0.78,-99,-99,-99,-99,0.81,1.79,0.85,1.02,1.67,1.69
29/01/2026,12,0.38,0.51,1.1,1.24,-99,-99,-99,-99,0.92,0.74,-99,1.08,0.25,-99,-99,-99,1.06,1.18,-99,-99,1.12,0.95,0.44,-99,-99,-99,-99,0.72,0.84,1.02,0.98,1.28,1.1
29/01/2026,13,0.26,0.73,0.66,0.76,-99,-99,-99,-99,0.5,0.62,-99,0.54,0.27,-99,-99,-99,0.7,0.63,-99,-99,0.42,1.15,0.35,-99,-99,-99,-99,0.68,0.53,0.75,0.34,0.72,0.78
29/01/2026,14,0.21,0.95,0.54,0.61,-99,-99,-99,-99,0.41,0.67,-99,0.52,0.25,-99,-99,-99,0.77,0.53,-99,-99,0.49,0.89,0.52,-99,-99,-99,-99,0.54,0.48,0.44,0.28,0.69,0.8
29/01/2026,15,0.18,0.7,0.4,0.59,-99,-99,-99,-99,0.37,0.62,-99,0.43,0.23,-99,-99,-99,0.7,0.52,-99,-99,0.59,0.77,0.37,-99,-99,-99,-99,0.5,0.38,0.46,0.41,0.48,0.54
29/01/2026,16,0.19,0.57,0.2,0.48,-99,-99,-99,-99,0.15,0.34,-99,0.35,0.23,-99,-99,-99,0.64,0.44,-99,-99,0.48,0.66,0.57,-99,-99,-99,-99,0.36,0.28,0.45,0.32,0.45,0.48
29/01/2026,17,0.23,0.52,0.15,0.36,-99,-99,-99,-99,0.28,0.24,-99,0.23,0.27,-99,-99,-99,0.59,0.33,-99,-99,0.43,0.54,0.41,-99,-99,-99,-99,0.24,0.34,0.28,0.24,0.45,0.59
29/01/2026,18,0.28,0.41,0.32,0.42,-99,-99,-99,-99,0.29,0.33,-99,0.28,0.22,-99,-99,-99,0.62,0.47,-99,-99,0.72,0.59,0.39,-99,-99,-99,-99,0.4,0.37,0.26,0.29,0.49,0.65
29/01/2026,19,0.52,0.51,0.42,0.48,-99,-99,-99,-99,0.35,0.38,-99,0.4,0.24,-99,-99,-99,0.62,0.54,-99,-99,0.87,0.56,0.52,-99,-99,-99,-99,0.44,0.43,0.34,0.35,0.65,0.54
29/01/2026,20,0.88,0.54,0.46,0.55,-99,-99,-99,-99,0.5,0.58,-99,0.38,0.28,-99,-99,-99,0.78,0.57,-99,-99,0.92,0.61,0.65,-99,-99,-99,-99,0.59,0.62,0.62,0.43,0.97,0.47
29/01/2026,21,0.76,0.54,1.14,0.59,-99,-99,-99,-99,0.55,1.17,-99,0.41,0.28,-99,-99,-99,0.8,0.75,-99,-99,1.29,0.86,1.17,-99,-99,-99,-99,0.9,0.88,1.01,0.87,1.18,0.57
29/01/2026,22,0.93,0.55,1.63,1.25,-99,-99,-99,-99,1.09,1.41,-99,0.76,0.27,-99,-99,-99,1.51,1.34,-99,-99,1.99,0.97,1.71,-99,-99,-99,-99,1.22,1.21,0.89,1.86,2.18,1.36
29/01/2026,23,0.33,0.55,1.46,1.42,-99,-99,-99,-99,1.43,1.45,-99,1.49,0.27,-99,-99,-99,2.84,1.6,-99,-99,1.99,0.77,1.9,-99,-99,-99,-99,1.29,1.2,0.86,2.12,1.75,0.93
29/01/2026,24,0.21,0.5,1.06,1.33,-99,-99,-99,-99,0.71,1.03,-99,1.96,0.26,-99,-99,-99,2.57,1.34,-99,-99,2.43,0.7,0.94,-99,-99,-99,-99,1.06,1.52,1.16,1.37,1.76,1.64
30/01/2026,1,-99,-99,-99,-99,-99,-99,-99,-99,0.27,-99,-99,-99,-99,-99,-99,-99,-99,-99,-99,-99,-99,-99,-99,-99,-99,-99,-99,-99,-99,-99,-99,-99,-99
30/01/2026,2,-99,-99,-99,-99,-99,-99,-99,-99,0.2,-99,-99,-99,-99,-99,-99,-99,-99,-99,-99,-99,-99,-99,-99,-99,-99,-99,-99,-99,-99,-99,-99,-99,-99
30/01/2026,3,-99,-99,-99,-99,-99,-99,-99,-99,0.19,-99,-99,-99,-99,-99,-99,-99,-99,-99,-99,-99,-99,-99,-99,-99,-99,-99,-99,-99,-99,-99,-99,-99,-99
30/01/2026,4,0.41,0.18,0.07,1.16,-99,-99,-99,-99,0.1,0.29,-99,0.92,0.24,-99,-99,-99,1.21,0.73,-99,-99,0.99,0.23,0.88,-99,-99,-99,-99,0.27,0.33,0.83,0.62,0.66,-99
30/01/2026,5,0.3,0.15,0.11,1.17,-99,-99,-99,-99,0.11,0.16,-99,0.65,0.24,-99,-99,-99,0.7,0.71,-99,-99,0.85,0.32,0.74,-99,-99,-99,-99,0.3,0.33,0.74,0.66,0.82,-99
30/01/2026,6,0.36,0.18,0.52,1.19,-99,-99,-99,-99,0.19,0.54,-99,1.18,0.22,-99,-99,-99,1.54,0.85,-99,-99,1.11,0.31,1.02,-99,-99,-99,-99,0.6,0.44,0.85,0.82,0.78,-99
30/01/2026,7,0.4,0.19,1.33,1.34,-99,-99,-99,-99,0.6,1.13,-99,1.6,0.22,-99,-99,-99,1.9,1.29,-99,-99,1.36,0.52,1.07,-99,-99,-99,-99,1.01,1.13,1,1.45,0.98,-99
30/01/2026,8,0.72,0.21,1.28,1.85,-99,-99,-99,-99,0.59,1.77,-99,2.38,0.22,-99,-99,-99,2.36,1.66,-99,-99,1.09,1.39,2.04,-99,-99,-99,-99,1.77,1.68,1.47,2.31,1.94,-99
30/01/2026,9,0.81,0.54,0.83,2.18,-99,-99,-99,-99,0.78,1.48,-99,2.22,0.25,-99,-99,-99,2.16,1.03,-99,-99,1.69,2.02,1.83,-99,-99,-99,-99,1.51,1.17,1.65,1.5,1.6,-99
30/01/2026,10,0.48,0.94,0.77,2.29,-99,-99,-99,-99,1.24,1.2,-99,2.16,0.29,-99,-99,-99,1.74,0.93,-99,-99,1.53,1.66,1.21,-99,-99,-99,-99,1.18,0.95,1.05,0.97,0.87,-99
30/01/2026,11,0.3,1.27,0.7,1.8,-99,-99,-99,-99,0.86,0.95,-99,1.61,0.33,-99,-99,-99,1.35,1.08,-99,-99,0.69,1.47,1.07,-99,-99,-99,-99,0.67,0.9,0.86,1.28,0.64,-99
30/01/2026,12,0.38,1.05,0.68,1.41,-99,-99,-99,-99,0.56,0.78,-99,1.34,0.36,-99,-99,-99,1.33,1.14,-99,-99,0.65,1.38,1.03,-99,-99,-99,-99,0.85,0.65,0.85,1.14,0.47,-99
30/01/2026,13,0.39,0.53,0.49,0.98,-99,-99,-99,-99,0.55,0.52,-99,0.88,0.3,-99,-99,-99,0.98,1.07,-99,-99,-99,0.8,0.84,-99,-99,-99,-99,0.74,0.66,0.75,0.54,0.48,-99
30/01/2026,14,0.24,0.48,0.42,0.62,-99,-99,-99,-99,0.48,0.53,-99,0.58,0.22,-99,-99,-99,0.61,0.83,-99,-99,0.61,0.65,0.56,-99,-99,-99,-99,0.57,0.36,0.46,-99,0.44,-99
30/01/2026,15,0.24,0.53,0.43,0.62,-99,-99,-99,-99,0.4,0.54,-99,0.55,0.22,-99,-99,-99,0.69,0.64,-99,-99,0.52,0.66,0.61,-99,-99,-99,-99,0.54,0.26,0.31,-99,0.3,-99
30/01/2026,16,0.2,0.57,0.47,0.65,-99,-99,-99,-99,0.32,0.59,-99,0.61,0.28,-99,-99,-99,0.76,0.67,-99,-99,0.44,0.65,0.61,-99,-99,-99,-99,0.41,0.29,0.36,-99,0.31,-99
30/01/2026,17,0.29,0.5,0.47,0.8,-99,-99,-99,-99,0.42,0.58,-99,0.61,0.3,-99,-99,-99,0.81,0.68,-99,-99,0.47,0.63,0.46,-99,-99,-99,-99,0.48,0.32,0.39,0.43,0.34,-99
30/01/2026,18,0.33,0.3,0.55,0.78,-99,-99,-99,-99,0.47,0.7,-99,0.83,0.31,-99,-99,-99,0.86,0.76,-99,-99,0.68,0.57,0.57,-99,-99,-99,-99,0.75,0.33,0.36,0.47,0.38,-99
30/01/2026,19,0.49,0.32,0.53,0.91,-99,-99,-99,-99,0.44,0.61,-99,0.95,0.3,-99,-99,-99,1.02,1.04,-99,-99,0.7,0.84,0.8,-99,-99,-99,-99,0.72,0.34,0.38,0.47,0.52,-99
30/01/2026,20,0.15,0.43,0.54,0.72,-99,-99,-99,-99,0.52,0.45,-99,0.55,0.28,-99,-99,-99,1.1,0.54,-99,-99,1,0.7,0.82,-99,-99,-99,-99,0.5,0.35,0.44,0.51,0.65,-99
30/01/2026,21,0.19,0.64,0.65,0.63,-99,-99,-99,-99,0.57,0.42,-99,0.52,0.3,-99,-99,-99,0.95,0.59,-99,-99,0.94,0.69,0.68,-99,-99,-99,-99,0.49,0.43,0.76,0.91,0.55,-99
30/01/2026,22,0.16,0.61,0.55,0.66,-99,-99,-99,-99,0.44,0.41,-99,0.49,0.41,-99,-99,-99,0.88,0.48,-99,-99,0.7,0.63,0.49,-99,-99,-99,-99,0.56,0.32,0.69,0.51,0.4,-99
30/01/2026,23,0.16,0.54,0.4,0.46,-99,-99,-99,-99,0.37,0.35,-99,0.43,0.47,-99,-99,-99,0.71,0.35,-99,-99,0.63,0.6,0.47,-99,-99,-99,-99,0.4,0.28,0.52,0.38,0.42,-99
30/01/2026,24,0.2,0.66,0.45,0.55,-99,-99,-99,-99,0.3,0.42,-99,0.41,0.4,-99,-99,-99,0.65,0.42,-99,-99,0.66,0.61,0.44,-99,-99,-99,-99,0.28,0.28,0.44,0.52,0.41,-99
31/01/2026,1,0.21,0.69,0.38,0.47,-99,-99,-99,-99,0.41,0.34,-99,0.39,0.37,-99,-99,0.53,0.65,0.47,-99,-99,0.57,0.65,0.35,-99,-99,-99,-99,0.24,0.21,0.49,0.51,0.54,-99
31/01/2026,2,0.16,0.63,0.44,0.42,-99,-99,-99,-99,0.36,0.3,-99,0.33,0.31,-99,-99,0.45,0.57,0.31,-99,-99,0.39,0.51,0.3,-99,-99,-99,-99,0.29,0.38,0.49,0.33,0.66,-99
31/01/2026,3,0.12,0.43,0.29,0.43,-99,-99,-99,-99,0.48,0.29,-99,0.42,0.33,-99,-99,0.43,0.61,0.33,-99,-99,0.35,0.44,0.32,-99,-99,-99,-99,0.37,0.52,0.32,0.18,0.55,-99
31/01/2026,4,0.13,0.43,0.28,0.43,-99,-99,-99,-99,0.28,0.26,-99,0.4,0.31,-99,-99,0.51,0.64,0.32,-99,-99,0.4,0.47,0.3,-99,-99,-99,-99,0.37,0.41,0.26,0.19,0.54,-99
31/01/2026,5,0.17,0.45,0.29,0.46,-99,-99,-99,-99,0.3,0.25,-99,0.31,0.27,-99,-99,0.54,0.63,0.37,-99,-99,0.39,0.46,0.34,-99,-99,-99,-99,0.38,0.39,0.31,0.24,0.4,-99
31/01/2026,6,0.18,0.45,0.35,0.37,-99,-99,-99,-99,0.46,0.25,-99,0.36,0.3,-99,-99,0.69,0.73,0.37,-99,-99,0.37,0.48,0.22,-99,-99,-99,-99,0.42,0.27,0.32,0.23,0.35,-99
31/01/2026,7,0.22,0.48,0.49,0.5,-99,-99,-99,-99,0.31,0.27,-99,0.41,0.34,-99,-99,0.66,0.8,0.43,-99,-99,0.34,0.52,0.31,-99,-99,-99,-99,0.26,0.23,0.34,0.22,0.33,-99
31/01/2026,8,0.19,0.5,0.4,0.63,-99,-99,-99,-99,0.33,0.48,-99,0.31,0.52,-99,-99,0.53,0.77,0.47,-99,-99,0.38,0.54,0.37,-99,-99,-99,-99,0.37,0.21,0.37,0.24,0.42,-99
31/01/2026,9,0.17,0.54,0.42,0.6,-99,-99,-99,-99,0.39,0.51,-99,0.33,0.8,-99,-99,0.64,0.61,0.47,-99,-99,0.42,0.65,0.44,-99,-99,-99,-99,0.44,0.27,0.36,0.25,0.41,-99
31/01/2026,10,0.3,0.57,0.42,0.61,-99,-99,-99,-99,0.43,0.45,-99,0.39,0.59,-99,-99,0.66,0.64,0.51,-99,-99,0.43,0.72,0.52,-99,-99,-99,-99,0.63,0.37,0.39,0.27,0.43,-99
31/01/2026,11,0.34,0.67,0.4,0.68,-99,-99,-99,-99,0.42,0.49,-99,0.42,0.57,-99,-99,0.9,0.71,0.65,-99,-99,0.52,0.72,0.55,-99,-99,-99,-99,0.6,0.37,0.43,0.33,0.41,-99
31/01/2026,12,0.32,0.74,0.43,0.73,-99,-99,-99,-99,0.52,0.53,-99,0.49,0.44,-99,-99,1.02,1.05,0.61,-99,-99,0.53,0.8,0.53,-99,-99,-99,-99,0.56,0.36,0.54,0.49,0.38,-99
31/01/2026,13,0.29,0.79,0.45,0.78,-99,-99,-99,-99,0.39,0.47,-99,0.6,0.28,-99,-99,0.88,1,0.65,-99,-99,0.56,0.88,0.5,-99,-99,-99,-99,0.6,0.33,0.67,0.55,0.41,-99
31/01/2026,14,0.28,0.86,0.51,0.82,-99,-99,-99,-99,0.44,0.58,-99,0.69,0.45,-99,-99,1.15,1.07,0.72,-99,-99,0.65,0.91,0.5,-99,-99,-99,-99,0.56,0.38,0.74,0.61,0.44,-99
31/01/2026,15,0.3,0.91,0.63,0.9,-99,-99,-99,-99,0.52,0.68,-99,0.78,0.79,-99,-99,1.24,1.13,0.74,-99,-99,0.77,0.92,0.57,-99,-99,-99,-99,0.6,0.45,0.79,0.77,0.47,-99
31/01/2026,16,0.33,0.96,0.71,0.99,-99,-99,-99,-99,0.59,0.68,-99,0.86,0.92,-99,-99,1.34,1.21,0.84,-99,-99,0.96,0.94,0.7,-99,-99,-99,-99,0.82,0.57,0.8,0.82,0.57,-99
31/01/2026,17,0.36,1.02,0.81,1.01,-99,-99,-99,-99,0.75,0.68,-99,0.82,0.68,-99,-99,1.45,1.19,0.89,-99,-99,1.07,1.04,0.85,-99,-99,-99,-99,0.74,0.66,0.83,0.87,0.55,-99
31/01/2026,18,0.44,1.08,0.76,0.99,-99,-99,-99,-99,0.71,0.85,-99,0.85,0.79,-99,-99,2.12,1.46,0.86,-99,-99,1.03,1.16,0.94,-99,-99,-99,-99,1,0.76,1,0.97,0.69,-99
31/01/2026,19,0.54,1.19,0.82,1.02,-99,-99,-99,-99,0.91,0.84,-99,0.98,1.12,-99,-99,1.84,1.45,1.01,-99,-99,1.13,1.1,1.01,-99,-99,-99,-99,0.73,0.8,1.07,0.99,0.85,-99
31/01/2026,20,0.43,1.26,0.77,1.09,-99,-99,-99,-99,0.94,0.74,-99,0.91,1.4,-99,-99,1.56,1.17,1,-99,-99,1.07,1.26,0.95,-99,-99,-99,-99,0.75,0.71,1.39,0.98,0.73,-99
31/01/2026,21,0.48,1.27,0.75,1.04,-99,-99,-99,-99,0.75,0.59,-99,0.86,1.01,-99,-99,1.68,1.2,0.87,-99,-99,0.91,1.19,0.81,-99,-99,-99,-99,0.82,0.59,1.09,0.94,0.59,-99
31/01/2026,22,0.38,1.36,0.59,1.14,-99,-99,-99,-99,0.61,0.58,-99,0.86,0.3,-99,-99,1.7,1.21,0.77,-99,-99,0.77,1.09,0.67,-99,-99,-99,-99,0.59,0.44,0.86,0.76,0.61,-99
31/01/2026,23,0.31,1.3,0.83,0.92,-99,-99,-99,-99,0.42,0.52,-99,0.73,0.28,-99,-99,1.29,1,0.71,-99,-99,0.68,1.11,0.54,-99,-99,-99,-99,0.42,0.36,0.72,0.54,0.55,-99
31/01/2026,24,0.34,1.14,0.67,0.79,-99,-99,-99,-99,0.7,0.59,-99,0.43,0.28,-99,-99,1.11,0.78,0.64,-99,-99,0.64,0.92,0.47,-99,-99,-99,-99,0.39,0.37,0.68,0.55,0.48,-99
01/02/2026,1,0.37,1.02,0.78,0.68,-99,-99,-99,-99,0.74,0.56,-99,0.34,0.3,-99,-99,0.95,0.7,0.49,-99,-99,0.54,0.88,0.43,-99,-99,-99,-99,0.54,0.58,0.62,0.45,0.62,-99
01/02/2026,2,0.28,1.03,0.6,0.55,-99,-99,-99,-99,0.57,0.52,-99,0.36,0.3,-99,-99,0.68,0.71,0.58,-99,-99,0.47,0.9,0.5,-99,-99,-99,-99,0.74,0.64,0.5,0.37,0.66,-99
01/02/2026,3,0.28,0.91,0.49,0.64,-99,-99,-99,-99,0.54,0.54,-99,0.58,0.29,-99,-99,0.61,0.83,0.53,-99,-99,0.5,0.81,0.65,-99,-99,-99,-99,0.69,0.43,0.38,0.32,0.92,-99
01/02/2026,4,0.25,0.71,0.31,0.61,-99,-99,-99,-99,0.74,0.66,-99,0.55,0.28,-99,-99,0.62,0.82,0.52,-99,-99,0.63,0.76,0.76,-99,-99,-99,-99,0.43,0.46,0.33,0.41,1.02,-99
01/02/2026,5,0.27,0.76,0.43,0.67,-99,-99,-99,-99,0.5,0.49,-99,0.52,0.23,-99,-99,0.75,0.78,0.66,-99,-99,0.57,0.61,0.71,-99,-99,-99,-99,0.47,0.44,0.41,0.4,0.95,-99
01/02/2026,6,0.35,0.77,0.54,0.64,-99,-99,-99,-99,0.34,0.5,-99,0.44,0.22,-99,-99,0.71,0.94,0.66,-99,-99,0.56,0.55,0.92,-99,-99,-99,-99,0.51,0.39,0.39,0.37,0.92,-99
01/02/2026,7,0.36,0.62,0.47,0.75,-99,-99,-99,-99,0.29,0.59,-99,0.35,0.21,-99,-99,0.85,1.16,0.6,-99,-99,0.77,0.65,0.8,-99,-99,-99,-99,0.56,0.55,0.41,0.62,1.13,-99
01/02/2026,8,0.35,0.81,0.9,1.09,-99,-99,-99,-99,0.33,0.83,-99,0.61,0.21,-99,-99,0.85,1.5,0.62,-99,-99,0.85,0.8,0.89,-99,-99,-99,-99,0.68,0.58,0.57,0.67,0.93,-99
01/02/2026,9,0.42,0.99,1.08,1.14,-99,-99,-99,-99,0.49,1.02,-99,1.06,0.2,-99,-99,1.05,1.52,0.68,-99,-99,0.88,0.83,1.16,-99,-99,-99,-99,1,0.64,0.65,0.76,0.82,-99
01/02/2026,10,0.56,0.8,0.73,1.43,-99,-99,-99,-99,0.56,0.72,-99,0.95,0.23,-99,-99,1.17,1.41,0.72,-99,-99,0.6,0.87,1.05,-99,-99,-99,-99,0.84,0.58,0.76,0.64,-99,-99
01/02/2026,11,0.54,0.88,0.71,1.29,-99,-99,-99,-99,0.49,0.71,-99,1.03,0.19,-99,-99,1.5,1.42,0.75,-99,-99,0.77,1.19,0.81,-99,-99,-99,-99,0.73,0.49,0.81,0.65,0.68,-99
01/02/2026,12,0.5,0.96,0.7,1.23,-99,-99,-99,-99,0.54,0.75,-99,1.27,0.2,-99,-99,1.33,1.35,0.86,-99,-99,0.79,1.33,0.72,-99,-99,-99,-99,0.76,0.54,0.8,0.68,0.77,-99
01/02/2026,13,0.43,1.01,0.78,1.16,-99,-99,-99,-99,0.64,0.74,-99,1.2,0.25,-99,-99,1.17,1.2,0.86,-99,-99,0.75,1.16,0.76,-99,-99,-99,-99,0.85,0.61,0.84,0.63,0.84,-99
01/02/2026,14,0.22,0.66,0.64,0.99,-99,-99,-99,-99,0.5,0.67,-99,0.86,0.45,-99,-99,0.87,0.95,0.82,-99,-99,0.61,1.05,0.64,-99,-99,-99,-99,0.75,0.53,0.76,0.51,0.57,-99
01/02/2026,15,0.22,0.63,0.49,0.73,-99,-99,-99,-99,0.42,0.52,-99,0.48,0.66,-99,-99,0.62,0.7,0.8,-99,-99,0.35,0.8,0.46,-99,-99,-99,-99,0.33,0.35,0.42,0.23,0.45,-99
01/02/2026,16,0.17,0.6,0.52,0.56,-99,-99,-99,-99,0.4,0.36,-99,0.52,0.71,-99,-99,0.95,0.74,0.62,-99,-99,0.47,0.72,0.46,-99,-99,-99,-99,0.42,0.33,0.3,0.26,0.38,-99
01/02/2026,17,0.19,0.57,0.55,0.58,-99,-99,-99,-99,0.36,0.44,-99,0.41,0.72,-99,-99,0.94,0.69,0.49,-99,-99,0.5,0.71,0.38,-99,-99,-99,-99,0.47,0.29,0.41,0.3,0.31,-99
01/02/2026,18,0.23,0.61,0.6,0.55,-99,-99,-99,-99,0.45,0.48,-99,0.36,0.69,-99,-99,0.96,0.55,0.5,-99,-99,0.52,1.02,0.38,-99,-99,-99,-99,0.44,0.29,0.46,0.32,0.32,-99
01/02/2026,19,0.33,0.62,0.49,0.53,-99,-99,-99,-99,0.42,0.46,-99,0.36,0.81,-99,-99,0.88,0.77,0.48,-99,-99,0.67,0.75,0.48,-99,-99,-99,-99,0.42,0.33,0.45,0.32,0.47,-99
01/02/2026,20,0.33,0.57,0.45,0.49,-99,-99,-99,-99,0.38,0.36,-99,0.35,0.69,-99,-99,0.76,0.69,0.42,-99,-99,0.72,0.56,0.48,-99,-99,-99,-99,0.41,0.32,0.45,0.34,0.63,-99
01/02/2026,21,0.25,0.61,0.51,0.49,-99,-99,-99,-99,0.49,0.36,-99,0.33,0.54,-99,-99,0.82,0.67,0.47,-99,-99,0.75,0.59,0.42,-99,-99,-99,-99,0.38,0.53,0.42,0.38,0.56,-99
01/02/2026,22,0.32,0.55,0.57,0.54,-99,-99,-99,-99,0.46,0.29,-99,-99,0.57,-99,-99,0.5,0.6,0.42,-99,-99,0.66,0.59,0.54,-99,-99,-99,-99,0.45,0.35,0.37,0.34,0.79,-99
01/02/2026,23,0.47,0.53,0.63,0.52,-99,-99,-99,-99,0.44,0.32,-99,0.4,0.54,-99,-99,0.63,0.6,0.4,-99,-99,0.87,0.58,0.61,-99,-99,-99,-99,0.38,0.32,0.44,0.48,0.77,-99
01/02/2026,24,0.42,0.53,0.57,0.55,-99,-99,-99,-99,0.55,0.38,-99,0.49,0.55,-99,-99,0.39,0.71,0.41,-99,-99,0.73,0.61,0.59,-99,-99,-99,-99,0.45,0.35,0.46,0.51,0.82,-99
02/02/2026,1,0.35,0.57,0.57,0.6,-99,-99,-99,-99,0.53,0.42,-99,0.47,0.56,-99,-99,0.46,0.73,0.46,-99,-99,0.69,0.7,0.62,-99,-99,-99,-99,0.53,0.55,0.48,0.36,1.11,-99
02/02/2026,2,0.3,0.6,0.36,0.55,-99,-99,-99,-99,0.28,0.46,-99,0.57,0.51,-99,-99,0.46,0.76,0.43,-99,-99,0.64,0.63,1,-99,-99,-99,-99,0.52,0.43,0.44,0.46,0.91,-99
02/02/2026,3,0.25,0.52,0.26,0.7,-99,-99,-99,-99,0.19,0.37,-99,0.59,0.44,-99,-99,0.38,0.97,0.48,-99,-99,0.61,0.57,0.63,-99,-99,-99,-99,0.32,0.33,0.5,0.55,0.78,-99
02/02/2026,4,0.24,0.5,0.3,0.83,-99,-99,-99,-99,0.2,0.33,-99,0.39,0.37,-99,-99,0.89,0.79,0.44,-99,-99,0.42,0.64,0.63,-99,-99,-99,-99,0.39,0.46,0.51,0.37,0.69,-99
02/02/2026,5,0.24,0.51,0.26,0.64,-99,-99,-99,-99,0.28,0.3,-99,0.32,0.28,-99,-99,0.7,0.75,0.39,-99,-99,0.4,0.79,0.39,-99,-99,-99,-99,0.39,0.44,0.38,0.37,0.7,-99
02/02/2026,6,0.27,0.55,0.28,0.71,-99,-99,-99,-99,0.36,0.32,-99,0.33,0.22,-99,-99,0.69,1.06,0.38,-99,-99,0.47,0.84,0.39,-99,-99,-99,-99,0.55,0.5,0.4,0.39,0.77,-99
02/02/2026,7,0.31,0.64,0.39,1.1,-99,-99,-99,-99,0.37,0.53,-99,0.19,0.2,-99,-99,0.76,1.07,0.47,-99,-99,0.49,0.82,0.62,-99,-99,-99,-99,0.52,0.54,0.48,0.5,0.62,-99
02/02/2026,8,0.4,0.74,0.5,1.01,-99,-99,-99,-99,0.45,0.76,-99,0.33,0.18,-99,-99,0.91,1.15,0.71,-99,-99,0.61,0.9,0.76,-99,-99,-99,-99,0.7,0.53,0.56,0.61,0.46,-99
02/02/2026,9,0.56,0.98,0.58,1.2,-99,-99,-99,-99,0.55,0.9,-99,0.78,0.21,-99,-99,1.17,1.2,0.76,-99,-99,0.63,1.06,0.88,-99,-99,-99,-99,0.73,0.51,0.67,0.73,0.52,-99
02/02/2026,10,0.5,0.87,0.7,1.18,-99,-99,-99,-99,0.59,0.76,-99,1.11,0.29,-99,-99,1.36,1.13,0.74,-99,-99,0.68,1.05,0.93,-99,-99,-99,-99,0.71,0.46,0.74,0.61,0.6,-99
02/02/2026,11,0.46,0.93,0.68,1.19,-99,-99,-99,-99,0.66,0.64,-99,1.16,0.32,-99,-99,1.3,1.15,0.71,-99,-99,0.7,1.12,0.96,-99,-99,-99,-99,0.61,0.54,0.8,0.7,0.62,-99
02/02/2026,12,0.32,0.86,0.59,1.02,-99,-99,-99,-99,0.68,0.57,-99,0.87,0.36,-99,-99,1.13,0.96,0.76,-99,-99,0.74,0.99,0.88,-99,-99,-99,-99,0.57,0.63,0.74,0.64,0.76,-99
02/02/2026,13,0.25,0.63,0.49,0.67,-99,-99,-99,-99,0.61,0.45,-99,0.54,0.38,-99,-99,0.93,0.79,0.56,-99,-99,0.58,0.76,0.56,-99,-99,-99,-99,0.44,0.49,0.41,0.4,0.66,-99
02/02/2026,14,0.26,0.52,0.43,0.47,-99,-99,-99,-99,0.34,0.44,-99,0.38,0.37,-99,-99,0.66,0.83,0.28,-99,-99,0.53,0.57,0.39,-99,-99,-99,-99,0.32,0.25,0.36,0.49,0.37,-99
02/02/2026,15,0.21,0.37,0.42,0.32,-99,-99,-99,-99,0.3,0.35,-99,0.33,0.39,-99,-99,0.79,0.68,0.24,-99,-99,0.35,0.34,0.4,-99,-99,-99,-99,0.33,0.25,0.41,0.4,0.3,-99
02/02/2026,16,0.21,0.29,0.35,0.29,-99,-99,-99,-99,0.35,0.24,-99,0.15,0.38,-99,-99,0.84,0.6,0.2,-99,-99,0.38,0.3,0.36,-99,-99,-99,-99,0.4,0.25,0.42,0.27,0.34,-99
02/02/2026,17,0.23,0.31,0.44,0.31,-99,-99,-99,-99,0.33,0.35,-99,0.18,0.37,-99,-99,0.61,0.53,0.3,-99,-99,0.42,0.33,0.41,-99,-99,-99,-99,0.32,0.24,0.28,0.21,0.37,-99
02/02/2026,18,0.23,0.34,0.48,0.33,-99,-99,-99,-99,0.35,0.41,-99,0.25,0.35,-99,-99,0.6,0.62,0.3,-99,-99,0.51,0.39,0.49,-99,-99,-99,-99,0.35,0.3,0.24,0.25,0.38,-99
02/02/2026,19,0.34,0.59,0.54,0.49,-99,-99,-99,-99,0.69,0.41,-99,0.33,0.43,-99,-99,0.8,0.75,0.36,-99,-99,0.77,0.58,0.61,-99,-99,-99,-99,0.35,0.46,0.38,0.4,0.67,-99
02/02/2026,20,0.72,0.51,0.72,0.62,-99,-99,-99,-99,0.98,0.48,-99,0.56,0.51,-99,-99,0.86,1.02,0.46,-99,-99,1.01,0.67,0.93,-99,-99,-99,-99,0.72,0.95,0.84,0.73,1.19,-99
02/02/2026,21,0.38,0.4,0.59,0.76,-99,-99,-99,-99,0.79,0.65,-99,0.78,0.47,-99,-99,0.81,1.05,0.59,-99,-99,1.13,0.78,0.77,-99,-99,-99,-99,0.8,0.61,0.9,0.91,0.99,-99
02/02/2026,22,0.3,0.38,0.77,0.96,-99,-99,-99,-99,0.6,0.66,-99,0.75,0.44,-99,-99,0.95,0.91,0.68,-99,-99,1.03,0.86,0.85,-99,-99,-99,-99,0.56,0.64,0.9,0.59,1,-99
02/02/2026,23,0.43,0.76,1.12,0.91,-99,-99,-99,-99,0.64,0.69,-99,0.68,0.43,-99,-99,0.6,0.97,0.63,-99,-99,0.99,0.97,0.92,-99,-99,-99,-99,0.57,0.85,0.73,0.9,1.25,-99
02/02/2026,24,0.47,0.56,0.73,0.86,-99,-99,-99,-99,0.61,0.89,-99,0.95,0.41,-99,-99,0.74,1.19,0.62,-99,-99,0.78,0.65,1,-99,-99,-99,-99,0.65,0.85,1.67,1.05,1.22,-99
03/02/2026,1,0.51,0.45,0.4,0.89,-99,-99,-99,-99,0.48,0.54,-99,0.81,0.4,-99,-99,0.9,0.92,0.52,-99,-99,0.83,0.53,1.14,-99,-99,-99,-99,0.44,0.68,1.79,1.11,1.39,-99
03/02/2026,2,0.42,0.32,0.31,1,-99,-99,-99,-99,0.28,0.42,-99,0.99,0.36,-99,-99,1,1.16,0.59,-99,-99,0.71,0.45,0.96,-99,-99,-99,-99,0.38,0.67,1.06,1.17,0.92,-99
03/02/2026,3,0.37,0.24,0.29,0.84,-99,-99,-99,-99,0.27,0.38,-99,1.01,0.31,-99,-99,0.93,1.32,0.82,-99,-99,0.83,0.39,0.78,-99,-99,-99,-99,0.29,0.49,1.08,1.08,0.9,-99
03/02/2026,4,0.33,0.19,0.31,0.9,-99,-99,-99,-99,0.28,0.35,-99,1,0.28,-99,-99,1.12,1.12,0.66,-99,-99,0.75,0.33,0.51,-99,-99,-99,-99,0.29,0.47,0.99,1.06,0.87,-99
03/02/2026,5,0.32,0.15,0.36,0.99,-99,-99,-99,-99,0.26,0.29,-99,1.14,0.23,-99,-99,1.11,1.23,0.89,-99,-99,0.91,0.34,0.62,-99,-99,-99,-99,0.3,0.56,0.9,0.88,0.87,-99
03/02/2026,6,0.45,0.16,0.63,1.05,-99,-99,-99,-99,0.32,0.64,-99,1.31,0.21,-99,-99,1.09,1.5,1.03,-99,-99,1.53,0.5,0.82,-99,-99,-99,-99,0.52,0.76,0.81,1.11,1.16,-99
03/02/2026,7,0.68,0.18,1.79,1.19,-99,-99,-99,-99,0.67,1.67,-99,1.54,0.18,-99,-99,1.92,1.67,1.26,-99,-99,1.78,0.8,1.33,-99,-99,-99,-99,1.41,1.24,0.84,1.5,1.58,-99
03/02/2026,8,1.03,0.64,2.73,1.32,-99,-99,-99,-99,1.29,4.01,-99,1.73,0.15,-99,-99,2.94,1.87,2.22,-99,-99,2.41,1.72,1.8,-99,-99,-99,-99,1.98,1.6,1.3,2.59,2.58,-99
03/02/2026,9,0.89,1.2,1.78,1.43,-99,-99,-99,-99,1.29,3.13,-99,1.55,0.19,-99,-99,3.28,1.76,2.05,-99,-99,2.15,1.68,1.87,-99,-99,-99,-99,2.12,2.13,1.05,2.8,2.64,-99
03/02/2026,10,0.88,1.19,1.39,1.63,-99,-99,-99,-99,2.24,2,-99,1.85,0.27,-99,-99,2.65,1.92,1.69,-99,-99,2.28,1.38,1.09,-99,-99,-99,-99,1.54,1.92,0.69,2.15,2.31,-99
03/02/2026,11,0.59,1,1.3,1.7,-99,-99,-99,-99,1.77,1.91,-99,1.86,0.2,-99,-99,2.18,1.54,1.48,-99,-99,1.88,1.19,0.9,-99,-99,-99,-99,1.22,1.41,0.61,1.17,1.59,-99
03/02/2026,12,0.28,0.54,0.8,1.05,-99,-99,-99,-99,0.83,0.87,-99,0.92,0.22,-99,-99,1.41,1.12,0.77,-99,-99,-99,0.75,0.68,-99,-99,-99,-99,0.8,0.64,0.43,0.87,0.83,-99
03/02/2026,13,0.23,0.35,0.44,0.66,-99,-99,-99,-99,0.32,0.56,-99,0.64,0.31,-99,-99,1.32,1.02,0.42,-99,-99,-99,0.53,0.43,-99,-99,-99,-99,0.4,0.29,0.49,0.43,0.36,-99
03/02/2026,14,0.19,0.41,0.34,0.66,-99,-99,-99,-99,0.34,0.38,-99,0.43,0.34,-99,-99,0.7,0.89,0.32,-99,-99,-99,0.49,0.35,-99,-99,-99,-99,0.25,0.18,0.32,0.31,0.29,-99
03/02/2026,15,0.11,0.48,0.31,0.5,-99,-99,-99,-99,0.28,0.37,-99,0.47,0.38,-99,-99,0.39,0.76,0.31,-99,-99,-99,0.47,0.38,-99,-99,-99,-99,0.27,0.21,0.33,0.3,0.25,-99
03/02/2026,16,0.13,0.44,0.34,0.41,-99,-99,-99,-99,0.37,0.32,-99,0.27,0.39,-99,-99,0.45,0.7,0.3,-99,-99,-99,0.44,0.38,-99,-99,-99,-99,0.31,0.22,0.4,0.34,0.31,-99
03/02/2026,17,0.18,0.41,0.41,0.41,-99,-99,-99,-99,0.41,0.35,-99,0.23,0.41,-99,-99,0.55,0.55,0.38,-99,-99,-99,0.45,0.36,-99,-99,-99,-99,0.45,0.3,0.27,0.27,0.31,-99
03/02/2026,18,0.19,0.36,0.62,0.45,-99,-99,-99,-99,0.62,0.45,-99,0.3,0.37,-99,-99,0.96,0.69,0.41,-99,-99,-99,0.45,0.45,-99,-99,-99,-99,0.49,0.34,0.27,0.4,0.41,-99
03/02/2026,19,0.17,0.34,0.65,0.65,-99,-99,-99,-99,0.63,0.55,-99,0.47,0.31,-99,-99,1.57,1.07,0.44,-99,-99,-99,0.61,0.57,-99,-99,-99,-99,0.68,0.51,0.48,0.47,-99,-99
03/02/2026,20,0.16,0.31,0.59,0.62,-99,-99,-99,-99,0.52,0.58,-99,0.48,0.34,-99,-99,0.3,0.64,0.47,-99,-99,-99,0.58,0.54,-99,-99,-99,-99,0.6,0.29,0.48,0.57,-99,-99
03/02/2026,21,0.22,0.51,0.49,0.56,-99,-99,-99,-99,0.45,0.41,-99,0.36,0.37,-99,-99,0.41,0.56,0.47,-99,-99,-99,0.62,0.6,-99,-99,-99,-99,0.54,0.3,0.62,0.6,-99,-99
03/02/2026,22,0.28,0.46,0.47,0.53,-99,-99,-99,-99,0.59,0.28,-99,0.36,0.41,-99,-99,0.5,0.71,0.35,-99,-99,-99,0.59,0.49,-99,-99,-99,-99,0.4,0.38,0.54,0.41,0.29,-99
03/02/2026,23,0.26,0.37,0.66,0.5,-99,-99,-99,-99,0.87,0.23,-99,0.33,0.36,-99,-99,0.58,0.7,0.34,-99,-99,-99,0.43,0.59,-99,-99,-99,-99,0.38,0.49,0.46,0.37,0.26,-99
03/02/2026,24,0.17,0.35,0.41,0.53,-99,-99,-99,-99,0.54,0.26,-99,0.46,0.28,-99,-99,0.4,0.71,0.31,-99,-99,-99,0.5,0.48,-99,-99,-99,-99,0.42,0.89,0.43,0.46,0.32,-99
04/02/2026,1,0.14,0.3,0.33,0.46,-99,-99,-99,-99,0.38,0.27,-99,0.4,0.3,-99,-99,0.29,0.7,0.24,-99,-99,-99,0.45,0.36,-99,-99,-99,-99,0.31,0.48,0.32,0.43,0.28,0.14
04/02/2026,2,0.14,0.2,0.26,0.38,-99,-99,-99,-99,0.23,0.2,-99,0.29,0.26,-99,-99,0.24,0.58,0.23,-99,-99,-99,0.39,0.36,-99,-99,-99,-99,0.28,0.37,0.36,0.34,0.31,0.3
04/02/2026,3,0.16,0.17,0.22,0.36,-99,-99,-99,-99,0.18,0.19,-99,0.28,0.25,-99,-99,0.43,0.51,0.27,-99,-99,-99,0.32,0.28,-99,-99,-99,-99,0.24,0.32,0.47,0.33,0.4,0.42
04/02/2026,4,0.24,0.15,0.21,0.38,-99,-99,-99,-99,0.15,0.18,-99,0.31,0.24,-99,-99,0.48,0.48,0.37,-99,-99,-99,0.27,0.35,-99,-99,-99,-99,0.12,0.32,0.4,0.32,0.54,0.54
04/02/2026,5,0.23,0.16,0.25,0.5,-99,-99,-99,-99,0.16,0.18,-99,0.39,0.23,-99,-99,0.63,0.61,0.45,-99,-99,-99,0.29,0.41,-99,-99,-99,-99,0.13,0.42,0.41,0.42,0.36,0.57
04/02/2026,6,0.26,0.19,0.67,0.61,-99,-99,-99,-99,0.22,0.42,-99,0.46,0.24,-99,-99,0.77,1.72,0.66,-99,-99,-99,0.36,0.75,-99,-99,-99,-99,0.4,0.54,0.5,0.58,0.7,1.57
04/02/2026,7,0.6,0.23,1.28,1.07,-99,-99,-99,-99,0.52,1.46,-99,0.82,0.24,-99,-99,1.6,2.04,1.25,-99,-99,-99,0.72,1.27,-99,-99,-99,-99,0.98,0.88,0.71,1,1.89,2.57
04/02/2026,8,1.15,0.24,2.58,1.54,-99,-99,-99,-99,0.91,3.62,-99,1.14,0.26,-99,-99,2.21,2.18,1.63,-99,-99,-99,1.49,1.73,-99,-99,-99,-99,2.08,1.34,0.86,1.67,2.16,2.6
04/02/2026,9,0.91,0.58,2.57,1.66,-99,-99,-99,-99,1,2.28,-99,1.36,0.29,-99,-99,2.78,2.53,1.73,-99,-99,-99,1.7,2.32,-99,-99,-99,-99,2.64,1.7,1.25,1.86,1.25,3.03
04/02/2026,10,0.63,1.29,1.08,-99,-99,-99,-99,-99,1.18,0.95,-99,2.37,0.36,-99,-99,2.13,2.14,1.53,-99,-99,-99,1.24,1.47,-99,-99,-99,-99,1.34,1.12,0.98,1.01,1.09,1.72
04/02/2026,11,0.36,0.87,0.54,-99,-99,-99,-99,-99,0.92,1.08,-99,1.63,0.34,-99,-99,1.97,1.76,1.66,-99,-99,-99,1,1.06,-99,-99,-99,-99,1.05,0.87,1.25,0.76,0.64,1.34
04/02/2026,12,0.34,0.61,0.5,-99,-99,-99,-99,-99,0.46,0.71,-99,0.97,-99,-99,-99,1.19,1.27,0.98,-99,-99,-99,1.14,0.64,-99,-99,-99,-99,0.53,0.45,0.93,0.56,0.49,0.92
04/02/2026,13,0.22,0.73,0.49,0.72,-99,-99,-99,-99,0.41,0.48,-99,0.72,-99,-99,-99,0.82,0.8,0.55,-99,-99,-99,1.01,0.5,-99,-99,-99,-99,0.5,0.35,0.62,0.36,0.23,0.55
04/02/2026,14,0.18,0.65,0.4,0.52,-99,-99,-99,-99,0.31,0.41,-99,0.52,-99,-99,-99,0.81,0.66,0.49,-99,-99,-99,0.74,0.38,-99,-99,-99,-99,0.62,0.3,0.43,0.35,0.22,0.42
04/02/2026,15,0.17,0.68,0.41,0.45,-99,-99,-99,-99,0.47,0.39,-99,0.55,-99,-99,-99,0.74,0.8,0.42,-99,-99,-99,0.73,0.41,-99,-99,-99,-99,0.51,0.32,0.42,0.36,0.21,0.47
04/02/2026,16,0.22,0.7,0.57,0.46,-99,-99,-99,-99,0.42,0.42,-99,0.52,-99,-99,-99,0.67,0.87,0.52,-99,-99,-99,0.68,0.53,-99,-99,-99,-99,0.5,0.42,0.45,0.4,0.28,0.45
04/02/2026,17,0.23,0.67,0.47,0.47,-99,-99,-99,-99,0.33,0.48,-99,0.51,-99,-99,-99,0.88,0.76,0.48,-99,-99,-99,0.64,0.58,-99,-99,-99,-99,0.49,0.29,0.47,0.4,0.2,0.5
04/02/2026,18,0.22,0.61,0.44,0.41,-99,-99,-99,-99,0.34,0.37,-99,0.41,-99,-99,-99,0.62,0.96,0.43,-99,-99,-99,0.62,0.45,-99,-99,-99,-99,0.44,0.31,0.57,0.55,0.2,0.37
04/02/2026,19,0.24,0.35,0.57,0.44,-99,-99,-99,-99,0.48,0.39,-99,0.45,-99,-99,-99,0.59,0.91,0.43,-99,-99,-99,0.58,0.42,-99,-99,-99,-99,0.55,0.32,0.46,0.34,0.23,0.55
04/02/2026,20,0.23,0.46,0.58,0.6,-99,-99,-99,-99,0.44,0.41,-99,0.62,-99,-99,-99,0.51,0.84,0.59,-99,-99,-99,0.76,0.52,-99,-99,-99,-99,0.5,0.32,0.63,0.48,0.22,0.49
04/02/2026,21,0.19,0.41,0.56,0.47,-99,-99,-99,-99,0.37,0.44,-99,0.48,-99,-99,-99,0.51,0.68,0.52,-99,-99,-99,0.61,0.45,-99,-99,-99,-99,0.3,0.26,0.64,0.47,0.21,0.4
04/02/2026,22,0.19,0.47,0.47,0.31,-99,-99,-99,-99,0.31,0.26,-99,0.41,-99,-99,-99,0.36,0.55,0.34,-99,-99,-99,0.57,0.4,-99,-99,-99,-99,0.39,0.24,0.5,0.29,0.21,0.33
04/02/2026,23,0.17,0.35,0.38,0.26,-99,-99,-99,-99,0.24,0.21,-99,0.3,-99,-99,-99,0.46,0.55,0.28,-99,-99,-99,0.43,0.35,-99,-99,-99,-99,0.21,0.21,0.39,0.28,0.16,0.2
04/02/2026,24,0.12,0.31,0.3,0.18,-99,-99,-99,-99,0.16,0.16,-99,0.22,-99,-99,-99,0.41,0.51,0.22,-99,-99,-99,0.39,0.27,-99,-99,-99,-99,0.12,0.16,0.27,0.16,0.09,0.19
05/02/2026,1,-99,-99,-99,-99,-99,-99,-99,-99,-99,-99,-99,-99,-99,-99,-99,-99,-99,-99,-99,-99,-99,-99,-99,-99,-99,-99,-99,-99,-99,-99,-99,-99,-99
05/02/2026,2,-99,-99,-99,-99,-99,-99,-99,-99,-99,-99,-99,-99,-99,-99,-99,-99,-99,-99,-99,-99,-99,-99,-99,-99,-99,-99,-99,-99,-99,-99,-99,-99,-99
05/02/2026,3,-99,-99,-99,-99,-99,-99,-99,-99,-99,-99,-99,-99,-99,-99,-99,-99,-99,-99,-99,-99,-99,-99,-99,-99,-99,-99,-99,-99,-99,-99,-99,-99,-99
05/02/2026,4,0.11,0.2,0.09,0.09,-99,-99,-99,-99,0.09,0.11,-99,0.15,-99,-99,-99,0.06,0.4,0.13,-99,-99,-99,0.27,0.16,-99,-99,-99,-99,0.08,0.12,0.14,0.08,-99,0.11
05/02/2026,5,0.08,0.2,0.1,0.08,-99,-99,-99,-99,0.11,0.08,-99,0.11,-99,-99,-99,0.09,0.38,0.14,-99,-99,-99,0.27,0.16,-99,-99,-99,-99,0.06,0.12,0.13,0.07,0.06,0.13
05/02/2026,6,0.12,0.17,0.16,0.09,-99,-99,-99,-99,0.12,0.11,-99,0.12,-99,-99,-99,0.27,0.41,0.18,-99,-99,-99,0.29,0.2,-99,-99,-99,-99,0.14,0.15,0.15,0.14,0.14,0.21
05/02/2026,7,0.16,0.22,0.33,0.17,-99,-99,-99,-99,0.24,0.28,-99,0.19,-99,-99,-99,0.6,0.51,0.24,-99,-99,-99,0.35,0.33,-99,-99,-99,-99,0.25,0.24,0.22,0.24,0.24,0.51
05/02/2026,8,0.19,0.32,0.38,0.33,-99,0.06,-99,-99,0.36,0.28,-99,0.3,-99,-99,-99,0.45,0.68,0.34,-99,-99,-99,0.47,0.59,-99,-99,-99,-99,0.41,0.32,0.32,0.34,0.36,0.62
05/02/2026,9,0.25,0.47,0.46,0.49,-99,0.15,-99,-99,0.43,0.52,-99,0.44,-99,-99,-99,0.68,0.81,0.51,-99,-99,-99,0.48,0.57,-99,-99,-99,-99,0.64,0.38,0.54,0.56,0.52,0.69
05/02/2026,10,0.23,0.42,0.43,0.53,-99,0.21,-99,-99,0.46,0.64,-99,0.58,-99,-99,-99,0.4,0.76,0.63,-99,-99,-99,0.61,0.62,-99,-99,-99,-99,0.61,0.36,0.66,0.62,0.41,0.67
05/02/2026,11,0.22,0.49,0.38,0.52,-99,0.37,-99,-99,0.44,0.59,-99,0.56,-99,-99,-99,0.78,1.06,0.59,-99,-99,-99,0.67,0.54,-99,-99,-99,-99,0.61,0.37,0.67,0.51,0.24,0.57
05/02/2026,12,0.13,0.52,0.35,0.47,-99,0.33,-99,-99,0.34,0.43,-99,0.5,-99,-99,-99,0.72,0.91,0.54,-99,-99,-99,0.69,0.29,-99,-99,-99,-99,0.52,0.34,0.68,0.62,0.23,0.57
05/02/2026,13,0.18,0.69,0.29,0.47,-99,0.35,-99,-99,0.3,0.38,-99,0.51,-99,-99,-99,0.92,0.83,0.49,-99,-99,-99,0.75,0.38,-99,-99,-99,-99,0.44,0.32,0.61,0.67,0.27,0.59
05/02/2026,14,0.15,0.72,0.39,0.53,-99,0.38,-99,-99,0.41,0.55,-99,0.53,-99,-99,-99,0.83,0.84,0.53,-99,-99,-99,0.76,0.36,-99,-99,-99,-99,0.54,0.33,0.64,0.63,0.34,0.62
05/02/2026,15,0.24,0.73,0.47,0.6,-99,0.42,-99,-99,0.45,0.65,-99,0.7,-99,-99,-99,0.91,0.91,0.53,-99,-99,-99,0.77,0.44,-99,-99,-99,-99,0.7,0.43,0.65,0.61,0.6,0.68
05/02/2026,16,0.27,0.78,0.5,0.67,-99,0.47,-99,-99,0.51,0.64,-99,0.68,-99,-99,-99,0.88,1.1,0.61,-99,-99,-99,0.85,0.66,-99,-99,-99,-99,0.56,0.54,0.65,0.67,0.38,0.7
05/02/2026,17,0.27,0.83,0.53,0.79,-99,0.51,-99,-99,0.5,0.73,-99,0.8,-99,-99,-99,1.2,1.07,0.79,-99,-99,-99,0.86,0.7,-99,-99,-99,-99,0.63,0.53,0.51,0.65,0.32,0.87
05/02/2026,18,0.34,0.86,0.7,0.95,-99,0.6,-99,-99,0.65,0.92,-99,1.01,-99,-99,-99,1.38,1.16,0.76,-99,-99,-99,1.04,0.72,-99,-99,-99,-99,0.88,0.53,0.74,0.88,0.34,0.92
05/02/2026,19,0.36,1.1,0.89,1.07,-99,0.65,-99,-99,0.68,0.96,-99,1.1,-99,-99,-99,1.18,1.4,0.87,-99,-99,-99,1.18,0.67,-99,-99,-99,-99,0.86,0.54,0.93,1.2,0.4,0.89
05/02/2026,20,0.44,1.03,0.6,0.9,-99,0.83,-99,-99,0.74,0.54,-99,0.91,-99,-99,-99,1.14,1.28,0.84,-99,-99,-99,1.25,0.84,-99,-99,-99,-99,0.87,0.77,0.63,1.34,0.52,0.98
05/02/2026,21,0.36,1.19,0.7,0.81,-99,0.7,-99,-99,0.68,0.74,-99,0.74,-99,-99,-99,1.12,1.26,0.86,-99,-99,-99,1.1,0.75,-99,-99,-99,-99,0.75,0.77,0.87,0.69,0.51,0.98
05/02/2026,22,0.35,1.08,0.7,0.97,-99,0.89,-99,-99,0.94,0.74,-99,0.9,-99,-99,-99,1.45,1.14,0.94,-99,-99,-99,1.11,0.61,-99,-99,-99,-99,0.94,0.72,0.93,0.65,0.43,1.29
05/02/2026,23,0.41,1.06,1.1,1.03,-99,0.95,-99,-99,0.83,0.61,-99,1.06,-99,-99,-99,1.6,1.4,0.8,-99,-99,-99,1.27,0.63,-99,-99,-99,-99,0.79,0.59,0.8,0.66,0.47,1.61
05/02/2026,24,0.37,1,0.71,0.99,-99,0.89,-99,-99,0.75,0.66,-99,0.96,-99,-99,-99,1.47,1.21,0.8,-99,-99,-99,1.41,0.48,-99,-99,-99,-99,0.51,0.6,0.73,0.56,0.47,1.18
06/02/2026,1,0.35,1.02,0.67,0.87,-99,1.06,-99,-99,0.54,0.6,-99,0.76,-99,-99,-99,1.3,0.85,0.85,-99,-99,-99,1.24,0.49,-99,-99,-99,-99,0.75,0.92,0.67,0.6,1.02,0.97
06/02/2026,2,0.36,0.95,0.46,0.82,-99,0.91,-99,-99,0.3,0.57,-99,0.79,-99,-99,-99,1.23,0.99,0.64,-99,-99,-99,1.26,0.61,-99,-99,-99,-99,0.68,1.18,0.65,0.53,1.31,0.96
06/02/2026,3,0.34,0.9,0.57,0.78,-99,0.83,-99,-99,0.26,0.63,-99,0.65,-99,-99,-99,0.93,0.93,0.68,-99,-99,-99,1.29,1.09,-99,-99,-99,-99,0.38,1.11,0.73,0.47,1.04,0.84
06/02/2026,4,0.35,0.73,1.11,0.67,-99,0.75,-99,-99,0.29,0.7,-99,0.62,0.36,-99,-99,0.98,0.79,0.78,-99,-99,-99,1.18,0.99,-99,-99,-99,-99,0.43,1.21,0.64,0.59,0.63,0.87
06/02/2026,5,0.4,0.62,0.85,0.73,-99,0.7,-99,-99,0.34,0.71,-99,0.67,0.25,-99,-99,0.85,1.14,0.79,-99,-99,-99,0.94,0.73,-99,-99,-99,-99,0.72,0.92,0.76,0.78,0.51,1.21
06/02/2026,6,0.5,0.66,0.94,1.24,-99,0.73,-99,-99,0.47,0.92,-99,1,0.2,-99,-99,0.97,1.06,1.02,-99,-99,-99,1,0.81,-99,-99,-99,-99,1.06,0.93,0.86,0.67,0.8,1.45
06/02/2026,7,0.67,0.61,1.63,1.12,-99,0.91,-99,-99,0.74,1.81,-99,1.14,0.16,-99,-99,1.32,1.21,1.54,-99,-99,-99,1.11,1.06,-99,-99,-99,-99,1.76,1.3,1.09,1.08,0.99,1.45
06/02/2026,8,1.14,0.59,2.37,1.31,-99,1.52,-99,-99,1.2,3.62,-99,1.71,0.15,-99,-99,1.96,1.69,1.8,-99,-99,-99,1.56,1.5,-99,-99,-99,-99,1.87,1.77,2.53,1.44,1.76,2.61
06/02/2026,9,1.1,1.32,1.87,1.71,-99,1.63,-99,-99,1.36,2.69,-99,2,0.25,-99,-99,2.46,1.85,2.08,-99,-99,-99,1.61,1.63,-99,-99,-99,-99,2.14,2.53,1.8,1.57,2.2,3.09
06/02/2026,10,0.59,1.23,1.52,1.64,-99,1.37,-99,-99,1.84,2.67,-99,2.01,0.22,-99,-99,2.08,1.87,1.72,-99,-99,-99,1.22,1.72,-99,-99,-99,-99,1.72,2.24,1.51,1.33,1.32,2.56
06/02/2026,11,0.42,1.1,1.57,1.4,-99,1.13,-99,-99,1.8,1.53,-99,1.66,0.2,-99,-99,2.45,1.81,1.28,-99,-99,-99,1.28,1.35,-99,-99,-99,-99,1.52,1.34,1.22,1.22,0.97,2.14
06/02/2026,12,0.33,0.55,0.89,1.04,-99,0.72,-99,-99,1.02,0.85,-99,1.15,0.22,-99,-99,2.21,1.38,0.83,-99,-99,-99,1,0.84,-99,-99,-99,-99,1.03,0.67,0.89,0.86,0.6,1.46
06/02/2026,13,0.2,0.49,0.42,0.68,-99,0.37,-99,-99,0.41,0.4,-99,0.89,0.24,-99,-99,1.39,1.29,0.5,-99,-99,-99,0.75,0.43,-99,-99,-99,-99,0.44,0.43,0.51,0.34,0.26,0.37
06/02/2026,14,0.13,0.51,0.33,0.61,-99,0.44,-99,-99,0.35,0.34,-99,0.7,0.31,-99,-99,0.41,0.9,0.42,-99,-99,-99,0.63,0.42,-99,-99,-99,-99,0.42,0.29,0.46,0.35,0.2,0.35
06/02/2026,15,0.17,0.53,0.37,0.52,-99,0.39,-99,-99,0.43,0.33,-99,0.44,0.23,-99,-99,0.58,0.55,0.41,-99,-99,-99,0.64,0.42,-99,-99,-99,-99,0.39,0.27,0.38,0.22,0.17,0.36
06/02/2026,16,0.2,0.59,0.34,0.26,-99,0.21,-99,-99,0.37,0.36,-99,0.31,0.25,-99,-99,0.4,0.62,0.26,-99,-99,-99,0.54,0.41,-99,-99,-99,-99,0.37,0.25,0.28,0.32,0.16,0.32
06/02/2026,17,0.18,0.36,0.33,0.22,-99,0.08,-99,-99,0.35,0.35,-99,0.28,0.28,-99,-99,0.57,0.68,0.26,-99,-99,-99,0.41,0.45,-99,-99,-99,-99,0.37,0.29,0.27,0.26,0.16,0.34
06/02/2026,18,0.23,0.36,0.37,0.24,-99,0.11,-99,-99,0.37,0.31,-99,0.24,0.28,-99,-99,0.5,0.85,0.31,-99,-99,-99,0.44,0.44,-99,-99,-99,-99,0.43,0.34,0.26,0.25,0.23,0.34
06/02/2026,19,0.34,0.46,0.51,0.36,-99,0.26,-99,-99,0.57,0.42,-99,0.31,0.3,-99,-99,0.63,0.99,0.4,-99,-99,-99,0.5,0.55,-99,-99,-99,-99,0.6,0.45,0.33,-99,0.49,0.35
06/02/2026,20,0.3,0.58,0.61,0.37,-99,0.37,-99,-99,0.76,0.53,-99,0.43,0.37,-99,-99,0.71,1.08,0.45,-99,-99,-99,0.69,0.7,-99,-99,-99,-99,0.58,0.54,0.53,0.38,0.45,0.42
06/02/2026,21,0.28,0.62,0.74,0.47,-99,0.26,-99,-99,0.73,0.55,-99,0.59,0.35,-99,-99,0.78,0.68,0.38,0.36,-99,-99,0.77,0.75,-99,-99,-99,-99,0.64,0.61,0.46,0.56,0.62,0.42
06/02/2026,22,0.37,0.48,0.69,0.42,-99,0.24,-99,-99,0.63,0.39,-99,0.64,0.33,-99,-99,0.65,1.03,0.35,0.28,-99,-99,0.59,0.57,-99,-99,-99,-99,0.6,0.7,0.54,0.56,0.77,0.24
06/02/2026,23,0.3,0.35,0.73,0.4,-99,0.2,-99,-99,0.66,0.97,-99,0.49,0.26,-99,-99,1.38,0.92,0.37,0.31,-99,-99,0.7,0.55,-99,-99,-99,-99,0.68,0.68,0.6,0.88,0.7,0.63
06/02/2026,24,0.39,0.35,1,0.48,-99,0.38,-99,-99,0.91,0.82,-99,0.53,0.19,-99,-99,0.45,0.83,0.57,0.55,-99,-99,0.84,0.58,-99,-99,-99,-99,0.7,0.86,0.57,1,0.44,0.47
07/02/2026,1,0.44,0.35,0.4,0.55,-99,0.35,-99,-99,0.48,0.62,-99,0.67,0.18,-99,-99,0.82,0.83,0.56,0.84,-99,-99,0.5,0.45,-99,-99,-99,-99,0.7,0.59,0.91,0.81,0.62,0.98
07/02/2026,2,0.48,0.31,0.21,0.6,-99,0.12,-99,-99,0.37,0.5,-99,0.76,0.2,-99,-99,0.6,0.9,0.62,0.85,-99,-99,0.34,0.56,-99,-99,-99,-99,0.54,0.53,0.93,1.01,0.7,1.26
07/02/2026,3,0.38,0.21,0.09,0.66,-99,0.04,-99,-99,0.19,0.3,-99,0.84,0.16,-99,-99,0.56,0.87,0.49,0.88,-99,-99,0.31,0.75,-99,-99,-99,-99,0.34,0.5,0.95,1.11,0.93,0.79
07/02/2026,4,0.35,0.18,0.19,0.69,-99,0.06,-99,-99,0.17,0.3,-99,0.73,0.15,-99,-99,0.8,0.83,0.47,0.58,-99,-99,0.3,0.57,-99,-99,-99,-99,0.49,0.38,0.67,1.01,0.86,0.62
07/02/2026,5,0.22,0.11,0.23,0.53,-99,0.07,-99,-99,0.14,0.27,-99,0.56,0.11,-99,-99,0.94,0.76,0.57,0.31,-99,-99,0.38,0.53,-99,-99,-99,-99,0.3,0.41,0.51,0.67,0.79,0.66
07/02/2026,6,0.22,0.14,0.41,0.57,-99,0.05,-99,-99,0.22,0.33,-99,0.39,0.08,-99,-99,0.9,0.86,1.07,0.53,-99,-99,0.36,0.71,-99,-99,-99,-99,0.43,0.51,0.73,0.76,0.82,0.95
07/02/2026,7,0.52,0.2,0.78,0.6,-99,0.14,-99,-99,0.44,0.85,-99,0.63,0.13,-99,-99,1.38,1.13,1.24,0.97,-99,-99,0.48,0.86,-99,-99,-99,-99,0.65,0.72,1.03,0.71,1.04,1.52
07/02/2026,8,0.63,0.24,1.3,0.83,-99,0.6,-99,-99,0.58,1.5,-99,1.01,0.12,-99,-99,1.79,1.4,1.31,1.3,-99,-99,0.83,1.06,-99,-99,-99,-99,0.86,0.89,1.47,-99,1.49,2.24
07/02/2026,9,0.67,0.8,1.17,1.12,-99,1.08,-99,-99,0.76,1.3,-99,1.25,0.14,-99,-99,2.28,1.73,1.25,2.51,-99,-99,1.31,1.27,-99,-99,-99,-99,1.39,1.03,1.77,1.15,1.39,2.42
07/02/2026,10,0.4,0.81,0.9,1.05,-99,1.07,-99,-99,0.77,1.29,-99,0.89,0.13,-99,-99,1.47,1.46,1.46,1.05,-99,-99,1.03,1.52,-99,-99,-99,-99,0.84,0.9,0.85,0.8,1.37,2.15
07/02/2026,11,0.27,0.7,0.68,0.89,-99,0.71,-99,-99,0.64,1.16,-99,0.89,0.16,-99,-99,1.52,1.56,1.02,0.42,-99,-99,0.89,1.35,-99,-99,-99,-99,0.85,0.68,0.67,0.78,0.79,1.75
07/02/2026,12,0.23,0.35,0.35,0.46,-99,0.4,-99,-99,0.47,0.51,-99,0.56,0.25,-99,-99,0.87,1.02,0.43,0.38,-99,-99,0.73,1.05,-99,-99,-99,-99,0.71,0.49,0.44,0.55,0.45,1.3
07/02/2026,13,0.28,0.34,0.26,0.35,-99,0.27,-99,-99,0.45,0.31,-99,0.39,0.2,-99,-99,1.17,0.85,0.32,0.4,-99,-99,0.44,0.66,-99,-99,-99,-99,0.48,0.4,0.32,0.47,0.28,0.46
07/02/2026,14,0.19,0.27,0.16,0.32,-99,0.16,-99,-99,0.38,0.36,-99,0.38,0.19,-99,-99,0.59,0.69,0.34,0.24,-99,-99,0.39,0.6,-99,-99,-99,-99,0.53,0.4,0.36,0.34,0.31,0.32
07/02/2026,15,0.13,0.28,0.21,0.33,-99,0.22,-99,-99,0.31,0.4,-99,0.27,0.2,-99,-99,0.43,0.38,0.35,0.09,-99,-99,0.38,0.55,-99,-99,-99,-99,0.47,0.37,0.31,0.11,0.23,0.26
07/02/2026,16,0.09,0.31,0.24,0.25,-99,0.2,-99,-99,0.32,0.28,-99,0.27,0.22,-99,-99,0.43,0.54,0.28,0.07,-99,-99,0.43,0.53,-99,-99,-99,-99,0.34,0.27,0.14,0.08,0.19,0.24
07/02/2026,17,0.17,0.36,0.34,0.3,-99,0.21,-99,-99,0.43,0.27,-99,0.26,0.24,-99,-99,1.08,0.63,0.31,0.08,-99,-99,0.43,0.52,-99,-99,-99,-99,0.4,0.3,0.16,0.09,0.21,0.25
07/02/2026,18,0.22,0.39,0.4,0.26,-99,0.22,-99,-99,0.44,0.31,-99,0.23,0.32,-99,-99,1.31,0.84,0.29,0.1,-99,-99,0.42,0.64,-99,-99,-99,-99,0.43,0.36,0.27,0.19,0.26,0.25
07/02/2026,19,0.22,0.52,0.34,0.45,-99,0.27,-99,-99,0.52,0.43,-99,0.3,0.38,-99,-99,0.6,0.92,0.4,0.13,-99,-99,0.56,0.77,-99,-99,-99,-99,0.48,0.46,0.44,0.34,0.39,0.3
07/02/2026,20,0.2,0.54,0.49,0.39,-99,0.26,-99,-99,0.77,0.47,-99,0.34,0.41,-99,-99,0.48,0.63,0.33,0.2,-99,-99,0.54,0.8,-99,-99,-99,-99,0.48,0.65,0.3,0.25,0.55,0.58
07/02/2026,21,0.27,0.49,0.46,0.47,-99,0.35,-99,-99,0.72,0.53,-99,0.43,0.42,-99,-99,0.71,0.77,0.38,0.27,-99,-99,0.71,0.77,-99,-99,-99,-99,0.59,0.76,0.41,0.39,0.5,0.82
07/02/2026,22,0.37,0.36,0.47,0.64,-99,0.56,-99,-99,1.01,0.49,-99,0.61,0.35,-99,-99,1.31,0.85,0.49,0.66,-99,-99,0.86,1.07,-99,-99,-99,-99,0.69,0.86,0.65,0.66,0.89,1.18
07/02/2026,23,0.52,0.28,0.37,0.62,-99,0.37,-99,-99,0.68,0.68,-99,0.58,0.26,-99,-99,0.71,0.81,0.45,0.38,-99,-99,0.61,0.85,-99,-99,-99,-99,0.81,1,1.01,0.74,1.3,0.65
07/02/2026,24,0.59,0.25,0.3,0.76,-99,0.29,-99,-99,0.65,0.5,-99,0.72,0.22,-99,-99,0.47,0.96,0.69,1.02,-99,-99,0.56,0.78,-99,-99,-99,-99,0.78,0.8,1.2,0.69,1.22,1.48
08/02/2026,1,0.56,0.27,0.22,1.22,-99,0.42,-99,-99,0.49,0.62,-99,0.76,0.18,-99,-99,0.74,1.08,1.4,1.27,-99,-99,0.47,0.95,-99,-99,-99,-99,0.62,0.99,0.98,1.15,1.41,1.29
08/02/2026,2,0.55,0.34,0.39,1.3,-99,0.34,-99,-99,0.39,0.63,-99,0.9,0.2,-99,-99,1.19,1.09,1.12,1.58,-99,-99,0.4,1.18,-99,-99,-99,-99,0.59,0.98,0.72,1.39,1.56,1.24
08/02/2026,3,0.54,0.38,0.4,0.94,-99,0.33,-99,-99,0.31,0.43,-99,1.53,0.22,-99,-99,1.31,1.23,0.73,1.21,-99,-99,0.39,1.15,-99,-99,-99,-99,0.45,0.85,0.91,0.86,1.06,1.21
08/02/2026,4,0.46,0.34,0.44,0.83,-99,0.3,-99,-99,0.24,0.49,-99,1.36,0.21,-99,-99,1.21,1.21,0.59,0.99,-99,-99,0.37,0.84,-99,-99,-99,-99,0.32,1.19,0.87,0.85,0.82,1.12
08/02/2026,5,0.47,0.32,0.36,0.99,-99,0.26,-99,-99,0.22,0.37,-99,0.91,0.18,-99,-99,1.41,0.92,0.62,1.17,-99,-99,0.41,0.77,-99,-99,-99,-99,0.26,1.06,0.77,0.76,0.91,0.98
08/02/2026,6,0.49,0.25,0.44,0.85,-99,0.38,-99,-99,0.23,0.36,-99,0.68,0.17,-99,-99,1.27,1.14,0.62,0.72,-99,-99,0.5,1,-99,-99,-99,-99,0.36,0.93,0.69,0.92,0.66,0.9
08/02/2026,7,0.65,0.27,0.53,0.88,-99,0.47,-99,-99,0.31,0.63,-99,0.89,0.15,-99,-99,1.37,1.53,0.88,0.76,-99,-99,0.78,1.47,-99,-99,-99,-99,0.56,1.06,0.68,1.23,0.71,1.29
08/02/2026,8,0.81,0.28,0.9,1.17,-99,0.56,-99,-99,0.42,0.91,-99,1.55,0.13,-99,-99,1.52,1.82,1.94,1.41,-99,-99,1.07,1.65,-99,-99,-99,-99,0.8,1.2,1.06,1.53,0.94,3.09
08/02/2026,9,0.78,0.63,1.12,1.6,-99,0.88,-99,-99,0.53,1.17,-99,1.46,0.13,-99,-99,1.77,1.21,1.62,1.42,-99,-99,1.17,1.5,-99,-99,-99,-99,0.93,1.48,1.11,1,1.07,2.25
08/02/2026,10,0.72,0.93,0.9,1.51,-99,1,-99,-99,0.94,1.11,-99,1.29,0.19,-99,-99,1.59,1.08,1.47,0.69,-99,-99,0.94,1.38,-99,-99,-99,-99,1,1.51,1.15,0.87,1.01,1.79
08/02/2026,11,0.6,0.91,0.75,1.24,-99,1.01,-99,-99,1.34,1.14,-99,0.96,0.16,-99,-99,1.47,1.12,1.28,0.52,-99,-99,0.91,1.29,-99,-99,-99,-99,1,1.1,1,0.8,1.05,1.19
08/02/2026,12,0.48,0.58,0.54,0.82,-99,0.7,-99,-99,0.87,0.88,-99,0.62,0.18,-99,-99,1.05,0.91,0.82,0.46,-99,-99,0.76,0.98,-99,-99,-99,-99,0.73,0.88,0.68,0.54,0.88,0.84
08/02/2026,13,0.42,0.35,0.34,0.38,-99,0.32,-99,-99,0.71,0.43,-99,0.42,0.23,-99,-99,0.83,0.67,0.39,0.28,-99,-99,0.55,0.87,-99,-99,-99,-99,0.49,0.52,0.36,0.43,0.54,0.78
08/02/2026,14,0.24,0.29,0.33,0.26,-99,0.13,-99,-99,0.34,0.29,-99,0.34,0.25,-99,-99,0.77,0.68,0.25,0.13,-99,-99,0.4,0.6,-99,-99,-99,-99,0.35,0.32,0.21,0.26,0.3,0.48
08/02/2026,15,0.21,0.23,0.33,0.27,-99,0.16,-99,-99,0.28,0.22,-99,0.33,0.22,-99,-99,0.65,0.78,0.27,0.23,-99,-99,0.36,0.51,-99,-99,-99,-99,0.39,0.3,0.2,0.29,0.22,0.27
08/02/2026,16,0.2,0.28,0.35,0.32,-99,0.19,-99,-99,0.32,0.28,-99,0.33,0.21,-99,-99,0.48,0.72,0.29,0.15,-99,-99,0.41,0.51,-99,-99,-99,-99,0.46,0.32,0.33,0.29,0.29,0.26
08/02/2026,17,0.22,0.29,0.34,0.32,-99,0.25,-99,-99,0.38,0.34,-99,0.34,0.24,-99,-99,0.71,0.65,0.31,0.11,-99,-99,0.42,0.46,-99,-99,-99,-99,0.38,0.35,0.36,0.27,0.22,0.28
08/02/2026,18,0.21,0.28,0.44,0.28,-99,0.22,-99,-99,0.45,0.37,-99,0.32,0.26,-99,-99,0.71,0.6,0.39,0.16,-99,-99,0.4,0.6,-99,-99,-99,-99,0.37,0.4,0.37,0.2,0.23,0.36
08/02/2026,19,0.17,0.5,0.49,0.42,-99,0.28,-99,-99,0.51,0.34,-99,0.36,0.29,-99,-99,0.44,0.61,0.46,0.27,-99,-99,0.64,0.6,-99,-99,-99,-99,0.4,0.42,0.45,0.35,0.29,0.41
08/02/2026,20,0.18,0.67,0.48,0.34,-99,0.23,-99,-99,0.46,0.31,-99,0.35,0.52,-99,-99,0.46,0.61,0.33,0.16,-99,-99,0.52,0.62,-99,-99,-99,-99,0.48,0.53,0.41,0.27,0.51,0.57
08/02/2026,21,0.26,0.67,0.5,0.47,-99,0.3,-99,-99,0.63,0.35,-99,0.51,0.57,-99,-99,0.74,0.59,0.36,0.22,-99,-99,0.58,0.53,-99,-99,-99,-99,0.5,0.56,0.37,0.34,0.46,0.52
08/02/2026,22,0.39,0.43,0.46,0.4,-99,0.28,-99,-99,0.72,0.26,-99,0.47,0.43,-99,-99,0.73,0.73,0.34,0.24,-99,-99,0.62,0.64,-99,-99,-99,-99,0.5,0.55,0.52,0.48,0.49,0.36
08/02/2026,23,0.36,0.37,0.87,0.35,-99,0.23,-99,-99,0.66,0.39,-99,0.43,0.28,-99,-99,0.5,0.67,0.39,0.33,-99,-99,0.77,0.5,-99,-99,-99,-99,0.58,0.74,0.45,0.38,0.63,0.32
08/02/2026,24,0.37,0.42,0.99,0.44,-99,0.29,-99,-99,0.57,0.45,-99,0.54,0.21,-99,-99,0.61,0.86,0.42,0.63,-99,-99,0.7,0.47,-99,-99,-99,-99,0.65,0.84,0.43,0.58,0.7,0.51
09/02/2026,1,0.43,0.25,0.52,0.5,-99,0.18,-99,-99,0.37,0.41,-99,0.56,0.21,-99,-99,0.73,0.85,0.55,0.57,-99,-99,0.45,0.65,-99,-99,-99,-99,0.68,0.65,0.76,0.53,0.88,0.89
09/02/2026,2,0.46,0.27,0.38,0.6,-99,0.15,-99,-99,0.24,0.39,-99,0.66,0.22,-99,-99,0.61,0.88,0.74,0.72,-99,-99,0.36,0.75,-99,-99,-99,-99,0.48,0.74,0.75,0.95,0.99,0.73
09/02/2026,3,0.44,0.29,0.18,0.56,-99,0.14,-99,-99,0.18,0.44,-99,0.81,0.23,-99,-99,1,0.91,0.57,0.64,-99,-99,0.33,0.68,-99,-99,-99,-99,0.35,0.61,0.73,0.81,0.86,0.75
09/02/2026,4,0.37,0.29,1.66,0.62,-99,0.19,-99,-99,0.17,0.21,-99,0.78,0.24,-99,-99,0.96,0.86,0.44,0.64,-99,-99,0.35,0.65,-99,-99,-99,-99,0.44,0.56,0.71,0.64,0.61,0.75
09/02/2026,5,0.36,0.36,1.71,0.62,-99,0.13,-99,-99,0.18,0.26,-99,0.58,0.24,-99,-99,1.02,0.85,0.46,0.56,-99,-99,0.36,0.76,-99,-99,-99,-99,0.44,0.49,0.67,0.63,0.67,0.82
09/02/2026,6,0.42,0.42,1.39,0.71,-99,0.14,-99,-99,0.27,0.32,-99,0.67,0.19,-99,-99,1.77,1.05,0.86,0.8,-99,-99,0.43,1.13,-99,-99,-99,-99,0.65,0.69,0.75,1.03,0.83,1.35
09/02/2026,7,0.54,0.42,1.32,0.96,-99,0.48,-99,-99,0.54,1.7,-99,1.15,0.16,-99,-99,1.74,1.81,1.76,1.11,-99,-99,0.76,1.83,-99,-99,-99,-99,1.57,1,1.31,1.25,1.59,2.28
09/02/2026,8,0.92,0.57,2.99,1.78,-99,1.59,-99,-99,0.71,3.81,-99,2.27,0.15,-99,-99,2.42,2.03,2.66,2.04,-99,-99,1.26,1.95,-99,-99,-99,-99,1.89,1.56,1.37,2.15,2.17,2.85
09/02/2026,9,1.07,0.86,3.13,1.75,-99,2.04,-99,-99,1,2.35,-99,2.61,0.2,-99,-99,2.75,1.65,2.24,1.78,-99,-99,1.33,-99,-99,-99,-99,-99,2.68,1.66,1.55,1.46,3.05,3.41
09/02/2026,10,0.66,1.02,1.32,1.53,-99,1.16,-99,-99,0.83,1.94,-99,1.76,0.25,-99,-99,2.33,1.93,1.8,0.65,-99,-99,1.19,1.48,-99,-99,-99,-99,1.67,1.18,1.08,1.23,1.8,2.69
09/02/2026,11,-99,0.81,0.89,1.2,-99,0.83,-99,-99,0.92,1.7,-99,1.49,0.28,-99,-99,1.63,1.87,1.48,0.55,-99,-99,1.23,1.06,-99,-99,-99,-99,1.14,1.24,1.08,1.04,1.07,2.17
09/02/2026,12,0.38,0.8,0.76,0.9,-99,0.8,-99,-99,0.84,0.99,-99,1.31,0.42,-99,-99,1.75,1.27,1.27,0.45,-99,-99,1.02,0.83,-99,-99,-99,-99,1.16,1.07,1.08,0.77,0.91,1.61
09/02/2026,13,0.37,0.82,0.43,0.96,-99,0.66,-99,-99,0.64,0.67,-99,1.1,0.45,-99,-99,1.41,1.22,0.65,0.29,-99,-99,0.99,0.58,-99,-99,-99,-99,0.72,0.67,0.91,0.63,0.53,0.85
09/02/2026,14,0.31,0.68,0.49,0.62,-99,0.53,-99,-99,0.42,0.61,-99,0.56,0.5,-99,-99,0.69,0.69,0.4,0.21,-99,-99,0.85,0.44,-99,-99,-99,-99,0.78,0.45,0.64,0.39,0.29,0.52
09/02/2026,15,0.26,0.68,0.51,0.54,-99,0.49,-99,-99,0.45,0.75,-99,0.57,0.49,-99,-99,0.48,0.65,0.49,0.21,-99,-99,0.81,0.37,-99,-99,-99,-99,0.69,0.44,0.53,0.37,0.26,0.41
09/02/2026,16,0.21,0.65,0.57,0.47,-99,0.43,-99,-99,0.4,0.83,-99,0.46,0.4,-99,-99,0.67,0.6,0.51,0.2,-99,-99,0.68,0.34,-99,-99,-99,-99,0.65,0.38,0.49,0.29,0.29,0.42
09/02/2026,17,0.21,0.58,0.56,0.52,-99,0.41,-99,-99,0.36,0.8,-99,0.43,0.28,-99,-99,0.45,0.61,0.5,0.26,-99,-99,0.67,0.33,-99,-99,-99,-99,0.56,0.43,0.4,0.28,0.29,0.44
09/02/2026,18,0.27,0.5,0.61,0.59,-99,0.43,-99,-99,0.59,0.88,-99,0.53,0.25,-99,-99,0.73,0.67,0.56,0.38,-99,-99,0.64,0.37,-99,-99,-99,-99,0.5,0.52,0.43,0.41,0.4,0.46
09/02/2026,19,0.26,0.32,0.55,0.87,-99,0.44,-99,-99,0.76,1.09,-99,0.94,0.22,-99,-99,0.65,0.96,0.96,0.46,-99,-99,0.91,0.78,-99,-99,-99,-99,0.66,0.56,0.36,0.48,0.38,0.65
09/02/2026,20,0.18,0.41,0.67,1.03,-99,0.61,-99,-99,0.87,0.62,-99,0.99,0.24,-99,-99,0.42,1.12,0.53,0.55,-99,-99,0.84,0.84,-99,-99,-99,-99,0.74,0.68,0.46,0.47,0.54,1.05
09/02/2026,21,0.16,0.41,0.6,0.84,-99,0.51,-99,-99,0.94,0.48,-99,0.84,0.28,-99,-99,1.09,1.57,0.54,0.54,-99,-99,0.78,1.1,-99,-99,-99,-99,0.72,0.8,0.89,0.57,0.76,1.15
09/02/2026,22,0.38,0.31,0.49,0.53,-99,0.55,-99,-99,0.62,0.35,-99,0.54,0.28,-99,-99,0.97,0.93,0.3,0.41,-99,-99,0.77,0.82,-99,-99,-99,-99,0.77,0.63,0.6,0.83,0.53,1.62
09/02/2026,23,0.47,0.19,0.53,0.42,-99,0.51,-99,-99,0.84,0.75,-99,0.6,0.25,-99,-99,0.75,0.79,0.51,0.57,-99,-99,0.61,0.81,-99,-99,-99,-99,0.85,0.75,0.77,0.54,0.44,1.86
09/02/2026,24,0.61,0.24,0.85,0.72,-99,0.38,-99,-99,0.54,0.94,-99,0.58,0.27,-99,-99,1.37,0.95,0.47,0.69,-99,-99,0.48,0.5,-99,-99,-99,-99,0.83,0.86,0.77,0.66,0.75,1.49
10/02/2026,1,0.65,0.46,0.97,0.95,-99,0.47,-99,-99,0.4,0.61,-99,0.85,0.27,-99,-99,1.37,1.16,0.83,0.81,-99,-99,0.67,0.49,-99,-99,-99,0.44,0.7,1,0.82,0.96,0.71,1.26
10/02/2026,2,0.52,0.31,0.84,1.37,-99,0.45,-99,-99,0.26,0.43,-99,0.88,0.24,-99,-99,1.18,1.12,0.8,1.13,-99,-99,0.48,0.62,-99,-99,-99,0.43,0.56,0.8,0.7,1.05,0.84,1.28
10/02/2026,3,0.47,0.32,0.42,1.14,-99,0.29,-99,-99,0.21,0.32,-99,1.14,0.25,-99,-99,1.13,1.01,0.68,0.93,-99,-99,0.37,0.6,-99,-99,-99,0.32,0.63,0.8,0.7,0.56,0.55,1.02
10/02/2026,4,0.44,0.34,0.5,0.78,-99,0.35,-99,-99,0.21,0.36,-99,1.09,0.25,-99,-99,1.22,0.79,0.42,0.89,-99,-99,0.36,0.55,-99,-99,-99,0.55,0.32,0.85,0.53,0.47,0.57,0.84
10/02/2026,5,0.42,0.34,0.5,0.68,-99,0.26,-99,-99,0.21,0.36,-99,0.72,0.19,-99,-99,1.12,0.82,0.96,0.79,-99,-99,0.39,0.68,-99,-99,-99,0.33,0.29,0.91,0.53,0.81,0.82,1.1
10/02/2026,6,0.43,0.41,1.01,0.79,-99,0.14,-99,-99,0.28,0.57,-99,0.79,0.13,-99,-99,1.26,1.18,1.6,1,-99,-99,0.55,0.94,-99,-99,-99,0.68,0.51,1.02,0.66,0.95,1.3,1.91
10/02/2026,7,0.76,0.45,1.28,1.22,-99,0.5,-99,-99,0.68,1.84,-99,1.49,0.11,-99,-99,2.2,1.65,2.1,1.65,-99,-99,0.83,1.41,-99,-99,-99,0.87,1.19,1.64,1.25,1.51,2,1.82
10/02/2026,8,1.03,0.45,1.96,1.53,-99,1.84,-99,-99,0.93,3.72,-99,1.95,0.06,-99,-99,-99,2.01,2.71,1.61,-99,-99,1.56,2.29,-99,-99,-99,3.46,1.44,2.35,1.63,2.44,2.7,3.65
10/02/2026,9,1.14,0.63,3.12,1.68,-99,2.03,-99,-99,0.73,3.27,-99,2.19,0.13,-99,-99,2.6,2.12,2.69,2.17,-99,-99,1.3,1.67,-99,-99,-99,2.69,2.15,2.4,2.1,2.22,2.35,3.81
10/02/2026,10,0.77,1.41,1.47,1.45,-99,1.32,-99,-99,1.52,2.28,-99,1.93,0.19,-99,-99,1.94,2.1,1.62,1.24,-99,-99,1.7,1.09,-99,-99,-99,0.96,1.54,1.56,0.98,1.75,2.33,2.7
10/02/2026,11,0.45,1.26,1.03,1.27,-99,1.02,-99,-99,1.7,1.82,-99,1.4,0.2,-99,-99,2.21,1.57,1.46,0.67,-99,-99,1.25,1.08,-99,-99,-99,0.79,1.11,1.46,0.89,0.99,1.61,1.98
10/02/2026,12,0.4,0.89,0.76,1.05,-99,0.67,-99,-99,1.6,1.34,-99,1.3,0.19,-99,-99,1.46,1.41,1.07,0.7,-99,-99,0.83,0.85,-99,-99,-99,0.47,0.9,1.18,0.61,0.91,1.37,1.11
10/02/2026,13,-99,0.54,0.75,0.99,-99,0.72,-99,-99,1.37,1,-99,1.16,0.21,-99,-99,0.89,1.26,0.87,0.58,-99,-99,0.72,0.61,-99,-99,-99,0.43,0.89,1.47,0.49,0.75,1.01,0.79
10/02/2026,14,-99,0.31,0.88,0.79,-99,0.6,-99,-99,1.29,0.87,-99,1,0.22,-99,-99,0.74,1.11,0.83,0.32,-99,-99,0.72,0.55,-99,-99,-99,0.22,0.68,1.51,0.24,0.59,0.78,0.66
10/02/2026,15,-99,0.36,0.75,0.45,-99,0.41,-99,-99,1.19,0.97,-99,0.82,0.23,-99,-99,0.66,0.83,0.64,0.32,-99,-99,0.54,0.41,-99,-99,-99,0.31,0.7,0.97,0.26,0.45,0.78,0.59
10/02/2026,16,-99,0.43,0.69,0.51,-99,0.32,-99,-99,0.88,1.01,-99,0.61,0.22,-99,-99,0.92,0.72,0.48,0.2,-99,-99,0.51,-99,-99,-99,-99,0.25,0.67,0.59,0.35,0.28,0.68,0.49
10/02/2026,17,-99,0.36,0.67,0.53,-99,0.29,-99,-99,0.7,0.77,-99,0.47,0.29,-99,-99,0.51,0.72,0.54,0.15,-99,-99,0.44,-99,-99,-99,-99,0.22,0.69,0.66,0.25,0.21,0.66,0.5
10/02/2026,18,-99,0.36,0.7,0.45,-99,0.34,-99,-99,0.76,0.58,-99,0.52,0.31,-99,-99,0.47,0.7,0.46,0.18,-99,-99,0.48,-99,-99,-99,-99,0.25,0.61,-99,0.34,0.32,0.64,0.56
10/02/2026,19,-99,0.61,0.37,0.5,-99,0.55,-99,-99,0.39,0.74,-99,0.68,0.29,-99,-99,1.08,0.99,0.24,0.41,-99,-99,0.57,-99,-99,-99,-99,0.95,0.69,-99,0.54,0.53,0.78,0.81
10/02/2026,20,-99,0.4,0.66,0.47,-99,0.74,-99,-99,1.01,1.7,-99,0.57,0.3,-99,-99,1.57,1.14,0.34,0.51,-99,-99,0.85,-99,-99,-99,-99,0.78,1.1,-99,0.78,0.84,0.76,1.46
10/02/2026,21,-99,0.67,0.89,0.55,-99,0.42,-99,-99,0.8,1.53,-99,0.73,0.3,-99,-99,0.34,1.56,0.33,0.39,-99,-99,0.67,-99,-99,-99,-99,1.05,0.75,-99,0.88,0.95,0.78,1.73
10/02/2026,22,-99,0.44,0.74,1.03,-99,0.4,-99,-99,0.89,0.56,-99,1.23,0.26,-99,-99,0.45,1.67,0.56,0.57,-99,-99,0.63,-99,-99,-99,-99,0.82,0.71,-99,0.93,1.79,0.83,1.1
10/02/2026,23,-99,0.45,0.87,1.63,-99,1.19,-99,-99,1.11,0.75,-99,0.75,0.29,-99,-99,0.32,1.57,0.49,1.38,-99,-99,0.76,-99,-99,-99,-99,1.13,0.78,-99,0.95,1.8,0.95,0.44
10/02/2026,24,-99,0.31,1.28,0.81,-99,0.69,-99,-99,0.57,0.43,-99,0.87,0.35,-99,-99,0.37,2.12,0.41,2.11,-99,-99,0.81,-99,-99,-99,-99,1.44,0.72,-99,1.15,1.49,1.28,0.61
11/02/2026,1,-99,-99,-99,-99,-99,-99,-99,-99,0.26,-99,-99,0.88,-99,-99,-99,0.3,-99,-99,-99,-99,-99,0.56,-99,-99,-99,-99,-99,-99,-99,-99,-99,-99,-99
11/02/2026,2,-99,-99,-99,-99,-99,-99,-99,-99,0.22,-99,-99,0.75,-99,-99,-99,1.38,-99,-99,-99,-99,-99,0.46,-99,-99,-99,-99,-99,-99,-99,-99,-99,-99,-99
11/02/2026,3,-99,-99,-99,-99,-99,-99,-99,-99,0.21,-99,-99,1.21,-99,-99,-99,1.28,-99,-99,-99,-99,-99,0.37,-99,-99,-99,-99,-99,-99,-99,-99,-99,-99,-99
11/02/2026,4,0.29,0.22,0.24,1.61,-99,0.72,-99,-99,0.19,0.53,-99,1.16,0.13,-99,-99,1.1,1.12,0.59,0.64,-99,-99,0.4,-99,-99,-99,-99,0.51,0.49,-99,1.21,1.99,0.53,-99
11/02/2026,5,0.28,0.17,0.5,1.53,-99,0.79,-99,-99,0.19,0.38,-99,0.88,0.09,-99,-99,1.01,1.09,0.83,0.58,-99,-99,0.55,-99,-99,-99,-99,0.74,0.38,-99,1.04,1.69,0.72,-99
11/02/2026,6,0.34,0.25,1.78,1.61,-99,0.64,-99,-99,0.31,0.56,-99,0.83,0.09,-99,-99,1.15,1.27,1.29,0.79,-99,-99,0.69,-99,-99,-99,-99,0.87,0.63,-99,0.94,1.68,1.3,-99
11/02/2026,7,0.51,0.27,1.33,1.73,-99,0.66,-99,-99,0.56,1.72,-99,1.26,0.1,-99,-99,1.9,2.16,2.38,2.15,-99,-99,1.31,-99,-99,-99,-99,0.96,1.1,-99,1.55,3.08,1.27,-99
11/02/2026,8,0.82,0.21,2.01,2.68,-99,1.32,-99,-99,0.81,4.1,-99,2.68,0.07,-99,-99,2.34,2.53,2.84,2.62,-99,-99,1.49,-99,-99,-99,-99,1.5,2.13,-99,1.9,3.59,1.81,-99
11/02/2026,9,0.78,0.68,1.98,3.17,-99,2.33,-99,-99,1.09,2.7,-99,3.15,0.13,-99,-99,2.99,1.53,2.85,2.17,-99,-99,1.96,-99,-99,-99,-99,2.62,3.2,-99,2.39,2.18,1.72,-99
11/02/2026,10,0.47,0.94,2.48,3.09,-99,1.74,-99,-99,1.32,2.25,-99,2.27,0.13,-99,-99,2.86,1.81,2.71,1.29,-99,-99,2.6,-99,-99,-99,-99,1.51,2.89,-99,1.92,1.58,1.68,-99
11/02/2026,11,0.44,1.01,0.98,1.61,-99,1.04,-99,-99,1.11,1.29,-99,1.82,0.15,-99,-99,2.37,1.49,1.91,0.57,-99,-99,1.62,-99,-99,-99,-99,1.01,1.47,-99,1.44,1.17,1.11,-99
11/02/2026,12,0.4,0.79,0.49,1,-99,0.59,-99,-99,0.55,1.04,-99,1.14,0.25,-99,-99,1.6,1.25,0.9,0.35,-99,-99,0.96,-99,-99,-99,-99,0.84,0.75,-99,0.69,0.65,0.47,-99
11/02/2026,13,0.2,0.61,0.44,0.68,-99,0.37,-99,-99,0.42,0.64,-99,0.63,0.33,-99,-99,0.31,0.64,0.6,0.42,-99,-99,0.75,-99,-99,-99,-99,0.54,0.54,-99,0.51,0.36,0.26,-99
11/02/2026,14,0.09,0.52,0.38,0.45,-99,0.26,-99,-99,0.38,0.57,-99,0.47,0.3,-99,-99,0.22,0.51,0.48,0.21,-99,-99,0.69,-99,-99,-99,-99,0.39,0.43,-99,0.42,0.3,0.19,-99
11/02/2026,15,0.08,0.51,0.37,0.41,-99,0.22,-99,-99,0.38,0.45,-99,0.34,0.34,-99,-99,0.45,0.48,0.39,0.12,-99,-99,0.55,-99,-99,-99,-99,0.32,0.44,-99,0.34,0.3,0.1,-99
11/02/2026,16,0.09,0.53,0.38,0.37,-99,0.27,-99,-99,0.32,0.43,-99,0.36,0.41,-99,-99,0.48,0.56,0.35,0.1,-99,-99,0.57,-99,-99,-99,-99,0.21,0.35,-99,0.3,0.31,0.12,-99
11/02/2026,17,0.16,0.56,0.38,0.43,-99,0.28,-99,-99,0.43,0.45,-99,0.48,0.18,-99,-99,0.49,0.53,0.36,0.1,-99,-99,0.63,-99,-99,-99,-99,0.25,0.45,-99,0.37,0.36,0.2,-99
11/02/2026,18,0.21,0.54,0.57,0.5,-99,0.29,-99,-99,0.49,0.48,-99,0.59,0.16,-99,-99,0.41,0.83,0.35,0.25,-99,-99,0.74,-99,-99,-99,-99,0.23,0.54,-99,0.41,0.38,0.21,-99
11/02/2026,19,0.15,0.39,0.7,0.54,-99,0.32,-99,-99,0.53,0.51,-99,0.47,0.13,-99,-99,0.31,0.51,0.38,0.17,-99,-99,0.79,-99,-99,-99,-99,0.24,0.51,-99,0.37,0.27,0.32,-99
11/02/2026,20,0.16,0.52,0.65,0.49,-99,0.26,-99,-99,0.74,0.54,-99,0.48,0.26,-99,-99,0.28,0.78,0.39,0.16,-99,-99,0.71,-99,-99,-99,-99,0.4,0.56,-99,0.44,0.39,0.31,-99
11/02/2026,21,0.26,0.6,0.74,0.49,-99,0.33,-99,-99,0.66,0.3,-99,0.53,0.27,-99,-99,0.74,0.77,0.31,0.24,-99,-99,0.69,-99,-99,-99,-99,0.58,0.54,-99,0.46,0.43,0.52,-99
11/02/2026,22,0.28,0.46,0.87,0.5,-99,0.22,-99,-99,0.64,0.37,-99,0.58,0.21,-99,-99,0.86,0.73,0.26,0.26,-99,-99,0.64,-99,-99,-99,-99,0.55,0.57,-99,0.54,0.51,0.63,-99
11/02/2026,23,0.25,0.35,0.98,0.47,-99,0.22,-99,-99,0.56,0.41,-99,0.62,0.11,-99,-99,0.49,0.69,0.33,0.51,-99,-99,0.76,-99,-99,-99,-99,0.54,0.72,-99,0.55,0.65,0.62,-99
11/02/2026,24,0.21,0.42,1.04,0.42,-99,0.29,-99,-99,0.33,0.6,-99,0.56,0.11,-99,-99,0.28,0.81,0.38,0.4,-99,-99,0.74,-99,-99,-99,-99,0.5,0.51,-99,0.56,0.63,0.79,-99
12/02/2026,1,0.28,0.33,0.76,0.54,-99,0.24,-99,-99,0.24,0.4,-99,0.45,0.12,-99,-99,0.29,0.69,0.43,0.56,-99,-99,0.52,-99,-99,-99,-99,0.58,0.3,-99,0.69,0.65,0.7,-99
12/02/2026,2,0.37,0.29,1.23,0.7,-99,0.17,-99,-99,0.24,0.42,-99,0.48,0.12,-99,-99,0.4,0.53,0.47,0.79,-99,-99,0.4,-99,-99,-99,-99,0.43,0.25,-99,0.73,0.6,0.57,-99
12/02/2026,3,0.33,0.27,2,0.72,-99,0.12,-99,-99,0.25,0.31,-99,0.59,0.12,-99,-99,0.66,0.54,0.37,0.73,-99,-99,0.4,-99,-99,-99,-99,0.44,0.27,-99,0.57,0.56,0.42,-99
12/02/2026,4,0.28,0.3,0.49,0.85,-99,0.22,-99,-99,0.19,0.28,-99,0.79,0.14,-99,-99,0.6,0.84,0.28,0.67,-99,-99,0.49,-99,-99,-99,-99,0.4,0.51,-99,0.58,0.5,0.48,-99
12/02/2026,5,0.31,0.35,0.83,0.81,-99,0.26,-99,-99,0.18,0.32,-99,0.82,0.14,-99,-99,0.7,0.88,0.39,0.78,-99,-99,0.6,-99,-99,-99,-99,0.52,0.36,-99,0.59,0.51,0.56,-99
12/02/2026,6,0.32,0.38,2.77,0.76,-99,0.26,-99,-99,0.24,0.39,-99,1,0.14,-99,-99,1.17,1.11,0.66,0.72,-99,-99,0.59,-99,-99,-99,-99,1.15,0.48,-99,0.86,0.54,0.74,-99
12/02/2026,7,0.53,0.36,2.28,1.05,-99,0.45,-99,-99,0.52,1.65,-99,1.28,0.15,-99,-99,1.34,1.63,1.5,1.41,-99,-99,0.86,-99,-99,-99,-99,0.77,1.4,-99,1.14,0.97,1.39,-99
12/02/2026,8,0.89,0.51,2.12,1.71,-99,1.52,-99,-99,0.87,4.09,-99,1.86,0.12,-99,-99,1.78,1.94,2.17,2.58,-99,-99,1.32,-99,-99,-99,-99,2.98,2.23,-99,1.68,1.64,2.43,-99
12/02/2026,9,1.01,1.07,2.03,1.86,-99,1.57,-99,-99,1.26,2.51,-99,2.37,0.14,-99,-99,1.93,2.14,2.07,3.12,-99,-99,1.4,-99,-99,-99,-99,2.93,2.15,-99,1.49,1.54,2.87,-99
12/02/2026,10,-99,1.13,1.21,1.69,-99,1.23,-99,-99,1.63,1.92,-99,1.84,0.17,-99,-99,2.24,1.82,1.7,-99,-99,-99,1.54,-99,-99,-99,-99,1.39,1.29,-99,1.3,1.32,1.69,-99
12/02/2026,11,-99,1.04,1.17,1.34,-99,0.96,-99,-99,1.69,1.61,-99,1.43,0.16,-99,-99,2.16,1.64,1.5,-99,-99,-99,1.33,-99,-99,-99,-99,0.72,1.24,-99,1.02,1.1,0.92,-99
12/02/2026,12,-99,1.01,1.26,1.15,-99,0.8,-99,-99,1.06,-99,-99,1.5,0.22,-99,-99,1.95,1.48,1.11,0.33,-99,-99,1.26,-99,-99,-99,-99,0.74,1.29,-99,1.08,0.87,0.77,-99
12/02/2026,13,0.2,0.63,0.66,0.92,-99,0.58,-99,-99,0.43,0.56,-99,0.93,0.22,-99,-99,1.57,1.18,0.45,0.45,-99,-99,0.96,-99,-99,-99,-99,0.77,0.55,-99,0.78,0.61,0.43,-99
12/02/2026,14,0.13,0.59,0.36,0.54,-99,0.31,-99,-99,0.36,0.33,-99,0.69,0.26,-99,-99,0.57,0.75,0.24,0.24,-99,-99,0.63,-99,-99,-99,-99,0.32,0.39,-99,0.58,0.38,0.42,-99
12/02/2026,15,0.07,0.55,0.34,0.63,-99,0.35,-99,-99,0.4,0.41,-99,0.74,0.29,-99,-99,0.34,0.69,0.33,0.16,-99,-99,0.65,-99,-99,-99,-99,0.44,0.41,-99,0.52,0.3,0.23,-99
12/02/2026,16,0.11,0.56,0.33,0.57,-99,0.43,-99,-99,0.32,0.41,-99,0.46,0.31,-99,-99,0.39,0.55,0.35,0.1,-99,-99,0.7,-99,-99,-99,-99,0.32,0.36,-99,0.5,0.23,0.22,-99
12/02/2026,17,0.15,0.63,0.35,0.42,-99,0.35,-99,-99,0.38,0.29,-99,0.37,0.31,-99,-99,0.53,0.66,0.21,0.1,-99,-99,0.68,-99,-99,-99,-99,0.31,0.31,-99,0.39,0.37,-99,-99
12/02/2026,18,0.12,0.5,0.44,0.35,-99,0.27,-99,-99,0.43,0.29,-99,0.35,0.26,-99,-99,0.6,0.79,0.2,0.18,-99,-99,0.59,-99,-99,-99,-99,0.32,0.51,-99,0.34,0.39,0.24,-99
12/02/2026,19,0.1,0.66,0.6,0.52,-99,0.44,-99,-99,0.56,0.52,-99,0.55,0.17,-99,-99,0.74,0.88,0.41,0.2,-99,-99,0.72,-99,-99,-99,-99,0.58,0.71,-99,0.43,0.45,0.41,-99
12/02/2026,20,0.08,0.7,0.63,0.61,-99,0.48,-99,-99,0.84,0.62,-99,0.54,0.23,-99,-99,0.43,0.68,0.58,0.34,-99,-99,0.78,-99,-99,-99,-99,1,0.71,-99,0.61,0.44,0.65,-99
12/02/2026,21,0.15,0.81,0.7,0.51,-99,0.34,-99,-99,1.06,0.58,-99,0.43,0.28,-99,-99,0.33,0.52,0.49,0.34,-99,-99,0.71,-99,-99,-99,-99,1.19,0.82,-99,0.63,0.5,0.52,-99
12/02/2026,22,0.09,0.84,0.82,0.53,-99,0.36,-99,-99,0.92,0.53,-99,0.5,0.21,-99,-99,0.64,0.62,0.5,0.83,-99,-99,1.03,-99,-99,-99,-99,0.9,0.84,-99,0.61,0.59,0.63,-99
12/02/2026,23,0.03,0.38,0.61,0.82,-99,0.65,-99,-99,0.81,0.72,-99,0.8,0.2,-99,-99,0.45,1.1,0.42,0.85,-99,-99,1.03,-99,-99,-99,-99,0.63,0.72,-99,0.66,0.65,0.88,-99
12/02/2026,24,0.16,0.33,0.55,0.73,-99,0.36,-99,-99,0.52,0.53,-99,0.85,0.21,-99,-99,0.8,0.95,0.35,1,-99,-99,0.65,-99,-99,-99,-99,0.43,0.64,-99,1.07,1.07,1.63,-99
13/02/2026,1,0.19,0.26,0.43,0.95,-99,0.19,-99,-99,0.32,0.44,-99,0.82,0.19,-99,-99,0.65,0.76,0.31,1.07,-99,-99,0.47,-99,-99,-99,-99,0.62,0.68,-99,1.3,0.87,1.07,-99
13/02/2026,2,0.25,0.22,0.33,1,-99,0.11,-99,-99,0.26,0.31,-99,0.75,0.14,-99,-99,0.56,0.77,0.39,0.96,-99,-99,0.39,-99,-99,-99,-99,0.52,0.59,-99,1,0.93,0.81,-99
13/02/2026,3,0.22,0.2,0.29,0.78,-99,0.19,-99,-99,0.24,0.19,-99,1.01,0.15,-99,-99,0.76,0.96,0.65,0.94,-99,-99,0.36,-99,-99,-99,-99,0.53,0.34,-99,0.87,1.11,0.78,-99
13/02/2026,4,0.19,0.19,0.32,0.84,-99,0.26,-99,-99,0.18,0.2,-99,0.79,0.15,-99,-99,1.05,0.98,0.36,1.04,-99,-99,0.36,-99,-99,-99,-99,0.53,0.25,-99,0.7,0.83,0.86,-99
13/02/2026,5,0.16,0.18,0.35,0.76,-99,0.18,-99,-99,0.18,0.19,-99,0.93,0.13,-99,-99,1.01,1.08,0.41,0.95,-99,-99,0.35,-99,-99,-99,-99,0.42,0.2,-99,0.73,0.83,1.02,-99
13/02/2026,6,0.23,0.2,0.71,0.89,-99,0.18,-99,-99,0.25,0.38,-99,0.9,0.11,-99,-99,1.09,1.27,1.03,1.11,-99,-99,0.42,-99,-99,-99,-99,0.45,0.47,-99,0.66,0.8,1.49,-99
13/02/2026,7,0.39,0.21,1.48,1.14,-99,0.44,-99,-99,0.51,1.21,-99,1.11,0.12,-99,-99,1.62,1.9,1.41,1.53,-99,-99,0.62,-99,-99,-99,-99,0.96,1.06,-99,0.87,1.36,2.03,-99
13/02/2026,8,0.91,0.25,2.26,1.55,-99,1.1,-99,-99,1.1,2.34,-99,1.47,-99,-99,-99,2.93,2.34,2.71,2.55,-99,-99,1.61,-99,-99,-99,-99,1.12,1.77,-99,0.97,1.75,3.08,-99
13/02/2026,9,0.88,0.65,1.67,1.66,-99,1.92,-99,-99,1.14,2.13,-99,1.75,0.17,-99,-99,3.03,2.3,2.27,2.37,-99,-99,1.73,-99,-99,-99,-99,1.77,2.03,-99,1.06,1.26,2.11,-99
13/02/2026,10,0.63,1.21,1.3,1.35,-99,1.43,-99,-99,1.74,2.16,-99,2.33,0.19,-99,-99,2.56,1.79,1.66,1.14,-99,-99,1.55,-99,-99,-99,-99,0.85,1.23,-99,0.78,0.85,1.31,-99
13/02/2026,11,0.43,0.94,1.27,2.07,-99,0.75,-99,-99,1.46,1.61,-99,1.76,0.19,-99,-99,1.79,1.12,1.22,-99,-99,-99,1.22,-99,-99,-99,-99,0.5,0.91,-99,0.61,1,0.87,-99
13/02/2026,12,0.3,0.56,0.87,1.17,-99,0.45,-99,-99,0.93,0.98,-99,1.07,0.2,-99,-99,1.3,0.86,1.12,-99,-99,-99,0.8,-99,-99,-99,-99,0.38,0.76,-99,0.41,0.8,0.58,-99
13/02/2026,13,0.19,0.4,0.46,0.65,-99,0.4,-99,-99,0.47,0.44,-99,0.59,0.19,-99,-99,0.81,0.74,0.38,-99,-99,-99,0.68,-99,-99,-99,-99,0.35,0.53,-99,0.37,0.42,0.23,-99
13/02/2026,14,0.17,0.49,0.43,0.49,-99,0.35,-99,-99,0.39,0.39,-99,0.42,0.29,-99,-99,0.61,0.69,0.24,0.19,-99,-99,0.58,-99,-99,-99,-99,0.43,0.42,-99,0.43,0.41,0.18,-99
13/02/2026,15,0.14,0.48,0.41,0.36,-99,0.33,-99,-99,0.42,0.45,-99,0.37,0.21,-99,-99,0.56,0.59,0.18,0.1,-99,-99,0.56,-99,-99,-99,-99,0.39,0.37,-99,0.4,0.45,0.12,-99
13/02/2026,16,0.13,0.49,0.41,0.42,-99,0.3,-99,-99,0.37,0.41,-99,0.39,0.22,-99,-99,0.47,0.65,0.14,0.1,-99,-99,0.5,-99,-99,-99,-99,0.39,0.38,-99,0.45,0.32,0.1,-99
13/02/2026,17,0.11,0.51,0.4,0.46,-99,0.34,-99,-99,0.36,0.39,-99,0.43,0.25,-99,-99,0.64,0.65,0.23,0.1,-99,-99,0.54,-99,-99,-99,-99,0.37,0.41,-99,0.44,0.29,0.13,-99
13/02/2026,18,0.16,0.57,0.46,0.49,-99,0.35,-99,-99,0.44,0.48,-99,0.48,0.24,-99,-99,0.82,0.47,0.27,0.19,-99,-99,0.54,-99,-99,-99,-99,0.34,0.54,-99,0.33,0.2,0.21,-99
13/02/2026,19,0.3,0.47,0.84,0.77,-99,0.52,-99,-99,0.74,1.23,-99,0.8,0.23,-99,-99,0.75,0.75,0.72,0.42,-99,-99,0.75,-99,-99,-99,-99,0.34,0.97,-99,0.42,0.42,0.47,-99
13/02/2026,20,0.21,0.39,0.76,0.88,-99,0.61,-99,-99,0.86,1.01,-99,0.86,0.22,-99,-99,0.69,1.02,0.66,0.39,-99,-99,0.9,-99,-99,-99,-99,0.38,0.94,-99,0.49,0.5,0.73,-99
13/02/2026,21,0.18,0.54,0.8,0.85,-99,1.1,-99,-99,1.28,0.91,-99,1.01,0.28,-99,-99,0.71,1.21,0.88,0.37,-99,-99,0.75,-99,-99,-99,-99,0.93,1.1,-99,0.58,0.71,1.01,-99
13/02/2026,22,0.66,0.56,1.14,0.9,-99,0.81,-99,-99,1.11,2.05,-99,1.4,0.28,-99,-99,0.81,1.19,1.09,0.67,-99,-99,1,-99,-99,-99,-99,1.08,1.41,-99,0.79,1.13,1.61,-99
13/02/2026,23,0.65,0.38,0.78,1.42,-99,0.93,-99,-99,0.87,1.29,-99,1.44,0.26,-99,-99,0.9,2,0.84,0.6,-99,-99,0.96,-99,-99,-99,-99,1.5,1.13,-99,0.88,0.98,1.31,-99
13/02/2026,24,0.55,0.43,0.76,1.68,-99,0.67,-99,-99,0.65,0.95,-99,1.53,0.25,-99,-99,1.06,1.91,0.51,0.68,-99,-99,0.79,-99,-99,-99,-99,1.46,1.12,-99,1.55,1.12,1.31,-99
14/02/2026,1,0.58,0.46,0.86,2.16,-99,0.46,-99,-99,0.49,0.56,-99,2.09,0.27,-99,-99,1.78,1.98,0.53,1.92,-99,-99,0.67,-99,-99,-99,-99,1.17,0.96,-99,1.1,1.27,1.9,-99
14/02/2026,2,0.53,0.38,0.61,1.47,-99,0.54,-99,-99,0.39,0.64,-99,2.04,0.24,-99,-99,1.56,2.03,1.33,1.88,-99,-99,0.58,-99,-99,-99,-99,0.61,0.84,-99,1.1,0.89,1.66,-99
14/02/2026,3,0.48,0.39,0.6,1.52,-99,0.38,-99,-99,0.37,0.56,-99,1.82,0.26,-99,-99,1.63,2.08,1.28,1.78,-99,-99,0.54,-99,-99,-99,-99,0.89,0.58,-99,0.89,0.71,1.44,-99
14/02/2026,4,0.45,0.58,0.66,1.07,-99,0.49,-99,-99,0.38,0.41,-99,1.32,0.26,-99,-99,1.6,2.23,1.12,1.3,-99,-99,0.49,-99,-99,-99,-99,0.59,0.42,-99,0.9,0.56,1.55,-99
14/02/2026,5,0.36,0.52,0.8,0.93,-99,0.48,-99,-99,0.34,0.43,-99,1.36,0.2,-99,-99,1.99,1.35,1.28,1.13,-99,-99,0.51,-99,-99,-99,-99,0.48,0.5,-99,0.76,1.12,1.28,-99
14/02/2026,6,0.4,0.4,0.65,1.04,-99,0.42,-99,-99,0.33,0.57,-99,1.5,0.18,-99,-99,2.48,1.43,1.31,1.07,-99,-99,0.64,-99,-99,-99,-99,0.59,0.54,-99,0.85,1.5,0.89,-99
14/02/2026,7,0.52,0.48,1.13,1.18,-99,0.49,-99,-99,0.43,1.03,-99,2.21,0.16,-99,-99,2.86,1.99,1.51,1.42,-99,-99,0.74,-99,-99,-99,-99,0.5,0.67,-99,1.22,1.45,1.3,-99
14/02/2026,8,0.78,-99,1.51,1.45,-99,0.9,-99,-99,0.7,1.93,-99,1.92,0.15,-99,-99,2.71,1.39,2.28,2.03,-99,-99,1.25,-99,-99,-99,-99,1.11,1.23,-99,1.25,2.2,1.78,-99
14/02/2026,9,0.91,1.06,1.64,1.63,-99,1.25,-99,-99,1.16,2.29,-99,1.59,0.16,-99,-99,2.79,1.6,1.85,2.54,-99,-99,1.57,-99,-99,-99,-99,0.8,1.62,-99,1.72,2.25,2.13,-99
14/02/2026,10,0.72,0.88,1.26,1.6,-99,1.34,-99,-99,1.44,2.02,-99,1.4,0.21,-99,-99,2.08,1.43,1.34,1.51,-99,-99,1.19,-99,-99,-99,-99,0.75,1.77,-99,0.77,0.96,1.63,-99
14/02/2026,11,0.56,0.6,0.98,0.98,-99,0.66,-99,-99,1.39,1.44,-99,1.44,0.24,-99,-99,1.3,1.56,1.01,0.72,-99,-99,1.08,-99,-99,-99,-99,0.63,1.11,-99,0.6,0.56,1.34,-99
14/02/2026,12,0.48,0.53,0.77,0.57,-99,0.31,-99,-99,0.88,0.74,-99,0.78,0.24,-99,-99,0.97,1.02,0.53,0.33,-99,-99,0.73,-99,-99,-99,-99,0.31,0.86,-99,0.42,0.34,0.61,-99
14/02/2026,13,0.24,0.42,0.72,0.54,-99,0.25,-99,-99,0.65,0.62,-99,0.54,0.26,-99,-99,0.7,0.63,0.45,0.26,-99,-99,0.64,-99,-99,-99,-99,0.32,0.66,-99,0.42,0.35,0.42,-99
14/02/2026,14,0.26,0.42,0.84,0.5,-99,0.27,-99,-99,0.56,0.6,-99,0.53,0.28,-99,-99,0.77,0.73,0.47,0.29,-99,-99,0.62,-99,-99,-99,-99,0.34,0.54,-99,0.36,0.38,0.42,-99
14/02/2026,15,0.19,0.46,0.84,0.52,-99,0.32,-99,-99,0.48,0.65,-99,0.56,0.29,-99,-99,0.74,0.67,0.51,0.32,-99,-99,0.62,-99,-99,-99,-99,0.31,0.5,-99,0.33,0.32,0.5,-99
14/02/2026,16,0.24,0.44,0.85,0.52,-99,0.29,-99,-99,0.54,0.61,-99,0.59,0.22,-99,-99,1.24,0.67,0.44,0.39,-99,-99,0.64,-99,-99,-99,-99,0.22,0.65,-99,0.36,0.33,0.47,-99
14/02/2026,17,0.4,0.42,0.87,0.49,-99,0.24,-99,-99,0.56,0.61,-99,0.56,0.21,-99,-99,1.23,0.61,0.46,0.31,-99,-99,0.6,-99,-99,-99,-99,0.22,0.67,-99,0.37,0.21,0.42,-99
14/02/2026,18,0.31,0.34,0.8,0.5,-99,0.19,-99,-99,0.65,0.58,-99,0.56,0.2,-99,-99,0.99,0.52,0.42,0.32,-99,-99,0.58,-99,-99,-99,-99,0.26,0.71,-99,0.44,0.19,0.47,-99
14/02/2026,19,0.34,0.32,0.8,0.6,-99,0.27,-99,-99,0.76,0.46,-99,0.7,0.21,-99,-99,0.52,0.73,0.26,0.34,-99,-99,0.62,-99,-99,-99,-99,0.26,0.6,-99,0.46,0.28,0.72,-99
14/02/2026,20,0.45,0.31,0.61,0.53,-99,0.27,-99,-99,0.76,0.9,-99,0.67,0.25,-99,-99,0.9,0.88,0.23,0.44,-99,-99,0.84,-99,-99,-99,-99,0.74,0.83,-99,0.56,0.42,1.05,-99
14/02/2026,21,0.65,0.62,1,0.74,-99,0.57,-99,-99,0.76,0.98,-99,0.85,0.28,-99,-99,1.25,1.14,0.41,0.47,-99,-99,0.96,-99,-99,-99,-99,1.06,0.99,-99,0.85,0.77,0.93,-99
14/02/2026,22,0.62,0.58,0.94,0.99,-99,0.57,-99,-99,0.65,1.23,-99,1.45,0.25,-99,-99,1.4,1.32,0.41,0.34,-99,-99,1.03,-99,-99,-99,-99,0.9,0.67,-99,0.91,1.01,0.97,-99
14/02/2026,23,0.79,0.66,-99,1.14,-99,0.63,-99,-99,0.79,1.63,-99,1.21,0.24,-99,-99,1.16,1.26,1.07,0.79,-99,-99,1.14,-99,-99,-99,-99,0.74,0.83,-99,0.9,0.98,1.23,-99
14/02/2026,24,1.08,0.62,0.83,1.11,-99,0.68,-99,-99,0.91,1.46,-99,1.28,0.29,-99,-99,0.67,1.52,1.35,1.09,-99,-99,1.26,-99,-99,-99,-99,1.01,0.84,-99,0.92,1.03,1.6,-99
15/02/2026,1,1.06,0.59,0.92,1.15,-99,0.83,-99,-99,0.63,1.26,-99,1.22,0.44,-99,-99,0.81,1.72,1.21,1.45,-99,-99,1,-99,-99,-99,-99,1.17,0.85,-99,1.24,0.87,1.85,-99
15/02/2026,2,0.71,0.52,1.23,1.01,-99,0.74,-99,-99,0.51,0.84,-99,1.31,0.33,-99,-99,1.04,1.39,1.35,1.08,-99,-99,0.73,-99,-99,-99,-99,0.85,0.69,-99,1.42,0.88,1.78,-99
15/02/2026,3,0.59,0.5,0.82,1.09,-99,0.52,-99,-99,0.43,0.8,-99,1.24,0.24,-99,-99,1.44,1.5,0.9,1.31,-99,-99,0.62,-99,-99,-99,-99,0.61,0.77,-99,1.24,1.12,1.61,-99
15/02/2026,4,0.59,0.53,0.65,1.32,-99,0.32,-99,-99,0.37,0.67,-99,1.45,0.23,-99,-99,1.54,1.43,1.24,1.64,-99,-99,0.55,-99,-99,-99,-99,0.84,0.49,-99,1.01,1.26,1.5,-99
15/02/2026,5,0.46,0.4,0.53,1.07,-99,0.27,-99,-99,0.3,0.52,-99,1.55,0.24,-99,-99,1.21,1.3,1.34,1.28,-99,-99,0.52,-99,-99,-99,-99,0.98,0.66,-99,0.95,1.01,1.26,-99
15/02/2026,6,0.41,0.33,0.46,0.86,-99,0.25,-99,-99,0.35,0.62,-99,1.45,0.22,-99,-99,1.39,1.32,1.56,1.25,-99,-99,0.54,-99,-99,-99,-99,0.72,0.59,-99,1,1.01,1.45,-99
15/02/2026,7,0.48,0.28,0.78,1.24,-99,0.25,-99,-99,0.34,0.72,-99,1.57,0.17,-99,-99,1.85,1.57,1.99,1.58,-99,-99,0.57,-99,-99,-99,-99,0.98,0.67,-99,1.15,1.52,1.79,-99
15/02/2026,8,0.58,0.23,0.7,1.42,-99,0.33,-99,-99,0.63,0.98,-99,1.98,0.12,-99,-99,2.14,1.94,1.94,1.65,-99,-99,0.92,-99,-99,-99,-99,1.94,1.01,-99,1.24,2.2,1.1,-99
15/02/2026,9,0.33,0.64,0.61,1.47,-99,0.87,-99,-99,0.79,0.75,-99,1.3,0.13,-99,-99,0.91,1.57,0.85,1.25,-99,-99,1.18,-99,-99,-99,-99,1.14,0.64,-99,1.37,1,0.5,-99
15/02/2026,10,0.15,0.72,0.48,0.59,-99,0.37,-99,-99,0.39,0.45,-99,0.54,0.22,-99,-99,0.28,0.87,0.29,0.44,-99,-99,0.69,-99,-99,-99,-99,1.18,0.41,-99,1.2,0.5,0.31,-99
15/02/2026,11,0.1,0.53,0.39,0.53,-99,0.35,-99,-99,0.31,0.36,-99,0.48,0.28,-99,-99,0.48,0.81,0.23,0.22,-99,-99,0.59,-99,-99,-99,-99,0.55,0.36,-99,0.42,0.23,0.24,-99
15/02/2026,12,0.08,0.43,0.39,0.49,-99,0.23,-99,-99,0.28,0.32,-99,0.44,0.32,-99,-99,0.48,0.65,0.21,0.2,-99,-99,0.64,-99,-99,-99,-99,0.34,0.35,-99,0.55,0.22,0.18,-99
15/02/2026,13,0.11,0.46,0.41,0.48,-99,0.29,-99,-99,0.35,0.31,-99,0.42,0.36,-99,-99,0.42,0.64,0.22,0.2,-99,-99,0.61,-99,-99,-99,-99,0.34,0.29,-99,0.57,0.23,0.14,-99
15/02/2026,14,0.11,0.54,0.41,0.47,-99,0.28,-99,-99,0.31,0.32,-99,0.45,0.39,-99,-99,0.49,0.57,0.2,0.19,-99,-99,0.6,-99,-99,-99,-99,0.33,0.29,-99,0.57,0.2,0.17,-99
15/02/2026,15,0.13,0.49,0.44,0.52,-99,0.3,-99,-99,0.34,0.37,-99,0.51,0.21,-99,-99,0.58,0.62,0.27,0.16,-99,-99,0.62,-99,-99,-99,-99,0.31,0.34,-99,0.58,0.22,0.19,-99
15/02/2026,16,0.12,0.53,0.51,0.52,-99,0.35,-99,-99,0.4,0.4,-99,0.55,0.08,-99,-99,0.6,0.58,0.37,0.16,-99,-99,0.67,-99,-99,-99,-99,0.34,0.3,-99,0.54,0.24,0.23,-99
15/02/2026,17,0.16,0.56,0.5,0.52,-99,0.38,-99,-99,0.44,0.44,-99,0.52,0.09,-99,-99,0.57,0.58,0.4,0.35,-99,-99,0.65,-99,-99,-99,-99,0.27,0.4,-99,0.5,0.28,0.24,-99
15/02/2026,18,0.21,0.56,0.54,0.52,-99,0.37,-99,-99,0.49,0.47,-99,0.54,0.13,-99,-99,0.54,0.65,0.36,0.3,-99,-99,0.63,-99,-99,-99,-99,0.18,0.42,-99,0.41,0.28,0.32,-99
15/02/2026,19,0.26,0.78,0.57,0.75,-99,0.51,-99,-99,0.55,1.07,-99,0.72,0.17,-99,-99,0.82,0.98,0.67,0.37,-99,-99,0.85,-99,-99,-99,-99,0.1,0.53,-99,0.55,0.49,0.34,-99
15/02/2026,20,0.25,0.37,0.74,0.81,-99,0.63,-99,-99,0.47,0.37,-99,0.87,0.41,-99,-99,0.8,0.99,0.5,0.49,-99,-99,1.06,-99,-99,-99,-99,0.3,0.47,-99,0.62,0.62,0.29,-99
15/02/2026,21,0.35,0.82,0.77,0.55,-99,0.35,-99,-99,0.46,0.44,-99,0.48,0.59,-99,-99,0.86,0.73,0.44,0.33,-99,-99,0.9,-99,-99,-99,-99,0.92,0.37,-99,0.62,0.4,0.36,-99
15/02/2026,22,0.21,0.78,0.65,0.46,-99,0.32,-99,-99,0.49,0.38,-99,0.52,0.28,-99,-99,0.67,0.56,0.29,0.36,-99,-99,0.72,-99,-99,-99,-99,0.56,0.37,-99,0.53,0.35,0.4,-99
15/02/2026,23,0.17,0.9,0.67,0.54,-99,0.25,-99,-99,0.48,0.3,-99,0.51,0.17,-99,-99,0.96,0.61,0.28,0.34,-99,-99,0.72,-99,-99,-99,-99,0.56,0.39,-99,0.55,0.32,0.35,-99
15/02/2026,24,0.21,0.76,0.65,0.46,-99,0.18,-99,-99,0.45,0.27,-99,0.5,0.19,-99,-99,0.46,0.62,0.25,0.37,-99,-99,0.61,-99,-99,-99,-99,0.58,0.4,-99,0.59,0.25,0.41,-99
16/02/2026,1,0.3,0.63,1.08,0.52,-99,0.22,-99,-99,0.57,0.24,-99,0.6,0.21,-99,-99,0.41,0.68,0.23,0.56,-99,-99,0.65,-99,-99,-99,-99,0.46,0.47,-99,0.56,0.33,0.31,-99
16/02/2026,2,0.28,0.44,0.48,0.43,-99,0.27,-99,-99,0.42,0.28,-99,0.55,0.2,-99,-99,0.52,0.62,0.25,0.68,-99,-99,0.74,-99,-99,-99,-99,0.39,0.32,-99,0.79,0.33,0.3,-99
16/02/2026,3,0.28,0.37,0.87,0.42,-99,0.32,-99,-99,0.28,0.39,-99,0.45,0.2,-99,-99,0.45,0.52,0.32,0.71,-99,-99,0.66,-99,-99,-99,-99,0.43,0.25,-99,0.75,0.42,0.46,-99
16/02/2026,4,0.27,0.36,0.92,0.48,-99,0.23,-99,-99,0.28,0.4,-99,0.46,0.21,-99,-99,0.36,0.52,0.41,0.76,-99,-99,0.52,-99,-99,-99,-99,0.45,0.25,-99,0.71,0.44,0.52,-99
16/02/2026,5,0.32,0.4,0.57,0.6,-99,0.26,-99,-99,0.32,0.4,-99,0.59,0.21,-99,-99,0.54,0.69,0.57,0.71,-99,-99,0.54,-99,-99,-99,-99,0.45,0.33,-99,0.68,0.46,0.48,-99
16/02/2026,6,0.37,0.38,0.79,0.79,-99,0.35,-99,-99,0.36,0.56,-99,0.75,0.22,-99,-99,0.86,0.82,0.78,0.87,-99,-99,0.63,-99,-99,-99,-99,0.61,0.58,-99,0.74,0.56,0.62,-99
16/02/2026,7,0.47,0.36,1.42,0.99,-99,0.6,-99,-99,0.66,1.49,-99,0.99,0.19,-99,-99,1.77,1.1,1.25,1.29,-99,-99,0.83,-99,-99,-99,-99,1.05,1.44,-99,1.08,1.02,1.17,-99
16/02/2026,8,0.84,0.43,1.69,1.49,-99,1.13,-99,-99,1.41,3.52,-99,1.48,0.15,-99,-99,1.85,1.38,1.6,2.54,-99,-99,1.23,-99,-99,-99,-99,0.9,1.88,-99,1.36,1.16,1.68,-99
16/02/2026,9,0.63,0.91,1.49,1.24,-99,1.37,-99,-99,1.67,2.38,-99,1.3,0.15,-99,-99,1.88,1.19,1.53,2.57,-99,-99,1.35,-99,-99,-99,-99,1.27,2.21,-99,1.5,1.51,1.47,-99
16/02/2026,10,0.46,1.17,1.39,1.04,-99,1.01,-99,-99,1.46,2.03,-99,1.26,0.18,-99,-99,1.3,-99,1.61,0.86,-99,-99,1.31,-99,-99,-99,-99,0.87,1.66,-99,1.03,1.18,0.78,-99
16/02/2026,11,0.4,1.01,1.31,1.15,-99,0.65,-99,-99,1.28,1.49,-99,1.37,0.19,-99,-99,1.03,-99,1.23,0.56,-99,-99,1.17,-99,-99,-99,-99,0.57,1.71,-99,1.01,0.92,0.86,-99
16/02/2026,12,0.24,0.46,1.05,1.01,-99,0.6,-99,-99,0.82,0.9,-99,0.98,0.23,-99,-99,0.83,-99,0.67,0.39,-99,-99,0.78,-99,-99,-99,-99,0.4,1,-99,1.18,0.64,0.59,-99
16/02/2026,13,0.06,0.58,0.53,0.66,-99,0.54,-99,-99,0.48,0.61,-99,0.57,0.14,-99,-99,0.45,0.62,0.5,0.24,-99,-99,0.83,-99,-99,-99,-99,0.65,0.75,-99,0.71,0.27,0.24,-99
16/02/2026,14,0.1,0.68,0.51,0.6,-99,0.45,-99,-99,0.47,0.74,-99,0.53,0.11,-99,-99,0.43,0.49,0.42,0.1,-99,-99,0.83,-99,-99,-99,-99,0.57,0.57,-99,0.5,0.27,0.22,-99
16/02/2026,15,0.14,0.72,0.44,0.58,-99,0.43,-99,-99,0.43,0.62,-99,0.6,0.12,-99,-99,0.46,0.67,0.44,0.14,-99,-99,0.83,-99,-99,-99,-99,0.48,0.48,-99,0.51,0.35,0.17,-99
16/02/2026,16,0.1,0.67,0.36,0.64,-99,0.43,-99,-99,0.4,0.51,-99,0.59,0.14,-99,-99,0.43,0.71,0.4,0.14,-99,-99,0.79,-99,-99,-99,-99,0.32,0.42,-99,0.49,0.39,0.11,-99
16/02/2026,17,0.11,0.65,-99,0.57,-99,0.4,-99,-99,0.54,0.44,-99,0.5,0.31,-99,-99,0.57,0.59,0.29,0.06,-99,-99,0.73,-99,-99,-99,-99,0.41,0.43,-99,0.51,0.38,0.14,-99
16/02/2026,18,0.17,0.66,-99,0.48,-99,0.38,-99,-99,0.6,0.46,-99,0.36,0.25,-99,-99,0.5,0.58,0.28,0.09,-99,-99,0.63,-99,-99,-99,-99,0.47,0.48,-99,0.46,0.24,0.28,-99
16/02/2026,19,0.38,0.6,0.62,0.6,-99,0.55,-99,-99,0.69,0.54,-99,0.52,0.26,-99,-99,0.43,0.79,0.41,0.25,-99,-99,0.9,-99,-99,-99,-99,0.48,0.69,-99,0.55,0.5,0.36,-99
16/02/2026,20,0.26,0.88,0.79,0.73,-99,0.68,-99,-99,0.88,0.49,-99,0.67,0.29,-99,-99,0.55,0.93,0.44,0.63,-99,-99,0.87,-99,-99,-99,-99,0.98,0.78,-99,0.8,0.65,0.72,-99
16/02/2026,21,0.26,1,0.77,1.18,-99,1.17,-99,-99,0.95,1.01,-99,0.9,0.3,-99,-99,0.41,0.94,0.54,0.69,-99,-99,1.07,-99,-99,-99,-99,0.83,0.84,-99,1.05,0.98,0.73,-99
16/02/2026,22,0.29,0.85,0.66,1.14,-99,1.09,-99,-99,0.8,1.55,-99,0.79,0.3,-99,-99,0.69,1.06,0.6,1.03,-99,-99,1.17,-99,-99,-99,-99,1.33,0.93,-99,1.09,1.45,1.17,-99
16/02/2026,23,0.24,0.46,0.76,1.01,-99,0.93,-99,-99,0.73,0.45,-99,0.97,0.25,-99,-99,0.52,1.2,0.46,1.81,-99,-99,1.04,-99,-99,-99,-99,1.61,0.75,-99,1.31,1.04,0.77,-99
16/02/2026,24,0.3,0.51,1.32,0.79,-99,0.74,-99,-99,0.7,0.28,-99,0.79,0.28,-99,-99,0.31,0.92,0.4,1.24,-99,-99,0.74,-99,-99,-99,-99,1.07,0.55,-99,1.51,1.06,0.53,-99
17/02/2026,1,-99,-99,-99,-99,-99,-99,-99,-99,0.5,-99,-99,-99,-99,-99,-99,0.11,-99,-99,-99,-99,-99,0.55,-99,-99,-99,-99,-99,-99,-99,-99,-99,-99,-99
17/02/2026,2,-99,-99,-99,-99,-99,-99,-99,-99,0.37,-99,-99,-99,-99,-99,-99,0.34,-99,-99,-99,-99,-99,0.43,-99,-99,-99,-99,-99,-99,-99,-99,-99,-99,-99
17/02/2026,3,-99,-99,-99,-99,-99,-99,-99,-99,0.28,-99,-99,-99,-99,-99,-99,0.57,-99,-99,-99,-99,-99,0.39,-99,-99,-99,-99,-99,-99,-99,-99,-99,-99,-99
17/02/2026,4,0.32,0.19,0.3,0.4,-99,0.18,-99,-99,0.25,0.28,-99,0.54,0.2,-99,-99,0.7,0.68,0.59,0.66,-99,-99,0.37,-99,-99,-99,-99,-99,0.45,-99,0.89,0.65,0.75,-99
17/02/2026,5,0.27,0.14,0.37,0.61,-99,0.23,-99,-99,0.21,0.3,-99,0.61,0.14,-99,-99,0.72,0.86,0.88,0.77,-99,-99,0.36,-99,-99,-99,-99,-99,0.34,-99,0.83,0.62,0.67,-99
17/02/2026,6,0.23,0.23,0.67,0.75,-99,0.2,-99,-99,0.28,0.38,-99,1.11,0.13,-99,-99,1.06,1.09,1.09,1.04,-99,-99,0.47,-99,-99,-99,-99,-99,0.52,-99,0.77,0.63,0.99,-99
17/02/2026,7,0.57,0.22,0.93,1.21,-99,0.41,-99,-99,0.62,1.52,-99,1.76,0.11,-99,-99,1.62,1.7,1.74,1.64,-99,-99,0.76,-99,-99,-99,-99,-99,1.02,-99,1.44,1,1.79,-99
17/02/2026,8,1.03,0.43,1.22,1.62,-99,1.53,-99,-99,0.83,3.42,-99,1.95,0.1,-99,-99,2.34,2.26,2.75,2.76,-99,-99,1.53,-99,-99,-99,-99,-99,1.7,-99,1.45,1.46,1.56,-99
17/02/2026,9,0.97,1.1,2.06,1.58,-99,1.84,-99,-99,0.91,2.36,-99,2.28,0.17,-99,-99,2.61,1.71,2.09,2.88,-99,-99,1.23,-99,-99,-99,-99,-99,1.53,-99,1.54,0.9,1.8,-99
17/02/2026,10,0.76,1.07,1.12,1.66,-99,1.22,-99,-99,1.02,1.61,-99,1.5,0.23,-99,-99,1.89,1.45,1.92,1.33,-99,-99,1.29,-99,-99,-99,-99,1.13,1.5,-99,1,1.02,1.7,-99
17/02/2026,11,0.47,0.79,0.72,1.41,-99,0.92,-99,-99,1.08,1.34,-99,1.35,0.19,-99,-99,1.7,1.37,1.5,0.53,-99,-99,1.31,-99,-99,-99,-99,0.58,1.09,-99,0.81,0.86,0.86,-99
17/02/2026,12,0.36,0.59,0.42,0.81,-99,0.68,-99,-99,0.78,0.61,-99,0.79,0.25,-99,-99,0.98,1.05,0.61,0.33,-99,-99,0.96,-99,-99,-99,-99,0.56,0.51,-99,0.67,0.63,0.63,-99
17/02/2026,13,0.13,0.43,0.46,0.37,-99,0.39,-99,-99,0.44,0.37,-99,0.44,0.34,-99,-99,0.79,0.73,0.33,0.19,-99,-99,0.61,-99,-99,-99,-99,0.46,0.44,-99,0.43,0.42,0.16,-99
17/02/2026,14,0.16,0.35,0.41,0.26,-99,0.27,-99,-99,0.33,0.38,-99,0.4,0.27,-99,-99,0.55,0.71,0.23,0.17,-99,-99,0.48,-99,-99,-99,-99,0.41,0.45,-99,0.5,0.51,0.17,-99
17/02/2026,15,0.13,0.32,0.38,0.27,-99,0.24,-99,-99,0.46,0.42,-99,0.31,0.25,-99,-99,0.53,0.64,0.24,0.1,-99,-99,0.45,-99,-99,-99,-99,0.49,0.38,-99,0.42,0.36,0.11,-99
17/02/2026,16,0.16,0.31,0.43,0.21,-99,0.23,-99,-99,0.42,0.39,-99,0.22,0.28,-99,-99,0.48,0.54,0.25,0.11,-99,-99,0.44,-99,-99,-99,-99,0.37,0.33,-99,0.44,0.28,0.14,-99
17/02/2026,17,0.2,0.32,0.4,0.26,-99,0.23,-99,-99,0.41,0.43,-99,0.29,0.26,-99,-99,0.49,0.6,0.31,0.11,-99,-99,0.43,-99,-99,-99,-99,0.32,0.37,-99,0.34,0.17,0.1,-99
17/02/2026,18,0.2,0.37,0.47,0.28,-99,0.29,-99,-99,0.46,0.36,-99,0.31,0.28,-99,-99,0.71,0.68,0.37,0.13,-99,-99,0.5,-99,-99,-99,-99,0.29,0.51,-99,0.31,0.21,0.13,-99
17/02/2026,19,0.42,0.59,0.56,0.47,-99,0.47,-99,-99,0.79,0.53,-99,0.46,0.3,-99,-99,0.8,0.92,0.5,0.17,-99,-99,0.79,-99,-99,-99,-99,0.63,0.62,-99,0.49,0.32,0.39,-99
17/02/2026,20,0.19,0.64,0.78,0.78,-99,0.74,-99,-99,1.13,0.78,-99,0.57,0.32,-99,-99,0.36,0.69,0.57,0.48,-99,-99,1.13,-99,-99,-99,-99,0.67,0.75,-99,0.64,0.39,0.54,-99
17/02/2026,21,0.12,0.75,0.89,0.43,-99,0.52,-99,-99,1.16,2.1,-99,0.46,0.3,-99,-99,0.32,0.5,0.53,0.33,-99,-99,0.99,-99,-99,-99,-99,0.87,0.8,-99,0.71,0.64,0.52,-99
17/02/2026,22,0.4,0.79,1.47,0.48,-99,0.6,-99,-99,0.96,2.12,-99,0.5,0.3,-99,-99,0.27,0.66,0.41,0.37,-99,-99,1.01,-99,-99,-99,-99,0.73,0.83,-99,0.94,0.88,0.62,-99
17/02/2026,23,0.22,0.38,1.34,0.59,-99,0.69,-99,-99,0.95,1.55,-99,0.82,0.34,-99,-99,0.48,0.98,0.55,0.33,-99,-99,1.08,-99,-99,-99,-99,0.79,1.14,-99,1.07,0.71,1.07,-99
17/02/2026,24,0.18,0.23,0.64,1.06,-99,0.52,-99,-99,0.53,0.72,-99,1.04,0.28,-99,-99,0.44,1.24,0.48,0.88,-99,-99,0.64,-99,-99,-99,-99,0.64,1.53,-99,1.75,0.78,1.65,-99
18/02/2026,1,0.17,0.18,0.45,1.14,-99,0.34,-99,-99,0.4,0.47,-99,0.78,0.2,-99,-99,0.28,1.04,0.3,0.91,-99,-99,0.44,-99,-99,-99,-99,0.67,1.49,-99,1.64,0.95,1.28,-99
18/02/2026,2,0.25,0.15,0.39,-99,-99,0.23,-99,-99,0.35,0.32,-99,0.67,0.2,-99,-99,0.67,1.18,0.42,1.09,-99,-99,0.33,-99,-99,-99,-99,0.74,0.74,-99,1.18,1.26,0.96,-99
18/02/2026,3,0.18,0.16,0.34,0.8,-99,0.15,-99,-99,0.3,0.2,-99,0.89,0.2,-99,-99,1.17,1.22,0.64,0.71,-99,-99,0.31,-99,-99,-99,-99,0.59,0.53,-99,0.67,0.93,0.89,-99
18/02/2026,4,0.15,0.14,0.3,0.51,-99,0.21,-99,-99,0.24,0.3,-99,1.25,0.17,-99,-99,1.17,1.03,0.34,0.63,-99,-99,0.29,-99,-99,-99,-99,0.49,0.36,-99,0.78,0.65,0.73,-99
18/02/2026,5,0.14,0.14,0.72,0.48,-99,0.27,-99,-99,0.23,0.3,-99,0.86,0.12,-99,-99,1.21,0.84,0.58,0.56,-99,-99,0.37,-99,-99,-99,-99,0.63,0.26,-99,0.64,0.54,0.56,-99
18/02/2026,6,0.23,0.14,0.98,0.51,-99,0.21,-99,-99,0.3,0.48,-99,1.02,0.11,-99,-99,1.44,1.13,0.57,0.64,-99,-99,0.42,-99,-99,-99,-99,1.05,0.45,-99,0.81,0.86,0.74,-99
18/02/2026,7,0.46,0.2,1.81,0.95,-99,0.61,-99,-99,0.58,1.4,-99,1.47,0.11,-99,-99,2.34,1.75,1.34,1.54,-99,-99,0.71,-99,-99,-99,-99,0.79,1.31,-99,0.91,1.3,1.4,-99
18/02/2026,8,0.84,0.35,2.76,1.71,-99,1.72,-99,-99,1.1,3.7,-99,2.67,0.12,-99,-99,2.95,2.19,2.17,2.97,-99,-99,1.38,-99,-99,-99,-99,1.53,1.57,-99,1.37,2.52,2.77,-99
18/02/2026,9,1.11,-99,1.77,1.94,-99,2.24,-99,-99,1.92,2.68,-99,2.56,0.2,-99,-99,3.32,1.53,2.31,2.49,-99,-99,1.48,-99,-99,-99,-99,1.4,2.11,-99,1.54,1.46,2.13,-99
18/02/2026,10,1.04,1.21,1.46,1.24,-99,-99,-99,-99,2.79,2.66,-99,2.45,0.2,-99,-99,2.51,1.9,1.47,1.07,-99,-99,1.71,-99,-99,-99,-99,0.81,1.52,-99,0.82,0.81,-99,-99
18/02/2026,11,0.5,0.73,1.12,1.07,-99,-99,-99,-99,1.88,1.83,-99,1.74,0.23,-99,-99,1.71,1.55,1.3,0.66,-99,-99,1.09,-99,-99,-99,-99,0.65,1.56,-99,0.88,0.7,-99,-99
18/02/2026,12,0.29,0.43,0.75,0.9,-99,-99,-99,-99,-99,1.15,-99,0.87,0.2,-99,-99,1.34,0.85,1,0.28,-99,-99,-99,-99,-99,-99,-99,0.4,0.96,-99,0.56,0.54,-99,-99
18/02/2026,13,0.19,0.43,0.57,0.63,-99,-99,-99,-99,-99,0.51,-99,0.65,0.22,-99,-99,0.82,0.95,0.52,0.21,-99,-99,-99,-99,-99,-99,-99,0.52,0.58,-99,0.54,0.46,0.21,-99
18/02/2026,14,0.2,0.49,0.35,0.36,-99,0.31,-99,-99,-99,0.33,-99,0.37,0.22,-99,-99,0.57,0.64,0.28,0.21,-99,-99,0.38,-99,-99,-99,-99,0.43,0.45,-99,0.52,0.48,0.18,-99
18/02/2026,15,0.15,-99,0.28,0.3,-99,0.2,-99,-99,-99,0.37,-99,0.36,0.26,-99,-99,0.52,0.59,0.27,0.11,-99,-99,0.26,-99,-99,-99,-99,0.51,0.41,-99,0.47,0.24,0.09,-99
18/02/2026,16,0.12,0.4,0.29,0.27,-99,0.19,-99,-99,-99,0.4,-99,0.33,0.25,-99,-99,0.25,0.45,0.28,0.09,-99,-99,0.23,-99,-99,-99,-99,0.39,0.39,-99,0.34,0.11,0.04,-99
18/02/2026,17,0.11,0.41,0.29,0.24,-99,0.19,-99,-99,0.2,0.34,-99,0.36,0.25,-99,-99,0.41,0.45,0.22,0.1,-99,-99,0.23,-99,-99,-99,-99,0.31,0.39,-99,0.24,0.18,0.13,-99
18/02/2026,18,0.16,0.38,0.34,0.25,-99,0.17,-99,-99,0.28,0.32,-99,0.34,0.26,-99,-99,0.7,0.72,0.28,0.3,-99,-99,0.28,-99,-99,-99,-99,0.29,0.48,-99,0.27,0.22,0.22,-99
18/02/2026,19,0.28,0.49,0.72,0.52,-99,0.41,-99,-99,0.62,0.67,-99,0.53,0.28,-99,-99,0.79,0.96,0.55,0.46,-99,-99,0.49,-99,-99,-99,-99,0.5,0.73,-99,0.5,0.39,0.41,-99
18/02/2026,20,0.19,0.73,1.04,0.76,-99,0.46,-99,-99,0.99,1.52,-99,1.02,0.28,-99,-99,0.41,1.05,0.98,0.43,-99,-99,0.69,-99,-99,-99,-99,0.52,0.91,-99,0.64,0.56,0.65,-99
18/02/2026,21,0.18,0.88,1.12,1,-99,0.72,-99,-99,0.83,2.36,-99,1.18,0.3,-99,-99,0.52,1.05,0.97,0.49,-99,-99,0.97,-99,-99,-99,-99,1.05,0.84,-99,0.69,0.7,0.73,-99
18/02/2026,22,0.46,0.65,1.71,1.22,-99,0.77,-99,-99,1.16,2.34,-99,1.52,0.31,-99,-99,0.5,1.29,1,0.69,-99,-99,1.07,-99,-99,-99,-99,1.37,1.06,-99,0.94,0.72,1.37,-99
18/02/2026,23,0.5,0.44,0.85,1.37,-99,0.86,-99,-99,0.78,1.65,-99,1.64,0.29,-99,-99,0.75,1.85,1.2,1.08,-99,-99,0.82,-99,-99,-99,-99,1.35,1.48,-99,1.28,1.18,2.37,-99
18/02/2026,24,0.38,0.29,0.54,1.93,-99,0.34,-99,-99,0.36,0.88,-99,1.44,0.28,-99,-99,0.7,2.29,0.99,0.89,-99,-99,0.38,-99,-99,-99,-99,1.3,0.95,-99,1.34,0.96,2.29,-99
19/02/2026,1,0.33,0.22,0.42,1.45,-99,0.15,-99,-99,0.21,0.78,-99,1.29,0.19,-99,-99,1.31,1.34,0.65,0.65,-99,-99,0.14,-99,-99,-99,-99,0.99,0.8,-99,1.14,1.07,2.1,-99
19/02/2026,2,0.34,0.21,0.32,1.06,-99,0.17,-99,-99,0.14,0.49,-99,0.85,0.19,-99,-99,1.28,0.95,0.69,0.47,-99,-99,0.11,-99,-99,-99,-99,1.06,0.53,-99,1.3,0.9,1.7,-99
19/02/2026,3,0.24,0.2,0.35,0.76,-99,0.22,-99,-99,0.09,0.29,-99,1.03,0.19,-99,-99,1,1.12,0.32,0.52,-99,-99,0.19,-99,-99,-99,-99,0.73,0.52,-99,0.95,0.83,1.44,-99
19/02/2026,4,0.26,0.19,0.92,0.9,-99,0.21,-99,-99,0.08,0.28,-99,1.17,0.17,-99,-99,1.3,1.2,0.32,0.45,-99,-99,0.1,-99,-99,-99,-99,0.62,0.43,-99,0.84,0.73,0.77,-99
19/02/2026,5,0.22,0.15,0.56,0.64,-99,0.22,-99,-99,0.05,0.21,-99,1.03,0.13,-99,-99,1.42,1.18,0.65,0.59,-99,-99,0.08,-99,-99,-99,-99,0.45,0.37,-99,0.72,0.45,0.78,-99
19/02/2026,6,0.28,0.21,0.7,0.75,-99,0.27,-99,-99,0.09,0.33,-99,0.87,0.1,-99,-99,1.39,1.44,0.96,0.59,-99,-99,0.17,-99,-99,-99,-99,1,0.61,-99,0.88,0.55,1.11,-99
19/02/2026,7,0.58,0.2,1.76,1.01,-99,0.51,-99,-99,0.43,1.79,-99,1.37,0.11,-99,-99,2.18,1.69,1.54,1.41,-99,-99,0.43,-99,-99,-99,-99,1.07,1.32,-99,1.3,0.81,1.66,-99
19/02/2026,8,1.05,0.21,2.27,1.69,-99,1.34,-99,-99,0.87,3.1,-99,2.24,0.1,-99,-99,2.87,2.4,1.62,2.47,-99,-99,0.63,-99,-99,-99,-99,1.6,2.12,-99,1.3,1.55,2.74,-99
19/02/2026,9,1.27,0.57,1.71,1.96,-99,2,-99,-99,1.26,2.36,-99,2.63,0.14,-99,-99,2.77,2.54,2.15,2.21,-99,-99,0.92,-99,-99,-99,-99,1.61,2.56,-99,1.74,1.7,2.73,-99
19/02/2026,10,1.09,1.22,1.55,1.85,-99,1.25,-99,-99,2.28,2.69,-99,1.8,0.16,-99,-99,2.17,2.28,1.57,1.69,-99,-99,1.39,-99,-99,-99,-99,0.75,1.72,-99,1.36,1.37,3.22,-99
19/02/2026,11,0.76,0.7,1.09,0.9,-99,0.67,-99,-99,1.69,2.02,-99,1.02,0.21,-99,-99,1.9,1.87,1.22,0.98,-99,-99,0.8,-99,-99,-99,-99,0.72,1.34,-99,0.81,0.78,2.26,-99
19/02/2026,12,0.37,0.49,0.91,0.45,-99,0.36,-99,-99,1.07,1.09,-99,0.71,0.22,-99,-99,1.18,1.19,0.79,0.63,-99,-99,0.42,-99,-99,-99,-99,0.28,1.05,-99,0.39,0.49,0.77,-99
19/02/2026,13,0.26,0.4,0.49,0.49,-99,0.35,-99,-99,0.77,0.64,-99,0.52,0.23,-99,-99,0.66,0.85,0.48,0.42,-99,-99,0.41,-99,-99,-99,-99,0.4,0.64,-99,0.39,0.48,0.43,-99
19/02/2026,14,0.17,0.35,0.47,0.3,-99,0.21,-99,-99,0.32,0.45,-99,0.36,0.32,-99,-99,0.35,-99,0.3,0.31,-99,-99,0.18,-99,-99,-99,-99,0.44,0.53,-99,0.38,0.36,0.45,-99
19/02/2026,15,0.13,0.39,0.4,0.35,-99,0.26,-99,-99,0.28,0.45,-99,0.35,0.27,-99,-99,0.49,0.57,0.28,0.29,-99,-99,0.22,-99,-99,-99,-99,0.47,0.5,-99,0.36,0.32,0.31,-99
19/02/2026,16,0.1,0.37,0.39,0.27,-99,0.22,-99,-99,0.28,0.4,-99,0.24,0.29,-99,-99,0.34,0.49,0.23,0.23,-99,-99,0.18,-99,-99,-99,-99,0.26,0.5,-99,0.38,0.21,0.1,-99
19/02/2026,17,0.11,0.32,0.34,0.24,-99,0.14,-99,-99,0.22,0.35,-99,0.25,0.28,-99,-99,0.56,0.42,0.22,0.25,-99,-99,0.14,-99,-99,-99,-99,0.18,0.5,-99,0.23,0.15,0.16,-99
19/02/2026,18,0.21,0.35,0.36,0.24,-99,0.19,-99,-99,0.27,0.34,-99,0.29,0.27,-99,-99,0.64,0.56,0.18,0.51,-99,-99,0.18,-99,-99,-99,-99,0.24,0.48,-99,0.19,0.21,0.17,-99
19/02/2026,19,0.22,0.49,0.58,0.5,-99,0.4,-99,-99,0.47,0.59,-99,0.5,0.24,-99,-99,0.76,0.82,0.44,0.54,-99,-99,0.37,-99,-99,-99,-99,0.34,0.71,-99,0.5,0.38,0.42,-99
19/02/2026,20,0.27,0.7,0.84,1.01,-99,0.44,-99,-99,1.18,1.36,-99,1.14,0.26,-99,-99,0.65,1.1,0.68,0.57,-99,-99,0.5,-99,-99,-99,-99,0.72,0.89,-99,0.68,0.53,0.7,-99
19/02/2026,21,0.35,0.93,0.98,1,-99,0.58,-99,-99,0.98,2.77,-99,1.11,0.3,-99,-99,0.57,1.11,1.43,0.76,-99,-99,0.67,-99,-99,-99,-99,0.92,1.07,-99,0.83,0.73,0.64,-99
19/02/2026,22,0.39,1.01,1.1,0.95,-99,0.84,-99,-99,0.7,2.46,-99,1.27,0.3,-99,-99,0.76,1.23,1.75,0.67,-99,-99,0.99,-99,-99,-99,-99,0.91,1.08,-99,0.8,1.1,0.73,-99
19/02/2026,23,0.54,0.56,0.89,1.04,-99,1,-99,-99,0.93,1.61,-99,1.43,0.37,-99,-99,0.54,1.57,0.86,0.79,-99,-99,1.33,-99,-99,-99,-99,1.03,0.9,-99,0.83,1.18,1.35,-99
19/02/2026,24,0.63,0.45,0.64,1.11,-99,1.01,-99,-99,0.56,0.58,-99,1.67,0.39,-99,-99,1.28,1.52,0.51,1,-99,-99,0.7,-99,-99,-99,-99,0.96,1.04,-99,1.18,0.92,1.98,-99
20/02/2026,1,0.55,0.34,0.54,0.82,-99,0.58,-99,-99,0.31,0.49,-99,1.56,0.34,-99,-99,1.49,1.69,0.45,0.67,-99,-99,0.45,-99,-99,-99,-99,0.83,1.15,-99,1.26,0.9,1.79,-99
20/02/2026,2,0.46,0.26,0.46,1.33,-99,0.39,-99,-99,0.22,0.68,-99,1.26,0.28,-99,-99,1.06,1.27,0.71,0.82,-99,-99,0.33,-99,-99,-99,-99,0.77,0.68,-99,0.91,0.78,1.25,-99
20/02/2026,3,0.28,0.21,0.65,1.07,-99,0.5,-99,-99,0.17,0.6,-99,1.47,0.2,-99,-99,0.81,1.19,0.66,0.49,-99,-99,0.12,-99,-99,-99,-99,0.75,0.58,-99,0.83,0.53,0.98,-99
20/02/2026,4,0.27,0.16,0.94,0.95,-99,0.39,-99,-99,0.15,0.35,-99,1.2,0.17,-99,-99,1.27,1.17,0.89,0.51,-99,-99,0.09,-99,-99,-99,-99,0.55,0.63,-99,0.74,0.56,1.18,-99
20/02/2026,5,0.28,0.14,1.42,0.69,-99,0.53,-99,-99,0.14,0.39,-99,0.82,0.13,-99,-99,0.97,0.98,0.9,0.75,-99,-99,0.1,-99,-99,-99,-99,0.56,0.6,-99,0.65,0.47,1.17,-99
20/02/2026,6,0.3,0.17,1.2,0.7,-99,0.4,-99,-99,0.25,0.49,-99,0.79,0.14,-99,-99,1.01,1.07,0.79,1.07,-99,-99,0.32,-99,-99,-99,-99,0.81,0.74,-99,0.6,0.5,1.19,-99
20/02/2026,7,0.63,0.21,1.82,0.96,-99,0.51,-99,-99,0.45,1.58,-99,0.96,0.13,-99,-99,1.51,2.13,1.24,1.88,-99,-99,0.48,-99,-99,-99,-99,1.15,1.38,-99,1.03,1.14,1.74,-99
20/02/2026,8,1.1,0.31,2.7,1.33,-99,1.31,-99,-99,0.98,3.34,-99,1.12,0.11,-99,-99,2.68,2.9,1.71,2.65,-99,-99,1.1,-99,-99,-99,-99,0.96,2.02,-99,1.35,1.54,2.68,-99
20/02/2026,9,0.92,0.6,2.29,1.18,-99,1.92,-99,-99,1.16,1.94,-99,1.54,0.15,-99,-99,3.25,2.7,1.87,2.43,-99,-99,1.54,-99,-99,-99,-99,1.39,2,-99,1.15,1.57,2.07,-99
20/02/2026,10,0.68,1.08,1.69,1.14,-99,1.05,-99,-99,2.44,2.13,-99,1.55,0.19,-99,-99,2.52,2.41,1.66,1.35,-99,-99,1.16,-99,-99,-99,-99,-99,1.46,-99,0.75,1.46,1.52,-99
20/02/2026,11,0.66,0.68,0.96,0.98,-99,0.78,-99,-99,1.64,1.37,-99,1.43,0.26,-99,-99,1.88,1.78,0.93,1.03,-99,-99,0.74,-99,-99,-99,-99,-99,1.3,-99,0.71,1.27,1.28,-99
20/02/2026,12,0.38,0.63,0.77,0.92,-99,0.5,-99,-99,-99,0.92,-99,1.09,0.31,-99,-99,1.63,1.05,0.74,0.52,-99,-99,0.61,-99,-99,-99,-99,-99,1.31,-99,0.77,0.96,0.59,-99
20/02/2026,13,0.23,0.44,0.45,0.54,-99,0.34,-99,-99,-99,0.54,-99,0.53,0.22,-99,-99,1.09,0.71,0.37,0.38,-99,-99,0.39,-99,-99,-99,-99,-99,0.59,-99,0.5,0.47,0.2,-99
20/02/2026,14,0.16,0.38,0.38,0.33,-99,0.27,-99,-99,-99,0.48,-99,0.32,0.23,-99,-99,0.35,0.45,0.34,0.34,-99,-99,0.2,-99,-99,-99,-99,-99,0.39,-99,0.34,0.24,0.15,-99
20/02/2026,15,0.13,0.38,0.32,0.14,-99,0.18,-99,-99,-99,0.34,-99,0.17,0.29,-99,-99,0.49,0.4,0.19,0.25,-99,-99,0.16,-99,-99,-99,-99,-99,0.41,-99,0.17,0.18,0.12,-99
20/02/2026,16,0.16,0.29,0.37,0.16,-99,0.13,-99,-99,0.27,0.34,-99,0.22,0.29,-99,-99,0.56,0.58,0.19,0.21,-99,-99,0.12,-99,-99,-99,-99,0.24,0.42,-99,0.19,0.2,0.18,-99
20/02/2026,17,0.13,0.33,0.4,0.26,-99,0.15,-99,-99,0.27,0.3,-99,0.28,0.26,-99,-99,0.79,0.52,0.25,0.27,-99,-99,0.14,-99,-99,-99,-99,0.23,0.48,-99,0.2,0.23,0.2,-99
20/02/2026,18,0.13,0.37,0.44,0.33,-99,0.24,-99,-99,0.3,0.36,-99,0.38,0.23,-99,-99,0.86,0.69,0.43,0.41,-99,-99,0.23,-99,-99,-99,-99,0.36,0.55,-99,0.26,0.26,0.23,-99
20/02/2026,19,0.17,0.58,0.56,0.49,-99,0.37,-99,-99,0.43,0.53,-99,0.49,0.23,-99,-99,0.83,0.94,0.39,0.58,-99,-99,0.41,-99,-99,-99,-99,0.45,0.67,-99,0.48,0.39,0.35,-99
20/02/2026,20,0.27,0.65,0.8,0.79,-99,0.62,-99,-99,1.02,0.89,-99,1.09,0.27,-99,-99,0.47,1.03,0.57,0.63,-99,-99,0.57,-99,-99,-99,-99,0.62,0.8,-99,0.64,0.5,0.52,-99
20/02/2026,21,0.33,0.66,0.9,-99,-99,0.81,-99,-99,0.69,0.88,-99,1.27,0.31,-99,-99,0.54,1.09,1.1,0.67,-99,-99,0.96,-99,-99,-99,-99,0.6,1.06,-99,0.78,0.59,0.68,-99
20/02/2026,22,0.23,0.53,1.04,-99,-99,1,-99,-99,0.71,1.87,-99,1.34,0.35,-99,-99,0.83,1.66,1.11,1.22,-99,-99,1.13,-99,-99,-99,-99,0.87,1.13,-99,1.23,1.09,0.62,-99
20/02/2026,23,0.09,0.54,0.64,-99,-99,0.87,-99,-99,0.87,0.93,-99,1.54,0.47,-99,-99,0.96,1.5,0.63,1.35,-99,-99,0.88,-99,-99,-99,-99,1.15,1.02,-99,0.95,1.34,1.38,-99
20/02/2026,24,0.18,0.43,0.51,-99,-99,0.71,-99,-99,0.65,0.86,-99,0.96,0.35,-99,-99,1.66,1.68,0.56,1.16,-99,-99,0.59,-99,-99,-99,-99,0.82,1.01,-99,0.98,1.37,1.34,-99
21/02/2026,1,0.17,0.38,0.41,-99,-99,0.59,-99,-99,0.4,0.77,-99,1.36,0.19,-99,-99,1.32,1.49,1.02,1,-99,-99,0.37,0.87,-99,-99,-99,1.31,1.12,-99,1.15,0.81,2.42,-99
21/02/2026,2,0.2,0.36,1.19,-99,-99,0.51,-99,-99,0.3,0.66,-99,1.33,0.2,-99,-99,1.01,1.45,0.92,0.84,-99,-99,0.22,0.74,-99,-99,-99,1.13,0.99,-99,1.22,0.87,1.6,-99
21/02/2026,3,0.19,0.44,0.51,1.17,-99,0.34,-99,-99,0.19,0.43,-99,1.11,0.16,-99,-99,1.34,1.11,0.6,0.98,-99,-99,0.13,0.53,-99,-99,-99,0.81,0.68,-99,0.84,0.86,1.08,-99
21/02/2026,4,0.22,0.4,1.09,1.14,-99,0.3,-99,-99,0.14,0.37,-99,1.05,0.14,-99,-99,1.29,0.94,0.79,0.72,-99,-99,0.17,0.93,-99,-99,-99,0.55,0.43,-99,0.97,0.72,1.08,-99
21/02/2026,5,0.2,0.23,1.16,0.77,-99,0.44,-99,-99,0.09,0.47,-99,1.03,0.11,-99,-99,1.29,1.16,0.73,0.78,-99,-99,0.2,0.49,-99,-99,-99,0.65,0.41,-99,0.85,0.63,0.98,-99
21/02/2026,6,0.31,0.2,1,0.8,-99,0.57,-99,-99,0.12,0.58,-99,0.88,0.14,-99,-99,1.36,1.38,0.55,0.81,-99,-99,0.18,0.58,-99,-99,-99,0.88,0.76,-99,0.73,0.6,1.24,-99
21/02/2026,7,0.5,0.27,0.97,1.01,-99,0.51,-99,-99,0.24,0.89,-99,1.09,0.16,-99,-99,1.61,1.46,1.29,1.16,-99,-99,0.25,0.89,-99,-99,-99,0.86,0.94,-99,0.99,1.05,1.07,-99
21/02/2026,8,0.6,0.26,1.53,1.23,-99,0.97,-99,-99,0.46,1.54,-99,1.95,0.15,-99,-99,2.42,1.94,1.38,1.08,-99,-99,0.54,1.56,-99,-99,-99,1.75,1.62,-99,1.46,1.8,1.32,-99
21/02/2026,9,0.56,0.55,1.72,1.16,-99,0.99,-99,-99,0.61,1.85,-99,1.94,0.17,-99,-99,2.19,1.82,1.39,1.12,-99,-99,0.79,1.38,-99,-99,-99,1.46,1.99,-99,1.16,1.2,1.68,-99
21/02/2026,10,0.56,0.87,0.95,1.6,-99,0.89,-99,-99,0.79,1.28,-99,1.96,0.24,-99,-99,2.13,1.24,0.93,0.67,-99,-99,0.87,1.04,-99,-99,-99,1.24,1.2,-99,1.52,0.97,1.19,-99
21/02/2026,11,0.51,0.67,0.62,1.58,-99,0.79,-99,-99,0.63,0.81,-99,1.42,0.2,-99,-99,1.89,1.15,0.61,0.91,-99,-99,0.83,0.88,-99,-99,-99,0.75,0.65,-99,1.32,0.73,0.65,-99
21/02/2026,12,0.4,0.5,0.57,0.95,-99,0.73,-99,-99,0.47,0.45,-99,0.92,0.2,-99,-99,1.5,1.14,0.44,0.63,-99,-99,0.64,0.52,-99,-99,-99,0.75,0.69,-99,0.77,0.6,0.24,-99
21/02/2026,13,0.28,0.37,0.39,0.52,-99,0.44,-99,-99,0.24,0.35,-99,0.52,0.21,-99,-99,0.81,0.77,0.24,0.47,-99,-99,0.27,0.3,-99,-99,-99,0.52,0.47,-99,0.48,0.44,0.14,-99
21/02/2026,14,0.13,0.3,0.35,0.42,-99,0.37,-99,-99,0.29,0.3,-99,0.37,0.16,-99,-99,0.45,0.61,0.14,0.26,-99,-99,0.16,0.24,-99,-99,-99,0.33,0.45,-99,0.32,0.21,0.12,-99
21/02/2026,15,0.08,0.31,0.43,0.26,-99,0.29,-99,-99,0.3,0.3,-99,0.22,0.16,-99,-99,0.99,0.44,0.15,0.14,-99,-99,0.12,0.27,-99,-99,-99,0.21,0.42,-99,0.17,0.13,0.15,-99
21/02/2026,16,0.03,0.26,0.39,0.31,-99,0.28,-99,-99,0.28,0.27,-99,0.27,0.22,-99,-99,0.62,0.42,0.17,0.11,-99,-99,0.15,0.24,-99,-99,-99,0.2,0.4,-99,0.17,-99,0.11,-99
21/02/2026,17,0.01,0.26,0.37,0.22,-99,0.24,-99,-99,0.27,0.31,-99,0.19,0.23,-99,-99,0.63,0.37,0.17,0.13,-99,-99,0.1,0.25,-99,-99,-99,-99,0.35,-99,0.11,-99,0.1,-99
21/02/2026,18,0.02,0.23,0.41,0.21,-99,0.24,-99,-99,0.26,0.25,-99,0.22,0.19,-99,-99,0.54,0.27,0.12,0.18,-99,-99,0.05,0.25,-99,-99,-99,0.17,0.36,-99,0.11,-99,0.13,-99
21/02/2026,19,0.07,0.3,0.43,0.25,-99,0.32,-99,-99,0.26,0.25,-99,0.26,0.18,-99,-99,0.84,0.32,0.17,0.22,-99,-99,0.07,0.37,-99,-99,-99,0.44,0.37,-99,0.18,-99,0.14,-99
21/02/2026,20,0.11,0.3,0.54,0.3,-99,0.27,-99,-99,0.46,0.28,-99,0.33,0.2,-99,-99,0.67,0.36,0.23,0.44,-99,-99,0.14,0.38,-99,-99,-99,0.52,0.35,-99,0.26,-99,0.21,-99
21/02/2026,21,0.16,0.31,0.62,0.32,-99,0.25,-99,-99,0.4,0.29,-99,0.38,0.23,-99,-99,0.47,0.41,0.28,0.32,-99,-99,0.2,0.33,-99,-99,-99,0.4,0.32,-99,0.36,-99,0.35,-99
21/02/2026,22,0.15,0.38,0.59,0.37,-99,0.36,-99,-99,0.29,0.27,-99,0.37,0.26,-99,-99,0.61,0.43,0.29,0.31,-99,-99,0.29,0.36,-99,-99,-99,0.3,0.29,-99,0.34,-99,0.19,-99
21/02/2026,23,0.12,0.4,0.57,0.36,-99,0.25,-99,-99,0.21,0.25,-99,0.42,0.27,-99,-99,0.3,0.41,0.2,0.3,-99,-99,0.24,0.27,-99,-99,-99,0.24,0.27,-99,0.35,-99,0.19,-99
21/02/2026,24,0.12,0.33,0.44,0.31,-99,0.14,-99,-99,0.11,0.23,-99,0.33,0.31,-99,-99,0.24,0.42,0.22,0.33,-99,-99,0.22,0.22,-99,-99,-99,0.21,0.26,-99,0.31,-99,0.15,-99
22/02/2026,1,0.07,0.37,0.4,0.28,-99,0.13,-99,-99,0.13,0.22,-99,0.3,0.3,-99,-99,0.11,0.35,0.23,0.3,-99,-99,0.25,0.19,-99,-99,-99,0.18,0.3,-99,0.3,-99,0.12,-99
22/02/2026,2,0.08,0.32,0.37,0.27,-99,0.12,-99,-99,0.12,0.21,-99,0.28,0.28,-99,-99,0.14,0.36,0.16,0.33,-99,-99,0.17,0.2,-99,-99,-99,0.19,0.17,-99,0.24,-99,0.14,-99
22/02/2026,3,0.09,0.3,0.36,0.28,-99,0.13,-99,-99,0.13,0.19,-99,0.27,0.25,-99,-99,0.07,0.35,0.15,0.36,-99,-99,0.15,0.17,-99,-99,-99,0.15,0.11,-99,0.22,-99,0.1,-99
22/02/2026,4,0.09,0.26,0.37,0.23,-99,0.1,-99,-99,0.14,0.18,-99,0.23,0.23,-99,-99,0.05,0.34,0.12,0.4,-99,-99,0.14,0.12,-99,-99,-99,0.11,0.13,-99,0.24,-99,0.06,-99
22/02/2026,5,0.1,0.21,0.35,0.25,-99,0.12,-99,-99,0.09,0.16,-99,0.29,0.17,-99,-99,0.03,0.34,0.1,0.39,-99,-99,0.13,0.15,-99,-99,-99,0.12,0.13,-99,0.2,-99,0.05,-99
22/02/2026,6,0.13,0.24,0.36,0.23,-99,0.13,-99,-99,0.12,0.16,-99,0.24,0.18,-99,-99,0.02,0.39,0.13,0.37,-99,-99,0.15,0.17,-99,-99,-99,0.14,0.12,-99,0.24,-99,0.1,-99
22/02/2026,7,0.2,0.26,0.41,0.24,-99,0.16,-99,-99,0.11,0.37,-99,0.3,0.2,-99,-99,0.13,0.39,0.16,0.4,-99,-99,0.16,0.14,-99,-99,-99,0.16,0.22,-99,0.29,-99,0.1,-99
22/02/2026,8,0.23,0.21,0.38,0.21,-99,0.07,-99,-99,0.17,0.35,-99,0.3,0.16,-99,-99,0.23,0.37,0.15,0.4,-99,-99,0.09,0.23,-99,-99,-99,0.26,0.36,-99,0.25,-99,0.11,-99
22/02/2026,9,0.2,0.18,0.39,0.23,-99,0.08,-99,-99,0.19,0.26,-99,0.33,0.11,-99,-99,0.19,0.47,0.17,0.38,-99,-99,0.09,0.32,-99,-99,-99,0.23,0.27,-99,0.25,-99,0.12,-99
22/02/2026,10,0.19,0.2,0.43,0.3,-99,0.12,-99,-99,0.19,0.27,-99,0.33,0.14,-99,-99,0.33,0.47,0.22,0.34,-99,-99,0.16,0.24,-99,-99,-99,0.29,0.3,-99,0.28,-99,0.14,-99
22/02/2026,11,-99,0.32,0.49,0.35,-99,0.16,-99,-99,0.22,0.33,-99,0.33,0.2,-99,-99,0.68,0.6,0.25,0.33,-99,-99,0.21,0.29,-99,-99,-99,0.24,0.34,-99,0.33,-99,0.2,-99
22/02/2026,12,0.25,0.4,0.47,0.37,-99,0.17,-99,-99,0.18,0.31,-99,0.33,-99,-99,-99,0.48,0.66,0.29,0.38,-99,-99,0.29,0.32,-99,-99,-99,0.32,0.3,-99,0.39,-99,0.17,-99
22/02/2026,13,0.13,0.34,0.45,0.32,-99,0.14,-99,-99,0.17,0.24,-99,0.31,0.09,-99,-99,0.37,0.48,0.25,0.28,-99,-99,0.26,0.23,-99,-99,-99,0.27,0.29,-99,0.37,-99,0.12,-99
22/02/2026,14,0.12,0.4,0.45,0.31,-99,0.15,-99,-99,0.2,0.28,-99,0.3,0.14,-99,-99,0.45,0.47,0.22,0.3,-99,-99,0.24,0.2,-99,-99,-99,0.24,0.4,-99,0.25,-99,0.14,-99
22/02/2026,15,0.13,0.41,0.46,0.32,-99,0.14,-99,-99,0.21,0.29,-99,0.31,0.18,-99,-99,0.49,0.5,0.21,0.28,-99,-99,0.28,0.22,-99,-99,-99,0.24,0.32,-99,0.33,-99,0.14,-99
22/02/2026,16,0.12,0.37,0.5,0.36,-99,0.16,-99,-99,0.22,0.29,-99,0.33,0.17,-99,-99,0.42,0.57,0.23,0.3,-99,-99,0.31,0.2,-99,-99,-99,0.23,0.25,-99,0.33,-99,0.17,-99
22/02/2026,17,0.12,0.4,0.45,0.32,-99,0.17,-99,-99,0.24,0.31,-99,0.32,0.2,-99,-99,0.32,0.54,0.22,0.31,-99,-99,0.26,0.22,-99,-99,-99,0.23,0.33,-99,0.33,-99,0.19,-99
22/02/2026,18,0.14,0.57,0.48,0.34,-99,0.2,-99,-99,0.3,0.3,-99,0.35,0.22,-99,-99,0.47,0.45,0.26,0.3,-99,-99,0.27,0.24,-99,-99,-99,0.23,0.39,-99,0.34,-99,0.2,-99
22/02/2026,19,0.13,0.51,0.48,0.37,-99,0.22,-99,-99,0.27,0.28,-99,0.36,0.24,-99,-99,0.58,0.55,0.29,0.34,-99,-99,0.29,0.33,-99,-99,-99,0.23,0.37,-99,0.35,-99,0.22,-99
22/02/2026,20,0.14,0.6,0.5,0.4,-99,0.23,-99,-99,0.26,0.3,-99,0.36,0.24,-99,-99,0.55,0.47,0.29,0.37,-99,-99,0.28,0.31,-99,-99,-99,0.29,0.36,-99,0.38,-99,0.22,-99
22/02/2026,21,0.1,0.63,0.45,0.4,-99,0.23,-99,-99,0.19,0.26,-99,0.33,0.22,-99,-99,0.37,0.44,0.25,0.38,-99,-99,0.29,0.3,-99,-99,-99,0.42,0.28,-99,0.38,-99,0.15,-99
22/02/2026,22,0.04,0.42,0.41,0.36,-99,0.2,-99,-99,0.2,0.21,-99,0.24,0.17,-99,-99,0.21,0.39,0.18,0.32,-99,-99,0.24,0.25,-99,-99,-99,0.37,0.25,-99,0.34,-99,0.1,-99
22/02/2026,23,0.05,0.41,0.34,0.28,-99,0.14,-99,-99,0.14,0.19,-99,0.16,0.14,-99,-99,0.28,0.33,0.13,0.3,-99,-99,0.15,0.16,-99,-99,-99,0.23,0.19,-99,0.32,-99,0.11,-99
22/02/2026,24,0.06,0.32,0.25,0.23,-99,0.19,-99,-99,0.11,0.18,-99,0.1,0.1,-99,-99,0.2,0.31,0.1,0.3,-99,-99,0.12,0.09,-99,-99,-99,0.21,0.14,-99,0.28,-99,0.11,-99
23/02/2026,1,-99,-99,-99,-99,-99,-99,-99,-99,0.12,-99,-99,-99,-99,-99,-99,0.12,-99,-99,-99,-99,-99,-99,-99,-99,-99,-99,-99,-99,-99,-99,-99,-99,-99
23/02/2026,2,-99,-99,-99,-99,-99,-99,-99,-99,0.09,-99,-99,-99,-99,-99,-99,0.1,-99,-99,-99,-99,-99,-99,-99,-99,-99,-99,-99,-99,-99,-99,-99,-99,-99
23/02/2026,3,-99,-99,-99,-99,-99,-99,-99,-99,0.07,-99,-99,-99,-99,-99,-99,0.14,-99,-99,-99,-99,-99,-99,-99,-99,-99,-99,-99,-99,-99,-99,-99,-99,-99
23/02/2026,4,0.08,0.23,0.07,0.17,-99,0.13,-99,-99,0.11,0.14,-99,0.15,0.27,-99,-99,0.14,0.24,0.05,0.34,-99,-99,0.07,0.09,-99,-99,-99,-99,0.09,-99,0.17,-99,0.09,-99
23/02/2026,5,0.08,0.18,0.09,0.16,-99,0.12,-99,-99,0.13,0.1,-99,0.17,0.27,-99,-99,0.2,0.27,0.05,0.3,-99,-99,0.06,0.12,-99,-99,-99,-99,0.07,-99,0.16,-99,0.09,-99
23/02/2026,6,0.13,0.24,2.52,0.16,-99,0.14,-99,-99,0.15,0.13,-99,0.11,0.21,-99,-99,0.3,0.38,0.08,0.34,-99,-99,0.06,0.27,-99,-99,-99,-99,0.16,-99,0.2,-99,0.19,-99
23/02/2026,7,0.38,0.36,1.82,0.23,-99,0.22,-99,-99,0.37,0.6,-99,0.19,0.27,-99,-99,0.58,0.54,0.19,0.32,-99,-99,0.13,0.58,-99,-99,-99,-99,0.45,-99,0.42,-99,0.6,-99
23/02/2026,8,0.68,0.52,1.64,0.43,-99,0.27,-99,-99,0.42,0.81,-99,0.31,0.22,-99,-99,0.86,0.81,0.48,1.19,-99,-99,0.29,0.85,-99,-99,-99,-99,0.89,-99,0.94,-99,0.56,-99
23/02/2026,9,0.44,0.86,0.94,0.62,-99,0.39,-99,-99,0.51,0.78,-99,0.33,0.25,-99,-99,0.93,0.95,0.56,1.08,-99,-99,0.67,0.8,-99,-99,-99,0.64,0.96,-99,1.18,-99,0.5,-99
23/02/2026,10,0.2,0.72,0.53,0.7,-99,0.52,-99,-99,0.39,0.74,-99,0.43,0.31,-99,-99,0.67,0.9,0.55,0.51,-99,-99,0.63,0.55,-99,-99,-99,0.62,0.77,-99,1,-99,0.54,-99
23/02/2026,11,-99,1.2,0.26,0.72,-99,0.49,-99,-99,0.37,0.44,-99,0.35,0.4,-99,-99,0.72,0.59,0.47,0.32,-99,-99,0.58,0.4,-99,-99,-99,0.77,0.45,-99,0.99,-99,0.35,-99
23/02/2026,12,0.16,0.93,0.28,0.51,-99,0.35,-99,-99,0.28,0.42,-99,0.32,0.36,-99,-99,0.71,-99,0.34,0.34,-99,-99,0.47,0.37,-99,-99,-99,0.8,0.55,-99,0.67,-99,0.14,-99
23/02/2026,13,0.15,0.81,0.35,0.52,-99,0.25,-99,-99,0.2,0.54,-99,0.46,0.35,-99,-99,0.64,-99,0.37,0.41,-99,-99,0.35,0.36,-99,-99,-99,0.73,0.49,-99,0.48,-99,0.1,-99
23/02/2026,14,0.14,0.73,0.34,0.63,-99,0.37,-99,-99,0.23,0.46,-99,0.54,0.33,-99,-99,0.69,0.75,0.44,0.4,-99,-99,-99,0.3,-99,-99,-99,0.51,0.35,-99,0.52,-99,0.1,-99
23/02/2026,15,0.16,0.58,0.37,0.6,-99,0.33,-99,-99,0.36,0.39,-99,0.52,0.32,-99,-99,0.54,0.73,0.39,0.37,-99,-99,0.4,0.31,-99,-99,-99,0.44,0.31,-99,0.41,-99,0.15,-99
23/02/2026,16,0.14,0.55,0.41,0.48,-99,0.3,-99,-99,0.22,0.39,-99,0.39,0.39,-99,-99,0.45,0.51,0.33,0.28,-99,-99,0.36,0.3,-99,-99,-99,0.28,0.35,-99,0.38,-99,0.1,-99
23/02/2026,17,0.15,0.54,0.37,0.4,-99,0.2,-99,-99,0.19,0.32,-99,0.27,0.41,-99,-99,0.55,0.52,0.3,0.24,-99,-99,0.3,0.25,-99,-99,-99,0.3,0.29,-99,0.41,-99,-99,-99
23/02/2026,18,0.16,0.42,0.43,0.39,-99,0.14,-99,-99,0.19,0.28,-99,0.25,0.39,-99,-99,0.62,0.54,0.28,0.2,-99,-99,0.23,0.27,-99,-99,-99,0.28,0.32,-99,0.33,-99,0.09,-99
23/02/2026,19,0.2,0.58,0.41,0.4,-99,0.17,-99,-99,0.23,0.37,-99,0.3,0.38,-99,-99,0.5,0.63,0.26,0.3,-99,-99,0.29,0.24,-99,-99,-99,0.33,0.32,-99,0.4,-99,0.15,-99
23/02/2026,20,0.15,0.68,0.35,0.39,-99,0.23,-99,-99,0.3,0.32,-99,0.3,0.38,-99,-99,0.56,0.63,0.34,0.37,-99,-99,0.38,0.38,-99,-99,-99,0.28,0.3,-99,0.42,-99,0.26,-99
23/02/2026,21,0.14,0.76,0.37,0.39,-99,0.26,-99,-99,0.33,0.3,-99,0.31,0.39,-99,-99,0.75,0.53,0.28,0.4,-99,-99,0.31,0.33,-99,-99,-99,0.35,0.28,-99,0.42,-99,0.27,-99
23/02/2026,22,0.1,0.48,0.41,0.39,-99,0.22,-99,-99,0.3,0.33,-99,0.22,0.33,-99,-99,0.65,0.46,0.35,0.38,-99,-99,0.31,0.36,-99,-99,-99,0.35,0.27,-99,0.49,-99,0.23,-99
23/02/2026,23,0.07,0.58,0.41,0.42,-99,0.25,-99,-99,0.38,0.29,-99,0.18,0.43,-99,-99,0.43,0.39,0.27,0.42,-99,-99,0.32,0.3,-99,-99,-99,0.47,0.26,-99,0.47,-99,0.26,-99
23/02/2026,24,0.09,0.61,0.69,0.43,-99,0.21,-99,-99,0.29,0.29,-99,0.2,0.38,-99,-99,0.16,0.36,0.27,0.49,-99,-99,0.32,0.25,-99,-99,-99,0.39,0.25,-99,0.44,-99,0.21,-99
24/02/2026,1,0.07,0.58,0.39,0.45,-99,0.21,-99,-99,0.25,0.35,-99,0.19,0.27,-99,-99,0.12,0.34,0.27,0.62,-99,-99,0.29,0.22,-99,-99,-99,0.35,0.23,-99,0.49,-99,0.2,-99
24/02/2026,2,0.06,0.5,0.48,0.48,-99,0.22,-99,-99,0.39,0.44,-99,0.12,0.24,-99,-99,0.26,0.36,0.28,0.65,-99,-99,0.3,0.17,-99,-99,-99,0.27,0.17,-99,0.46,-99,0.18,-99
24/02/2026,3,0.07,0.44,0.5,0.41,-99,0.23,-99,-99,0.33,0.39,-99,0.1,0.22,-99,-99,0.27,0.43,0.29,0.63,-99,-99,0.32,0.18,-99,-99,-99,0.26,0.48,-99,0.4,-99,0.1,-99
24/02/2026,4,0.09,0.4,0.46,0.4,-99,0.24,-99,-99,0.31,0.34,-99,0.15,0.2,-99,-99,0.22,0.41,0.33,0.56,-99,-99,0.34,0.18,-99,-99,-99,0.27,0.61,-99,0.35,-99,0.11,-99
24/02/2026,5,0.12,0.38,0.5,0.36,-99,0.23,-99,-99,0.34,0.4,-99,0.21,0.13,-99,-99,0.28,0.47,0.37,0.54,-99,-99,0.42,0.19,-99,-99,-99,0.24,0.41,-99,0.3,-99,0.33,-99
24/02/2026,6,0.18,0.54,0.55,0.47,-99,0.26,-99,-99,0.38,0.56,-99,0.34,0.11,-99,-99,0.52,0.75,0.66,0.64,-99,-99,0.44,0.44,-99,-99,-99,0.32,0.52,-99,0.39,-99,0.57,-99
24/02/2026,7,0.45,0.85,1.01,0.73,-99,0.51,-99,-99,0.54,1.47,-99,0.66,0.12,-99,-99,1.2,0.74,1.02,1.23,-99,-99,0.51,0.65,-99,-99,-99,0.44,1.07,-99,0.69,-99,0.77,-99
24/02/2026,8,0.74,1.61,2.15,1.17,-99,0.83,-99,-99,0.98,2.57,-99,1.15,0.11,-99,-99,2.24,1.13,1.33,2.15,-99,-99,0.69,1.17,-99,-99,-99,0.7,1.2,-99,1.44,-99,0.92,-99
24/02/2026,9,0.63,1.49,1.39,1.13,-99,0.78,-99,-99,1.24,1.46,-99,1.17,0.19,-99,-99,1.79,1.2,1.13,1.51,-99,-99,0.77,1.08,-99,-99,-99,1.25,1.7,-99,1.24,-99,1.16,-99
24/02/2026,10,0.3,1.07,1.31,1.45,-99,0.83,-99,-99,1.08,1.19,-99,1.65,0.27,-99,-99,1.97,1.39,1.36,0.93,-99,-99,0.98,0.89,-99,-99,-99,0.71,1.43,-99,0.97,-99,0.79,-99
24/02/2026,11,0.24,1.18,1.28,1.61,-99,1.06,-99,-99,1.46,1.55,-99,1.82,0.23,-99,-99,2.1,1.54,1.51,0.52,-99,-99,1.05,1.01,-99,-99,-99,0.77,1.54,-99,1.17,-99,0.74,-99
24/02/2026,12,0.17,-99,0.79,1.53,-99,1,-99,-99,1.44,1.18,-99,1.52,0.26,-99,-99,1.73,1.46,1.15,0.44,-99,-99,1.03,1.04,-99,-99,-99,0.95,1.21,-99,1,-99,0.69,-99
24/02/2026,13,0.13,-99,0.35,0.85,-99,0.54,-99,-99,0.34,0.4,-99,0.56,0.37,-99,-99,1.1,1.04,0.4,0.38,-99,-99,0.44,0.44,-99,-99,-99,0.4,0.36,-99,0.65,-99,0.25,-99
24/02/2026,14,0.14,-99,0.26,0.26,-99,0.16,-99,-99,0.24,0.36,-99,0.13,0.35,-99,-99,0.68,0.58,0.23,0.36,-99,-99,0.23,0.24,-99,-99,-99,0.38,0.35,-99,0.58,-99,0.13,-99
24/02/2026,15,0.1,-99,0.38,0.24,-99,0.15,-99,-99,0.35,0.32,-99,0.15,0.28,-99,-99,0.55,0.4,0.15,0.23,-99,-99,0.15,0.19,-99,-99,-99,0.45,0.37,-99,0.26,-99,0.07,-99
24/02/2026,16,0.08,0.34,0.34,0.28,-99,0.18,-99,-99,0.25,0.43,-99,0.18,0.23,-99,-99,0.51,0.47,0.26,0.2,-99,-99,0.17,0.21,-99,-99,-99,0.22,0.41,-99,0.21,-99,-99,-99
24/02/2026,17,0.11,0.41,0.38,0.23,-99,0.17,-99,-99,0.22,0.37,-99,0.16,0.23,-99,-99,0.43,0.51,0.18,0.2,-99,-99,0.17,0.28,-99,-99,-99,0.2,0.34,-99,0.19,-99,-99,-99
24/02/2026,18,0.11,0.33,0.42,0.27,-99,0.17,-99,-99,0.23,0.43,-99,0.17,0.27,-99,-99,0.54,0.46,0.24,0.2,-99,-99,0.17,0.22,-99,-99,-99,0.22,0.36,-99,0.2,-99,-99,-99
24/02/2026,19,0.28,0.45,0.5,0.41,-99,0.24,-99,-99,0.39,0.46,-99,0.33,0.32,-99,-99,0.73,0.7,0.31,0.23,-99,-99,0.33,0.33,-99,-99,-99,0.37,0.44,-99,0.33,-99,0.26,-99
24/02/2026,20,0.28,0.56,0.51,0.56,-99,0.41,-99,-99,0.85,0.65,-99,0.43,0.34,-99,-99,0.39,0.64,0.47,0.38,-99,-99,0.62,0.55,-99,-99,-99,0.66,0.53,-99,0.5,-99,0.6,-99
24/02/2026,21,0.16,0.55,0.83,0.66,-99,0.57,-99,-99,0.73,1.09,-99,0.52,0.41,-99,-99,0.48,0.58,0.53,0.56,-99,-99,0.92,0.56,-99,-99,-99,0.63,0.65,-99,0.51,-99,0.68,-99
24/02/2026,22,0.1,0.57,0.88,0.79,-99,1.06,-99,-99,0.81,2.6,-99,0.64,0.43,-99,-99,0.76,0.9,0.87,0.61,-99,-99,0.77,0.8,-99,-99,-99,0.58,0.79,-99,0.58,-99,0.53,-99
24/02/2026,23,0.23,0.55,1.06,1.19,-99,0.89,-99,-99,0.76,1.83,-99,1.19,0.45,-99,-99,0.74,1.16,0.67,0.89,-99,-99,0.57,1.09,-99,-99,-99,0.35,0.85,-99,1.13,-99,0.88,-99
24/02/2026,24,0.21,0.47,1.07,1.41,-99,0.45,-99,-99,0.47,0.89,-99,1.2,0.4,-99,-99,0.85,1.45,0.6,0.59,-99,-99,0.41,1.38,-99,-99,-99,0.35,1.01,-99,1.87,-99,1.11,-99
25/02/2026,1,0.21,0.44,0.37,0.97,-99,0.35,-99,-99,0.28,0.59,-99,1.27,0.4,-99,-99,0.73,1.75,0.86,1.21,-99,1.92,0.34,1.35,-99,-99,-99,0.65,0.55,-99,1.6,-99,1.29,-99
25/02/2026,2,0.23,0.22,0.21,0.77,-99,0.25,-99,-99,0.16,0.3,-99,0.99,0.37,-99,-99,1.64,1.62,0.79,1.02,-99,1.5,0.27,0.94,-99,-99,-99,0.65,0.29,-99,1.31,-99,1.05,-99
25/02/2026,3,0.27,0.19,0.34,0.68,-99,0.12,-99,-99,0.14,0.24,-99,0.68,0.32,-99,-99,1.14,1.38,0.64,0.83,-99,0.9,0.12,0.41,-99,-99,-99,0.59,0.19,-99,0.79,-99,0.84,-99
25/02/2026,4,0.24,0.17,0.3,0.59,-99,0.28,-99,-99,0.11,0.19,-99,0.7,0.25,-99,-99,1.06,1.87,0.5,0.7,-99,1.27,0.09,0.41,-99,-99,-99,0.54,0.18,-99,0.49,-99,0.76,-99
25/02/2026,5,0.27,0.13,0.23,0.62,-99,0.28,-99,-99,0.14,0.3,-99,0.34,0.18,-99,-99,1.14,1.44,0.51,0.69,-99,1.53,0.29,0.54,-99,-99,-99,0.4,0.33,-99,0.54,-99,0.72,-99
25/02/2026,6,0.3,0.14,0.56,0.67,-99,0.31,-99,-99,0.32,0.6,-99,0.81,0.16,-99,-99,1.32,1.65,0.56,1.02,-99,1.26,0.46,0.82,-99,-99,-99,0.45,0.66,-99,0.63,-99,0.97,-99
25/02/2026,7,0.64,0.18,1.65,0.88,-99,0.49,-99,-99,0.56,1.57,-99,0.78,0.14,-99,-99,2.27,1.49,1.24,1.57,-99,1.93,0.93,1.32,-99,-99,-99,0.85,1.22,-99,1.05,-99,1.75,-99
25/02/2026,8,0.92,0.28,2.15,1.22,-99,1.22,-99,-99,1.21,3.8,-99,1.6,0.13,-99,-99,2.75,2.46,2.77,2.82,-99,2.74,1.61,1.96,-99,-99,-99,2.37,1.63,-99,1.22,-99,2.05,-99
25/02/2026,9,0.78,0.95,1.2,1.42,-99,1.15,-99,-99,1.58,2.24,-99,1.45,0.23,-99,-99,3.05,2.33,1.77,2.2,-99,2.4,1.33,1.62,-99,-99,-99,2.23,1.9,-99,1.07,-99,1.79,-99
25/02/2026,10,0.61,0.94,1.04,1.42,-99,1.34,-99,-99,2.44,2.19,-99,1.53,0.27,-99,-99,1.93,1.69,1.29,1.18,-99,2.14,1.35,1.82,-99,-99,-99,0.81,1.15,-99,0.81,-99,1.46,-99
25/02/2026,11,0.41,0.57,-99,-99,-99,0.98,-99,-99,1.95,-99,-99,1.53,0.25,-99,-99,1.6,1.9,1.03,1.11,-99,1.55,0.96,1.22,-99,-99,-99,0.57,0.87,-99,0.7,-99,0.91,-99
25/02/2026,12,0.24,0.47,-99,-99,-99,0.5,-99,-99,0.93,-99,-99,0.72,0.32,-99,-99,1.2,1.01,0.48,0.55,-99,0.85,0.46,0.71,-99,-99,-99,0.3,0.59,-99,0.36,-99,0.43,-99
25/02/2026,13,0.15,0.42,-99,-99,-99,0.21,-99,-99,0.28,-99,-99,0.24,0.34,-99,-99,0.47,0.61,-99,0.35,-99,0.46,0.21,0.27,-99,-99,-99,0.47,0.36,-99,0.52,-99,0.1,-99
25/02/2026,14,0.15,0.37,0.13,-99,-99,0.15,-99,-99,0.28,0.33,-99,0.16,0.32,-99,-99,0.44,0.37,-99,0.27,-99,0.28,0.18,0.21,-99,-99,-99,0.32,0.33,-99,0.35,-99,0.1,-99
25/02/2026,15,0.11,0.36,0.15,-99,-99,0.15,-99,-99,0.29,0.35,-99,0.27,0.32,-99,-99,0.48,0.41,-99,0.23,-99,0.25,0.12,0.27,-99,-99,-99,0.23,0.3,-99,0.24,-99,0.09,-99
25/02/2026,16,0.13,0.31,0.13,-99,-99,0.15,-99,-99,0.29,0.36,-99,0.21,0.28,-99,-99,0.38,0.47,-99,0.22,-99,0.26,0.11,0.24,-99,-99,-99,0.18,0.31,-99,0.24,-99,0.09,-99
25/02/2026,17,0.14,0.32,0.19,-99,-99,0.17,-99,-99,0.26,0.43,-99,0.2,0.32,-99,-99,0.48,0.37,0.23,0.2,-99,0.3,0.13,0.25,-99,-99,-99,0.22,0.33,-99,0.24,-99,0.09,-99
25/02/2026,18,0.19,0.36,0.28,-99,-99,0.17,-99,-99,0.31,0.39,-99,0.24,0.33,-99,-99,0.68,0.57,0.27,0.23,-99,0.39,0.16,0.3,-99,-99,-99,0.29,0.47,-99,0.24,-99,0.12,-99
25/02/2026,19,0.32,0.52,0.47,-99,-99,0.3,-99,-99,0.61,0.58,-99,0.4,0.35,-99,-99,0.52,0.51,0.49,0.25,-99,0.83,0.32,0.44,-99,-99,-99,0.56,0.61,-99,0.35,-99,0.44,-99
25/02/2026,20,0.67,0.58,0.7,-99,-99,0.64,-99,-99,1.21,1.33,-99,0.74,0.38,-99,-99,0.51,0.97,0.71,0.54,-99,1.27,0.84,1.05,-99,-99,-99,0.55,1.07,-99,0.7,-99,1.69,-99
25/02/2026,21,0.14,0.42,0.6,-99,-99,1.23,-99,-99,1.4,1.61,-99,1.46,0.39,-99,-99,0.44,1.89,0.81,0.67,-99,0.77,1.06,1.42,-99,-99,-99,1.07,1.5,-99,0.83,-99,1.29,-99
25/02/2026,22,0.41,0.57,0.79,-99,-99,1.31,-99,-99,0.83,2.16,-99,1.15,0.38,-99,-99,0.4,1.14,0.96,1.1,-99,0.85,1.08,0.78,-99,-99,-99,0.95,1.18,-99,0.93,-99,0.74,-99
25/02/2026,23,0.48,0.57,0.96,-99,-99,1.97,-99,-99,0.77,1.43,-99,1.26,0.39,-99,-99,0.83,1.5,0.76,1.17,-99,1.27,1.11,1.03,-99,-99,-99,1.55,1.08,-99,1.05,-99,0.9,-99
25/02/2026,24,0.47,0.47,0.6,-99,-99,0.81,-99,-99,0.43,0.75,-99,1.33,0.39,-99,-99,0.71,2.14,0.59,1.47,-99,1.41,0.52,0.87,-99,-99,-99,0.81,0.83,-99,1.22,-99,1.94,-99
26/02/2026,1,0.29,0.5,0.23,-99,-99,0.47,-99,-99,0.25,0.67,-99,1.18,0.49,-99,-99,0.95,1.77,0.41,1.04,-99,1.3,0.35,0.79,-99,-99,-99,1.05,0.72,-99,1.32,-99,1.64,-99
26/02/2026,2,0.46,0.49,0.4,-99,-99,0.37,-99,-99,0.22,0.47,-99,1.17,0.47,-99,-99,1.19,1.69,0.65,0.74,-99,1.16,0.31,0.55,-99,-99,-99,0.86,0.55,-99,0.93,-99,1.3,-99
26/02/2026,3,0.28,0.34,0.3,-99,-99,0.69,-99,-99,0.15,0.32,-99,1.48,0.39,-99,-99,1.4,1.78,0.57,0.73,-99,0.75,0.66,0.66,-99,-99,-99,0.72,0.33,-99,0.84,-99,1.3,-99
26/02/2026,4,0.26,0.28,0.26,-99,-99,0.69,-99,-99,0.15,0.29,-99,0.99,0.31,-99,-99,1.5,1.73,0.54,0.6,-99,0.96,0.49,0.56,-99,-99,-99,0.43,0.37,-99,0.67,-99,0.99,-99
26/02/2026,5,0.24,0.51,0.19,-99,-99,0.66,-99,-99,0.17,0.34,-99,0.81,0.26,-99,-99,1.41,1.45,0.73,0.69,-99,0.76,0.18,0.64,-99,-99,-99,0.54,0.16,-99,0.65,-99,1.17,-99
26/02/2026,6,0.32,0.42,0.47,-99,-99,0.61,-99,-99,0.22,0.45,-99,0.87,0.24,-99,-99,1.41,0.97,1.14,0.77,-99,1.04,0.3,0.87,-99,-99,-99,0.64,0.51,-99,0.91,-99,1.26,-99
26/02/2026,7,0.5,0.25,1.39,-99,-99,0.8,-99,-99,0.5,1.89,-99,1.35,0.23,-99,-99,2.6,1.66,2.53,1.57,-99,1.38,0.62,1.47,-99,-99,-99,0.67,1.12,-99,1.25,-99,2.03,-99
26/02/2026,8,0.94,0.38,1.79,-99,-99,1.63,-99,-99,0.98,5.16,-99,1.87,0.22,-99,-99,3.61,2.82,2.58,2.29,-99,1.98,1.26,1.43,-99,-99,-99,1.35,1.91,-99,1.31,-99,2.68,-99
26/02/2026,9,0.87,0.86,1.99,-99,-99,2.06,-99,-99,1.29,2.28,-99,3.1,0.28,-99,-99,3.72,1.32,2.5,2.45,-99,2.2,1.12,1.2,-99,-99,-99,1.56,2.16,-99,1.42,-99,2.41,-99
26/02/2026,10,0.73,1.52,1.42,-99,-99,1.35,-99,-99,2.11,2.34,-99,2.51,0.32,-99,-99,2.61,1.45,1.76,1,-99,2.37,1.56,0.86,-99,-99,-99,0.95,1.65,-99,1.13,-99,2.01,-99
26/02/2026,11,0.33,0.93,1.17,-99,-99,0.79,-99,-99,1.27,1.84,-99,1.58,0.31,-99,-99,1.16,1.32,1.73,0.74,-99,1.58,0.78,0.71,-99,-99,-99,0.58,1.38,-99,0.8,-99,1.39,-99
26/02/2026,12,0.36,0.52,0.82,-99,-99,0.52,-99,-99,0.59,1,-99,0.69,-99,-99,-99,0.91,0.74,0.9,0.45,-99,0.78,0.45,0.5,-99,-99,-99,0.31,0.87,-99,0.66,-99,0.66,-99
26/02/2026,13,0.23,0.41,-99,-99,-99,0.36,-99,-99,0.4,0.65,-99,0.57,-99,-99,-99,0.7,0.77,0.48,0.36,-99,0.55,0.41,0.4,-99,-99,-99,0.44,0.56,-99,0.42,-99,-99,-99
26/02/2026,14,0.16,0.43,-99,-99,-99,0.33,-99,-99,0.3,0.36,-99,0.6,-99,-99,-99,0.42,0.67,0.27,0.38,-99,0.33,0.3,0.29,-99,-99,-99,0.29,0.32,-99,0.48,-99,0.27,-99
26/02/2026,15,0.16,0.52,-99,-99,-99,0.31,-99,-99,0.29,0.38,-99,0.36,-99,-99,-99,0.48,0.39,0.21,0.29,-99,0.34,0.26,0.26,-99,-99,-99,0.34,0.36,-99,0.42,-99,0.26,-99
26/02/2026,16,0.12,0.43,0.19,-99,-99,0.22,-99,-99,0.24,0.32,-99,0.25,0.2,-99,-99,0.44,0.32,0.2,0.25,-99,0.31,0.26,0.24,-99,-99,-99,0.21,0.34,-99,0.27,-99,0.13,-99
26/02/2026,17,0.11,0.39,0.16,-99,-99,0.17,-99,-99,0.25,0.28,-99,0.26,0.23,-99,-99,0.49,0.48,0.23,0.23,-99,0.36,0.17,0.24,-99,-99,-99,0.2,0.34,-99,0.25,-99,0.12,-99
26/02/2026,18,0.19,0.35,0.24,-99,-99,0.19,-99,-99,0.3,0.28,-99,0.27,0.24,-99,-99,0.56,0.64,0.26,0.32,-99,0.33,0.19,0.33,-99,-99,-99,0.3,0.48,-99,0.28,-99,0.15,-99
26/02/2026,19,0.21,0.5,0.41,-99,-99,0.31,-99,-99,0.41,0.53,-99,0.35,0.27,-99,-99,1.06,0.77,0.66,0.55,-99,0.56,0.37,0.61,-99,-99,-99,0.47,0.6,-99,0.44,-99,0.36,-99
26/02/2026,20,0.22,0.71,0.63,-99,-99,0.56,-99,-99,0.82,0.9,-99,0.88,0.27,-99,-99,0.49,0.83,0.96,0.61,-99,0.56,0.63,0.59,-99,-99,-99,0.32,0.71,-99,0.73,-99,0.48,-99
26/02/2026,21,0.44,0.9,0.52,-99,-99,0.59,-99,-99,0.51,1.18,-99,0.96,0.28,-99,-99,0.57,0.82,0.87,0.75,-99,0.6,0.72,0.62,-99,-99,-99,0.46,0.5,-99,0.94,-99,0.41,-99
26/02/2026,22,0.8,0.77,1.01,-99,-99,1.12,-99,-99,1.02,2.42,-99,0.9,0.33,-99,-99,0.95,0.91,0.66,0.9,-99,0.83,1.05,0.78,-99,-99,-99,0.67,0.81,-99,1.25,-99,0.93,-99
26/02/2026,23,0.92,0.51,1.29,-99,-99,1.12,-99,-99,0.95,1.83,-99,1.02,0.46,-99,-99,0.89,1.18,0.8,1.65,-99,1.41,0.97,0.96,-99,-99,-99,0.95,0.95,-99,1.18,-99,2.03,-99
26/02/2026,24,0.69,0.42,1.18,-99,-99,0.46,-99,-99,0.46,1.43,-99,1.65,0.36,-99,-99,0.77,1.78,1.14,1.4,-99,0.87,0.45,1.11,-99,-99,-99,1.16,1.18,-99,1.23,-99,2.13,-99
27/02/2026,1,0.51,0.35,0.71,-99,-99,0.27,-99,-99,0.35,0.71,-99,2.16,0.25,-99,-99,1.1,2.25,0.69,0.86,-99,0.6,0.32,1.15,-99,-99,-99,0.87,0.87,-99,1.12,-99,1.23,-99
27/02/2026,2,0.51,0.37,0.67,-99,-99,0.3,-99,-99,0.3,0.65,-99,1.69,0.23,-99,-99,1.29,1.65,0.45,0.84,-99,0.8,0.24,0.99,-99,-99,-99,0.7,0.5,-99,0.98,-99,1.46,-99
27/02/2026,3,0.58,0.37,0.92,-99,-99,0.36,-99,-99,0.24,0.43,-99,1.12,0.22,-99,-99,1.59,1.57,0.72,0.78,-99,0.83,0.17,0.77,-99,-99,-99,0.62,0.63,-99,0.89,-99,1.41,-99
27/02/2026,4,1.34,0.3,1.17,-99,-99,0.28,-99,-99,0.19,0.37,-99,1.37,0.18,-99,-99,1.47,1.23,1.02,0.77,-99,1.02,0.17,0.72,-99,-99,-99,0.63,0.42,-99,0.7,-99,1.27,-99
27/02/2026,5,0.74,0.31,0.98,-99,-99,0.37,-99,-99,0.18,0.43,-99,1.11,0.16,-99,-99,1.44,1.11,1.21,0.62,-99,0.87,0.19,0.81,-99,-99,-99,0.54,0.52,-99,0.72,-99,0.76,-99
27/02/2026,6,0.93,0.31,0.61,-99,-99,0.56,-99,-99,0.21,0.73,-99,1.27,0.12,-99,-99,1.65,1.46,1.68,0.89,-99,0.9,0.33,1.03,-99,-99,-99,0.79,0.66,-99,0.77,-99,1.15,-99
27/02/2026,7,0.74,0.33,1.31,-99,-99,0.78,-99,-99,0.42,1.64,-99,1.55,0.1,-99,-99,2.3,1.66,2.51,1.31,-99,1.32,1,1.54,-99,-99,-99,1.22,1.01,-99,1.02,-99,1.49,-99
27/02/2026,8,0.86,0.49,1.22,-99,-99,1.37,-99,-99,0.62,3.51,-99,1.47,0.12,-99,-99,2.92,2.05,1.45,2.03,-99,1.44,1.02,2,-99,-99,-99,1.31,1.85,-99,2.04,-99,1.81,-99
27/02/2026,9,0.92,0.71,0.67,-99,-99,1.28,-99,-99,0.76,2.65,-99,2.96,0.2,-99,-99,3.73,2.29,1.82,1.91,-99,1.43,1.31,1.48,-99,-99,-99,1.45,2.03,-99,2.16,-99,1.65,-99
27/02/2026,10,0.55,0.75,0.67,-99,-99,0.93,-99,-99,0.81,1.82,-99,2.68,0.28,-99,-99,2.46,2.16,1.46,0.91,-99,1.61,1.01,1.19,-99,-99,-99,1.04,1.55,-99,1.59,-99,1.12,-99
27/02/2026,11,0.37,0.89,0.76,-99,-99,1.07,-99,-99,0.8,1.06,-99,2.1,0.2,-99,-99,2.15,1.9,1.11,0.7,-99,0.93,1.11,1.05,-99,-99,-99,0.92,0.76,-99,1.34,-99,0.8,-99
27/02/2026,12,0.18,0.77,0.42,-99,-99,0.86,-99,-99,0.38,0.61,-99,1.19,0.27,-99,-99,0.78,1.11,0.64,0.49,-99,0.6,0.78,0.42,-99,-99,-99,0.65,0.42,-99,-99,-99,0.32,-99
27/02/2026,13,0.09,0.67,0.32,-99,-99,0.45,-99,-99,0.29,0.49,-99,0.39,0.32,-99,-99,0.46,0.49,0.53,0.26,-99,0.4,0.46,0.29,-99,-99,-99,0.34,0.33,-99,-99,-99,0.13,-99
27/02/2026,14,0.1,0.43,0.23,-99,-99,0.18,-99,-99,0.24,0.31,-99,0.25,0.35,-99,-99,0.35,0.4,0.23,0.21,-99,0.29,0.2,0.18,-99,-99,-99,0.26,0.24,-99,-99,-99,0.11,-99
27/02/2026,15,0.14,0.3,0.21,-99,-99,0.11,-99,-99,0.21,0.27,-99,0.2,0.24,-99,-99,0.36,0.38,0.2,0.21,-99,0.28,0.12,0.2,-99,-99,-99,0.16,0.24,-99,0.11,-99,0.11,-99
27/02/2026,16,0.1,0.3,0.2,-99,-99,0.1,-99,-99,0.24,0.32,-99,0.2,0.22,-99,-99,0.27,0.43,0.21,0.22,-99,0.34,0.13,0.24,-99,-99,-99,0.14,0.29,-99,0.12,-99,0.11,-99
27/02/2026,17,0.08,0.34,0.25,-99,-99,0.15,-99,-99,0.27,0.33,-99,0.23,0.21,-99,-99,0.29,0.32,0.31,0.24,-99,0.38,0.13,0.23,-99,-99,-99,0.17,0.25,-99,0.12,-99,0.15,-99
27/02/2026,18,0.11,0.36,0.29,-99,-99,0.22,-99,-99,0.28,0.35,-99,0.27,0.22,-99,-99,0.45,0.34,0.33,0.29,-99,0.41,0.17,0.27,-99,-99,-99,0.23,0.31,-99,0.15,-99,0.19,-99
27/02/2026,19,0.13,0.52,0.4,-99,-99,0.22,-99,-99,0.36,0.42,-99,0.36,0.23,-99,-99,0.47,0.37,0.36,0.32,-99,0.48,0.21,0.36,-99,-99,-99,0.27,0.36,-99,0.18,-99,-99,-99
27/02/2026,20,0.19,0.47,0.43,-99,-99,0.28,-99,-99,0.41,0.4,-99,0.42,0.27,-99,-99,0.36,0.43,0.42,0.3,-99,0.63,-99,0.45,-99,-99,-99,0.33,0.33,-99,0.28,-99,0.29,-99
27/02/2026,21,0.21,0.44,0.53,-99,-99,0.31,-99,-99,0.49,0.49,-99,0.47,0.29,-99,-99,0.44,0.51,0.51,0.32,-99,0.64,0.28,0.52,-99,-99,-99,0.45,0.59,-99,0.36,-99,0.53,-99
27/02/2026,22,0.22,0.56,0.53,-99,-99,0.43,-99,-99,0.48,0.48,-99,0.5,0.37,-99,-99,0.82,0.6,0.52,0.36,-99,0.72,0.6,0.38,-99,-99,-99,0.51,0.65,-99,0.51,-99,0.39,-99
27/02/2026,23,0.25,0.48,0.75,-99,-99,0.53,-99,-99,0.43,0.31,-99,0.7,0.35,-99,-99,0.97,0.76,0.43,0.45,-99,0.76,0.75,0.44,-99,-99,-99,0.55,0.46,-99,0.56,-99,0.59,-99
27/02/2026,24,0.29,0.36,1.16,-99,-99,0.46,-99,-99,0.38,0.41,-99,0.61,0.22,-99,-99,0.85,0.69,0.32,0.61,-99,0.72,0.5,0.58,-99,-99,-99,0.55,0.41,-99,0.53,-99,0.48,-99
28/02/2026,1,0.22,0.27,1.31,-99,-99,0.48,-99,-99,0.41,0.4,-99,0.52,0.18,-99,-99,0.92,0.57,0.23,0.92,-99,0.86,0.51,0.57,-99,-99,-99,0.42,0.39,0.43,0.36,-99,0.33,-99
28/02/2026,2,0.24,0.22,0.52,-99,-99,0.36,-99,-99,0.41,0.42,-99,0.52,0.16,-99,-99,0.4,0.56,0.27,1.09,-99,0.66,0.52,0.36,-99,-99,-99,0.4,0.34,0.43,0.34,-99,0.35,-99
28/02/2026,3,0.2,0.2,0.2,-99,-99,0.32,-99,-99,0.26,0.34,-99,0.44,0.14,-99,-99,0.7,0.49,0.26,1.13,-99,0.66,0.25,0.26,-99,-99,-99,0.42,0.22,0.33,0.66,-99,0.42,-99
28/02/2026,4,0.3,0.18,0.19,-99,-99,0.27,-99,-99,0.22,0.24,-99,0.41,0.13,-99,-99,0.9,0.4,0.22,0.98,-99,0.39,0.12,0.22,-99,-99,-99,0.48,0.17,0.37,0.67,-99,0.49,-99
28/02/2026,5,0.49,0.16,0.17,-99,-99,0.25,-99,-99,0.11,0.18,-99,0.38,0.08,-99,-99,0.49,0.41,0.15,0.93,-99,0.38,0.17,0.44,-99,-99,-99,0.53,0.22,0.24,0.53,-99,0.44,-99
28/02/2026,6,0.7,0.16,0.17,-99,-99,0.23,-99,-99,0.13,0.34,-99,0.33,0.07,-99,-99,0.61,0.68,0.31,1.15,-99,0.54,0.17,0.78,-99,-99,-99,0.39,0.47,0.51,0.53,-99,0.78,-99
28/02/2026,7,0.78,0.17,0.23,-99,-99,0.32,-99,-99,0.22,0.95,-99,0.4,0.05,-99,-99,1.09,1.24,0.76,1.07,-99,0.52,0.25,1.13,-99,-99,-99,0.78,0.67,0.35,0.79,-99,1.61,-99
28/02/2026,8,1.59,0.22,0.88,-99,-99,0.79,-99,-99,0.38,1.32,-99,1.37,0.04,-99,-99,1.48,1.88,0.85,2.25,-99,0.58,0.35,0.89,-99,-99,-99,0.99,1.24,0.61,1.06,-99,2.6,-99
28/02/2026,9,1.21,0.71,0.74,-99,-99,1.11,-99,-99,0.78,1.31,-99,1.08,0.08,-99,-99,1.77,1.6,1.41,1.45,-99,1.55,0.76,0.89,-99,-99,-99,-99,1.34,1.11,1.26,-99,1.39,-99
28/02/2026,10,0.7,0.59,0.49,-99,-99,0.68,-99,-99,1.12,1.31,-99,0.93,0.13,-99,-99,2.15,1.44,1.1,0.78,-99,1.48,0.83,0.77,-99,-99,-99,0.43,0.63,1.32,0.78,-99,1,-99
28/02/2026,11,0.46,0.39,0.43,-99,-99,0.56,-99,-99,0.88,0.82,-99,0.83,0.13,-99,-99,1.09,1.29,0.86,0.67,-99,1.58,0.45,0.79,-99,-99,-99,0.3,0.49,0.7,0.59,-99,0.7,-99
28/02/2026,12,0.37,0.2,0.39,-99,-99,0.18,-99,-99,0.64,0.5,-99,0.59,0.17,-99,-99,0.67,0.73,0.45,0.68,-99,1.09,0.15,0.53,-99,-99,-99,0.16,0.3,0.56,0.31,-99,0.5,-99
28/02/2026,13,0.17,0.29,0.41,-99,-99,0.26,-99,-99,0.42,0.44,-99,0.33,0.21,-99,-99,0.54,0.38,0.36,0.41,-99,0.39,0.23,0.32,-99,-99,-99,0.31,0.46,0.31,0.28,-99,0.37,-99
28/02/2026,14,0.17,0.33,0.26,-99,-99,0.23,-99,-99,0.27,0.36,-99,0.3,0.23,-99,-99,0.42,0.33,0.39,0.28,-99,0.3,0.23,0.29,-99,-99,-99,0.12,0.23,0.18,0.15,-99,0.19,-99
28/02/2026,15,0.14,0.37,0.29,-99,-99,0.25,-99,-99,0.28,0.28,-99,0.23,0.25,-99,-99,0.57,-99,0.22,0.26,-99,0.33,0.3,0.24,-99,-99,-99,0.13,0.26,0.14,0.14,-99,0.17,-99
28/02/2026,16,0.14,0.25,0.25,-99,-99,0.18,-99,-99,0.24,0.28,-99,0.2,0.21,-99,-99,0.56,0.32,0.19,0.21,-99,0.32,0.17,0.26,-99,-99,-99,0.18,0.32,0.13,0.14,-99,0.17,-99
28/02/2026,17,0.14,0.26,0.29,-99,-99,0.17,-99,-99,0.22,0.28,-99,0.23,-99,-99,-99,0.46,0.35,0.28,0.21,-99,0.32,0.18,0.25,-99,-99,-99,0.18,0.2,0.14,0.15,-99,0.18,-99
28/02/2026,18,0.1,0.29,0.3,-99,-99,0.17,-99,-99,0.27,0.26,-99,0.24,0.17,-99,-99,0.62,0.35,0.24,0.27,-99,0.37,0.19,0.28,-99,-99,-99,0.27,0.28,0.13,0.18,-99,0.23,-99
28/02/2026,19,0.12,0.31,0.38,-99,-99,0.24,-99,-99,0.27,0.34,-99,0.32,0.16,-99,-99,0.59,0.36,0.25,0.31,-99,0.37,0.22,0.34,-99,-99,-99,0.35,0.28,0.23,0.27,-99,0.31,-99
28/02/2026,20,0.18,0.29,0.47,-99,-99,0.23,-99,-99,0.39,0.35,-99,0.37,0.2,-99,-99,0.5,0.36,0.34,0.65,-99,0.52,0.21,0.47,-99,-99,-99,0.6,0.32,0.24,0.44,-99,0.35,-99
28/02/2026,21,0.25,0.34,0.47,-99,-99,0.27,-99,-99,0.47,0.5,-99,0.39,0.22,-99,-99,0.27,0.4,0.4,0.46,-99,0.9,0.25,0.58,-99,-99,-99,0.62,0.45,0.34,0.43,-99,0.49,-99
28/02/2026,22,0.41,0.49,0.57,-99,-99,0.45,-99,-99,0.6,0.84,-99,0.5,0.3,-99,-99,0.49,0.55,0.47,0.62,-99,1,0.36,0.77,-99,-99,-99,0.56,0.54,0.53,0.56,-99,0.69,-99
28/02/2026,23,0.45,0.52,0.72,-99,-99,0.51,-99,-99,0.74,1.01,-99,0.8,0.22,-99,-99,0.54,0.99,0.61,0.88,-99,0.9,0.7,1.13,-99,-99,-99,0.42,0.79,0.6,0.8,-99,1.1,-99
28/02/2026,24,0.49,0.4,0.47,-99,-99,0.44,-99,-99,0.56,0.63,-99,0.98,0.2,-99,-99,0.47,1.15,0.49,1.41,-99,1.16,0.44,0.99,-99,-99,-99,0.49,0.75,0.56,1.3,-99,0.9,-99
